{
  "family": "contraction_2d",
  "run_name": "contraction_single_mlp_geometry_sparse5_strict_20260503",
  "split_name": "val_dense",
  "eval_cases": [
    "C-val"
  ],
  "checkpoint_epoch": 1183,
  "feature_mode": "geometry",
  "feature_cols": [
    "x_star",
    "y_star",
    "beta",
    "lc_over_w",
    "wall_distance_frac",
    "region_id_norm",
    "eta_norm_star",
    "axial_frac_star",
    "segment_id_norm",
    "center_proximity_star",
    "wall_proximity_star",
    "half_width_ratio_star",
    "inv_half_width_ratio_star",
    "contraction_rate_star"
  ],
  "eval_total_loss": 0.35203951597213745,
  "eval_loss_u": 0.016375668346881866,
  "eval_loss_v": 0.26638349890708923,
  "eval_loss_p": 0.06928035616874695,
  "summary": {
    "num_cases": 1,
    "mean_rel_l2_u": 0.0407932884991169,
    "max_rel_l2_u": 0.0407932884991169,
    "mean_rel_l2_v": 0.5358026623725891,
    "max_rel_l2_v": 0.5358026623725891,
    "mean_rel_l2_p": 0.07531755417585373,
    "max_rel_l2_p": 0.07531755417585373,
    "mean_rel_l2_speed": 0.04109278693795204,
    "max_rel_l2_speed": 0.04109278693795204,
    "mean_mae_u": 0.03733871877193451,
    "max_mae_u": 0.03733871877193451,
    "mean_mae_v": 0.0021881337743252516,
    "max_mae_v": 0.0021881337743252516,
    "mean_mae_p": 56.046043395996094,
    "max_mae_p": 56.046043395996094,
    "mean_pressure_drop_rel_error": 0.07609119953654904,
    "max_pressure_drop_rel_error": 0.07609119953654904,
    "mean_wall_max_abs_u_pred": 0.23329389095306396,
    "max_wall_max_abs_u_pred": 0.23329389095306396,
    "mean_wall_max_abs_v_pred": 0.04862990602850914,
    "max_wall_max_abs_v_pred": 0.04862990602850914
  },
  "case_metrics": [
    {
      "case_id": "C-val",
      "num_points": 1689,
      "rel_l2_u": 0.0407932884991169,
      "rel_l2_v": 0.5358026623725891,
      "rel_l2_p": 0.07531755417585373,
      "rel_l2_speed": 0.04109278693795204,
      "mae_u": 0.03733871877193451,
      "mae_v": 0.0021881337743252516,
      "mae_p": 56.046043395996094,
      "wall_max_abs_u_pred": 0.23329389095306396,
      "wall_max_abs_v_pred": 0.04862990602850914,
      "pressure_drop_truth": 1069.1700439453125,
      "pressure_drop_pred": 987.8156127929688,
      "pressure_drop_rel_error": 0.07609119953654904,
      "inlet_flux_truth": 0.9993339531855148,
      "inlet_flux_pred": 0.999408166185266,
      "outlet_flux_truth": 0.9985914423065942,
      "outlet_flux_pred": 0.9840419511526672
    }
  ]
}