{
  "family": "contraction_2d",
  "run_name": "contraction_independent_geometry_uniform1clean_stagepde_v4_ratecheck_20260502",
  "split_name": "test",
  "eval_cases": [
    "C-test-1",
    "C-test-2"
  ],
  "eval_source": "dense",
  "feature_mode": "geometry",
  "feature_cols": [
    "x_star",
    "y_star",
    "beta",
    "lc_over_w",
    "wall_distance_frac",
    "region_id_norm",
    "eta_norm_star",
    "axial_frac_star",
    "segment_id_norm",
    "center_proximity_star",
    "wall_proximity_star",
    "half_width_ratio_star",
    "inv_half_width_ratio_star",
    "contraction_rate_star"
  ],
  "summary": {
    "num_cases": 2,
    "mean_rel_l2_u": 0.06331709027290344,
    "max_rel_l2_u": 0.09516949206590652,
    "mean_rel_l2_v": 0.36383742094039917,
    "max_rel_l2_v": 0.4206942021846771,
    "mean_rel_l2_p": 0.22191578336060047,
    "max_rel_l2_p": 0.3816814124584198,
    "mean_rel_l2_speed": 0.06332279369235039,
    "max_rel_l2_speed": 0.09517572820186615,
    "mean_mae_u": 0.06641602143645287,
    "max_mae_u": 0.09998295456171036,
    "mean_mae_v": 0.0026841333019547164,
    "max_mae_v": 0.003738296451047063,
    "mean_mae_p": 299.85676765441895,
    "max_mae_p": 576.4962158203125,
    "mean_pressure_drop_rel_error": 0.22352669289488636,
    "max_pressure_drop_rel_error": 0.40578650490963497,
    "mean_wall_max_abs_u_pred": 5.688467535946984e-05,
    "max_wall_max_abs_u_pred": 6.633876182604581e-05,
    "mean_wall_max_abs_v_pred": 2.2284522174231824e-06,
    "max_wall_max_abs_v_pred": 2.3836346372263506e-06
  },
  "global_metrics": {
    "rel_l2_u": 0.07410253584384918,
    "rel_l2_v": 0.3860413730144501,
    "rel_l2_p": 0.36276012659072876,
    "rel_l2_speed": 0.0741085335612297,
    "max_speed_err_over_speed_max": 0.1506786346435547,
    "max_p_err_over_p_range": 0.4655628204345703,
    "p95_speed_err_over_speed_max": 0.09511049836874008,
    "p95_p_err_over_p_range": 0.4043346345424652
  },
  "case_metrics": [
    {
      "case_id": "C-test-1",
      "num_points": 1900,
      "rel_l2_u": 0.03146468847990036,
      "rel_l2_v": 0.3069806396961212,
      "rel_l2_p": 0.06215015426278114,
      "rel_l2_speed": 0.031469859182834625,
      "mae_u": 0.032849088311195374,
      "mae_v": 0.00162997015286237,
      "mae_p": 23.21731948852539,
      "wall_max_abs_u_pred": 4.7430588892893866e-05,
      "wall_max_abs_v_pred": 2.0732697976200143e-06,
      "pressure_drop_truth": 638.3499755859375,
      "pressure_drop_pred": 664.6926879882812,
      "pressure_drop_rel_error": 0.041266880880137725,
      "inlet_flux_truth": 0.9993342202681574,
      "inlet_flux_pred": 0.9888188657805245,
      "outlet_flux_truth": 0.9985988031622166,
      "outlet_flux_pred": 0.9751361781855412
    },
    {
      "case_id": "C-test-2",
      "num_points": 1545,
      "rel_l2_u": 0.09516949206590652,
      "rel_l2_v": 0.4206942021846771,
      "rel_l2_p": 0.3816814124584198,
      "rel_l2_speed": 0.09517572820186615,
      "mae_u": 0.09998295456171036,
      "mae_v": 0.003738296451047063,
      "mae_p": 576.4962158203125,
      "wall_max_abs_u_pred": 6.633876182604581e-05,
      "wall_max_abs_v_pred": 2.3836346372263506e-06,
      "pressure_drop_truth": 1957.869873046875,
      "pressure_drop_pred": 1163.3927001953125,
      "pressure_drop_rel_error": 0.40578650490963497,
      "inlet_flux_truth": 0.9993339531855148,
      "inlet_flux_pred": 0.9807464452498924,
      "outlet_flux_truth": 0.9985859180816705,
      "outlet_flux_pred": 0.8965947277872157
    }
  ],
  "source_run_config": "/root/dev/pinn-platform-v4/model/results/pinn/contraction_independent_geometry_uniform1clean_stagepde_v4_ratecheck_20260502/config.json"
}