{
  "family": "contraction_2d",
  "run_name": "contraction_independent_geometry_uniform1clean_stagepde_v4_ratecheck_20260502",
  "split_name": "val",
  "eval_cases": [
    "C-val"
  ],
  "eval_source": "dense",
  "feature_mode": "geometry",
  "feature_cols": [
    "x_star",
    "y_star",
    "beta",
    "lc_over_w",
    "wall_distance_frac",
    "region_id_norm",
    "eta_norm_star",
    "axial_frac_star",
    "segment_id_norm",
    "center_proximity_star",
    "wall_proximity_star",
    "half_width_ratio_star",
    "inv_half_width_ratio_star",
    "contraction_rate_star"
  ],
  "summary": {
    "num_cases": 1,
    "mean_rel_l2_u": 0.05744499713182449,
    "max_rel_l2_u": 0.05744499713182449,
    "mean_rel_l2_v": 0.35404133796691895,
    "max_rel_l2_v": 0.35404133796691895,
    "mean_rel_l2_p": 0.1721464991569519,
    "max_rel_l2_p": 0.1721464991569519,
    "mean_rel_l2_speed": 0.05744704231619835,
    "max_rel_l2_speed": 0.05744704231619835,
    "mean_mae_u": 0.0613228902220726,
    "max_mae_u": 0.0613228902220726,
    "mean_mae_v": 0.002440966432914138,
    "max_mae_v": 0.002440966432914138,
    "mean_mae_p": 131.39833068847656,
    "max_mae_p": 131.39833068847656,
    "mean_pressure_drop_rel_error": 0.14625950532736745,
    "max_pressure_drop_rel_error": 0.14625950532736745,
    "mean_wall_max_abs_u_pred": 3.871119042742066e-05,
    "max_wall_max_abs_u_pred": 3.871119042742066e-05,
    "mean_wall_max_abs_v_pred": 1.9072938357567182e-06,
    "max_wall_max_abs_v_pred": 1.9072938357567182e-06
  },
  "global_metrics": {
    "rel_l2_u": 0.05744499713182449,
    "rel_l2_v": 0.35404133796691895,
    "rel_l2_p": 0.1721464991569519,
    "rel_l2_speed": 0.05744704231619835,
    "max_speed_err_over_speed_max": 0.1092076301574707,
    "max_p_err_over_p_range": 0.27458277344703674,
    "p95_speed_err_over_speed_max": 0.05973626673221588,
    "p95_p_err_over_p_range": 0.21514423191547394
  },
  "case_metrics": [
    {
      "case_id": "C-val",
      "num_points": 1689,
      "rel_l2_u": 0.05744499713182449,
      "rel_l2_v": 0.35404133796691895,
      "rel_l2_p": 0.1721464991569519,
      "rel_l2_speed": 0.05744704231619835,
      "mae_u": 0.0613228902220726,
      "mae_v": 0.002440966432914138,
      "mae_p": 131.39833068847656,
      "wall_max_abs_u_pred": 3.871119042742066e-05,
      "wall_max_abs_v_pred": 1.9072938357567182e-06,
      "pressure_drop_truth": 1069.1700439453125,
      "pressure_drop_pred": 912.7937622070312,
      "pressure_drop_rel_error": 0.14625950532736745,
      "inlet_flux_truth": 0.9993339531855148,
      "inlet_flux_pred": 0.987659216143547,
      "outlet_flux_truth": 0.9985914423065942,
      "outlet_flux_pred": 0.9468487042595666
    }
  ],
  "source_run_config": "/root/dev/pinn-platform-v4/model/results/pinn/contraction_independent_geometry_uniform1clean_stagepde_v4_ratecheck_20260502/config.json"
}