{
  "速度阶段验证指标": {
    "rel_l2_u": 0.025109849870204926,
    "rel_l2_v": 0.08708491921424866,
    "rel_l2_p": 0.7103986144065857,
    "rel_l2_speed": 0.02511180005967617,
    "max_speed_err_over_speed_max": 0.08444132655858994,
    "max_p_err_over_p_range": 0.7714226841926575,
    "p95_speed_err_over_speed_max": 0.021523648872971535,
    "p95_p_err_over_p_range": 0.7363949418067932
  },
  "压力阶段验证指标": {
    "rel_l2_u": 0.025109849870204926,
    "rel_l2_v": 0.08708491921424866,
    "rel_l2_p": 0.1921267956495285,
    "rel_l2_speed": 0.02511180005967617,
    "max_speed_err_over_speed_max": 0.08444132655858994,
    "max_p_err_over_p_range": 0.34706953167915344,
    "p95_speed_err_over_speed_max": 0.021523648872971535,
    "p95_p_err_over_p_range": 0.2722013294696808
  },
  "最终训练指标": {
    "rel_l2_u": 0.01744461990892887,
    "rel_l2_v": 0.056352127343416214,
    "rel_l2_p": 0.06026378646492958,
    "rel_l2_speed": 0.01744372956454754,
    "max_speed_err_over_speed_max": 0.06287530809640884,
    "max_p_err_over_p_range": 0.15241985023021698,
    "p95_speed_err_over_speed_max": 0.015869004651904106,
    "p95_p_err_over_p_range": 0.04641444981098175
  },
  "最终验证指标": {
    "rel_l2_u": 0.02285291999578476,
    "rel_l2_v": 0.08364862948656082,
    "rel_l2_p": 0.11870130896568298,
    "rel_l2_speed": 0.02285476215183735,
    "max_speed_err_over_speed_max": 0.07487937062978745,
    "max_p_err_over_p_range": 0.1815660148859024,
    "p95_speed_err_over_speed_max": 0.022505680099129677,
    "p95_p_err_over_p_range": 0.14356425404548645
  },
  "训练工况指标": [
    {
      "case_id": "C-base",
      "num_points": 2113,
      "rel_l2_u": 0.01704998128116131,
      "rel_l2_v": 0.04997969791293144,
      "rel_l2_p": 0.05770020931959152,
      "rel_l2_speed": 0.017048818990588188,
      "mae_u": 0.015275423415005207,
      "mae_v": 0.0002752448199316859,
      "mae_p": 13.091285705566406,
      "wall_max_abs_u_pred": 1.551491004647687e-05,
      "wall_max_abs_v_pred": 7.312247021218354e-07,
      "pressure_drop_truth": 415.0580139160156,
      "pressure_drop_pred": 442.6181945800781,
      "pressure_drop_rel_error": 0.06640079155209147,
      "inlet_flux_truth": 0.9993344694501207,
      "inlet_flux_pred": 1.0000989163779221,
      "outlet_flux_truth": 0.9986057934544448,
      "outlet_flux_pred": 1.000876252529428
    },
    {
      "case_id": "C-train-1",
      "num_points": 2339,
      "rel_l2_u": 0.017443815246224403,
      "rel_l2_v": 0.10376124829053879,
      "rel_l2_p": 0.07700035721063614,
      "rel_l2_speed": 0.017444096505641937,
      "mae_u": 0.014918292872607708,
      "mae_v": 0.0002538584521971643,
      "mae_p": 10.19974422454834,
      "wall_max_abs_u_pred": 8.716777301742695e-06,
      "wall_max_abs_v_pred": 1.763540211641157e-07,
      "pressure_drop_truth": 266.37799072265625,
      "pressure_drop_pred": 249.7775115966797,
      "pressure_drop_rel_error": 0.06231925948889808,
      "inlet_flux_truth": 0.9993344694501207,
      "inlet_flux_pred": 0.9980289134012947,
      "outlet_flux_truth": 0.9987080622554707,
      "outlet_flux_pred": 0.9935679933911253
    },
    {
      "case_id": "C-train-2",
      "num_points": 2113,
      "rel_l2_u": 0.01704998128116131,
      "rel_l2_v": 0.04997969791293144,
      "rel_l2_p": 0.05770020931959152,
      "rel_l2_speed": 0.017048818990588188,
      "mae_u": 0.015275423415005207,
      "mae_v": 0.0002752448199316859,
      "mae_p": 13.091285705566406,
      "wall_max_abs_u_pred": 1.551491004647687e-05,
      "wall_max_abs_v_pred": 7.312247021218354e-07,
      "pressure_drop_truth": 415.0580139160156,
      "pressure_drop_pred": 442.6181945800781,
      "pressure_drop_rel_error": 0.06640079155209147,
      "inlet_flux_truth": 0.9993344694501207,
      "inlet_flux_pred": 1.0000989163779221,
      "outlet_flux_truth": 0.9986057934544448,
      "outlet_flux_pred": 1.000876252529428
    },
    {
      "case_id": "C-train-3",
      "num_points": 1843,
      "rel_l2_u": 0.0212587621062994,
      "rel_l2_v": 0.04719063267111778,
      "rel_l2_p": 0.06453089416027069,
      "rel_l2_speed": 0.02125648409128189,
      "mae_u": 0.021748622879385948,
      "mae_v": 0.00046843301970511675,
      "mae_p": 38.986083984375,
      "wall_max_abs_u_pred": 7.938497583381832e-05,
      "wall_max_abs_v_pred": 2.8892693535453873e-06,
      "pressure_drop_truth": 985.2530517578125,
      "pressure_drop_pred": 975.119873046875,
      "pressure_drop_rel_error": 0.010284848844526443,
      "inlet_flux_truth": 0.9993344694501207,
      "inlet_flux_pred": 0.9942276721291723,
      "outlet_flux_truth": 0.9985955240666415,
      "outlet_flux_pred": 1.0049642641397454
    },
    {
      "case_id": "C-train-4",
      "num_points": 2176,
      "rel_l2_u": 0.015751436352729797,
      "rel_l2_v": 0.15099793672561646,
      "rel_l2_p": 0.044359900057315826,
      "rel_l2_speed": 0.015751533210277557,
      "mae_u": 0.013242386281490326,
      "mae_v": 0.00034349667839705944,
      "mae_p": 7.039774417877197,
      "wall_max_abs_u_pred": 5.102291652292479e-06,
      "wall_max_abs_v_pred": 1.4100409373440925e-07,
      "pressure_drop_truth": 297.37701416015625,
      "pressure_drop_pred": 283.3930358886719,
      "pressure_drop_rel_error": 0.047024408766015366,
      "inlet_flux_truth": 0.9993339531855148,
      "inlet_flux_pred": 0.9994095622174466,
      "outlet_flux_truth": 0.998607746543279,
      "outlet_flux_pred": 1.002963675113376
    },
    {
      "case_id": "C-train-5",
      "num_points": 1914,
      "rel_l2_u": 0.013429002836346626,
      "rel_l2_v": 0.059922631829977036,
      "rel_l2_p": 0.03354491665959358,
      "rel_l2_speed": 0.013428405858576298,
      "mae_u": 0.011857311241328716,
      "mae_v": 0.00026200388674624264,
      "mae_p": 8.104110717773438,
      "wall_max_abs_u_pred": 6.8486356212815735e-06,
      "wall_max_abs_v_pred": 4.517201546150318e-07,
      "pressure_drop_truth": 458.4859924316406,
      "pressure_drop_pred": 471.27471923828125,
      "pressure_drop_rel_error": 0.02789338609629905,
      "inlet_flux_truth": 0.9993339531855148,
      "inlet_flux_pred": 0.9987284713773261,
      "outlet_flux_truth": 0.9986025291565177,
      "outlet_flux_pred": 1.0031711308692484
    }
  ],
  "验证工况指标": [
    {
      "case_id": "C-val",
      "num_points": 1689,
      "rel_l2_u": 0.02285291999578476,
      "rel_l2_v": 0.08364862948656082,
      "rel_l2_p": 0.11870130896568298,
      "rel_l2_speed": 0.02285476215183735,
      "mae_u": 0.02358599565923214,
      "mae_v": 0.0006714416085742414,
      "mae_p": 91.8741455078125,
      "wall_max_abs_u_pred": 4.1569692257326096e-05,
      "wall_max_abs_v_pred": 1.3112063470543944e-06,
      "pressure_drop_truth": 1069.1700439453125,
      "pressure_drop_pred": 954.832275390625,
      "pressure_drop_rel_error": 0.10694067721236653,
      "inlet_flux_truth": 0.9993339531855148,
      "inlet_flux_pred": 0.9907808955974191,
      "outlet_flux_truth": 0.9985914423065942,
      "outlet_flux_pred": 1.0045268413208603
    }
  ]
}