{
  "速度阶段验证指标": {
    "rel_l2_u": 0.030109016224741936,
    "rel_l2_v": 0.1336645632982254,
    "rel_l2_p": 0.7103986144065857,
    "rel_l2_speed": 0.030096720904111862,
    "max_speed_err_over_speed_max": 0.10315221548080444,
    "max_p_err_over_p_range": 0.7714226841926575,
    "p95_speed_err_over_speed_max": 0.03170726075768471,
    "p95_p_err_over_p_range": 0.7363949418067932
  },
  "压力阶段验证指标": {
    "rel_l2_u": 0.030109016224741936,
    "rel_l2_v": 0.1336645632982254,
    "rel_l2_p": 0.2236223816871643,
    "rel_l2_speed": 0.030096720904111862,
    "max_speed_err_over_speed_max": 0.10315221548080444,
    "max_p_err_over_p_range": 0.4042874574661255,
    "p95_speed_err_over_speed_max": 0.03170726075768471,
    "p95_p_err_over_p_range": 0.32414209842681885
  },
  "最终训练指标": {
    "rel_l2_u": 0.016009191051125526,
    "rel_l2_v": 0.09288064390420914,
    "rel_l2_p": 0.06654373556375504,
    "rel_l2_speed": 0.016006622463464737,
    "max_speed_err_over_speed_max": 0.06886053085327148,
    "max_p_err_over_p_range": 0.18724098801612854,
    "p95_speed_err_over_speed_max": 0.012609205208718777,
    "p95_p_err_over_p_range": 0.04522164538502693
  },
  "最终验证指标": {
    "rel_l2_u": 0.02339106984436512,
    "rel_l2_v": 0.08476715534925461,
    "rel_l2_p": 0.11988795548677444,
    "rel_l2_speed": 0.023380670696496964,
    "max_speed_err_over_speed_max": 0.07530570030212402,
    "max_p_err_over_p_range": 0.20877577364444733,
    "p95_speed_err_over_speed_max": 0.027728378772735596,
    "p95_p_err_over_p_range": 0.1406077891588211
  },
  "训练工况指标": [
    {
      "case_id": "C-base",
      "num_points": 2113,
      "rel_l2_u": 0.01503373309969902,
      "rel_l2_v": 0.051006484776735306,
      "rel_l2_p": 0.05666454881429672,
      "rel_l2_speed": 0.01503035519272089,
      "mae_u": 0.01383525412529707,
      "mae_v": 0.0002509155892767012,
      "mae_p": 13.922602653503418,
      "wall_max_abs_u_pred": 1.4536343769577798e-05,
      "wall_max_abs_v_pred": 7.657134233340912e-07,
      "pressure_drop_truth": 415.0580139160156,
      "pressure_drop_pred": 441.786865234375,
      "pressure_drop_rel_error": 0.06439786830321922,
      "inlet_flux_truth": 0.9993344694501207,
      "inlet_flux_pred": 1.0017451792241991,
      "outlet_flux_truth": 0.9986057934544448,
      "outlet_flux_pred": 0.9980451746689198
    },
    {
      "case_id": "C-train-1",
      "num_points": 2339,
      "rel_l2_u": 0.014311771839857101,
      "rel_l2_v": 0.08677316457033157,
      "rel_l2_p": 0.07821588218212128,
      "rel_l2_speed": 0.014311480335891247,
      "mae_u": 0.012720397673547268,
      "mae_v": 0.00022999390785116702,
      "mae_p": 10.699504852294922,
      "wall_max_abs_u_pred": 7.1974668571783695e-06,
      "wall_max_abs_v_pred": 1.7792470430322282e-07,
      "pressure_drop_truth": 266.37799072265625,
      "pressure_drop_pred": 247.86927795410156,
      "pressure_drop_rel_error": 0.06948289052838927,
      "inlet_flux_truth": 0.9993344694501207,
      "inlet_flux_pred": 1.0022167223566398,
      "outlet_flux_truth": 0.9987080622554707,
      "outlet_flux_pred": 0.9956373094056027
    },
    {
      "case_id": "C-train-2",
      "num_points": 2113,
      "rel_l2_u": 0.01503373309969902,
      "rel_l2_v": 0.051006484776735306,
      "rel_l2_p": 0.05666454881429672,
      "rel_l2_speed": 0.01503035519272089,
      "mae_u": 0.01383525412529707,
      "mae_v": 0.0002509155892767012,
      "mae_p": 13.922602653503418,
      "wall_max_abs_u_pred": 1.4536343769577798e-05,
      "wall_max_abs_v_pred": 7.657134233340912e-07,
      "pressure_drop_truth": 415.0580139160156,
      "pressure_drop_pred": 441.786865234375,
      "pressure_drop_rel_error": 0.06439786830321922,
      "inlet_flux_truth": 0.9993344694501207,
      "inlet_flux_pred": 1.0017451792241991,
      "outlet_flux_truth": 0.9986057934544448,
      "outlet_flux_pred": 0.9980451746689198
    },
    {
      "case_id": "C-train-3",
      "num_points": 1843,
      "rel_l2_u": 0.021033765748143196,
      "rel_l2_v": 0.11296524107456207,
      "rel_l2_p": 0.07407370209693909,
      "rel_l2_speed": 0.021028684452176094,
      "mae_u": 0.018310973420739174,
      "mae_v": 0.0008080260595306754,
      "mae_p": 42.839256286621094,
      "wall_max_abs_u_pred": 7.510220166295767e-05,
      "wall_max_abs_v_pred": 3.119109351246152e-06,
      "pressure_drop_truth": 985.2530517578125,
      "pressure_drop_pred": 983.4453125,
      "pressure_drop_rel_error": 0.0018347969129222884,
      "inlet_flux_truth": 0.9993344694501207,
      "inlet_flux_pred": 0.9955233631821281,
      "outlet_flux_truth": 0.9985955240666415,
      "outlet_flux_pred": 1.0044862633116711
    },
    {
      "case_id": "C-train-4",
      "num_points": 2176,
      "rel_l2_u": 0.012623734772205353,
      "rel_l2_v": 0.1329764723777771,
      "rel_l2_p": 0.04834069311618805,
      "rel_l2_speed": 0.012623772025108337,
      "mae_u": 0.010767292231321335,
      "mae_v": 0.0002876483486033976,
      "mae_p": 8.220072746276855,
      "wall_max_abs_u_pred": 4.394932602735935e-06,
      "wall_max_abs_v_pred": 1.3763524009391404e-07,
      "pressure_drop_truth": 297.37701416015625,
      "pressure_drop_pred": 282.72589111328125,
      "pressure_drop_rel_error": 0.04926783964205249,
      "inlet_flux_truth": 0.9993339531855148,
      "inlet_flux_pred": 0.9940438567806993,
      "outlet_flux_truth": 0.998607746543279,
      "outlet_flux_pred": 1.0023538082685128
    },
    {
      "case_id": "C-train-5",
      "num_points": 1914,
      "rel_l2_u": 0.014332388527691364,
      "rel_l2_v": 0.06886709481477737,
      "rel_l2_p": 0.03266573324799538,
      "rel_l2_speed": 0.0143310921266675,
      "mae_u": 0.012630795128643513,
      "mae_v": 0.0003019095747731626,
      "mae_p": 8.123794555664062,
      "wall_max_abs_u_pred": 6.7015207605436444e-06,
      "wall_max_abs_v_pred": 4.584505575166986e-07,
      "pressure_drop_truth": 458.4859924316406,
      "pressure_drop_pred": 473.282470703125,
      "pressure_drop_rel_error": 0.032272476184079864,
      "inlet_flux_truth": 0.9993339531855148,
      "inlet_flux_pred": 0.9957937329073252,
      "outlet_flux_truth": 0.9986025291565177,
      "outlet_flux_pred": 1.0109294885685243
    }
  ],
  "验证工况指标": [
    {
      "case_id": "C-val",
      "num_points": 1689,
      "rel_l2_u": 0.02339106984436512,
      "rel_l2_v": 0.08476715534925461,
      "rel_l2_p": 0.11988795548677444,
      "rel_l2_speed": 0.023380670696496964,
      "mae_u": 0.022193608805537224,
      "mae_v": 0.0007497610640712082,
      "mae_p": 95.0226058959961,
      "wall_max_abs_u_pred": 4.034138692077249e-05,
      "wall_max_abs_v_pred": 1.358708232146455e-06,
      "pressure_drop_truth": 1069.1700439453125,
      "pressure_drop_pred": 966.9168090820312,
      "pressure_drop_rel_error": 0.09563795342222604,
      "inlet_flux_truth": 0.9993339531855148,
      "inlet_flux_pred": 0.9950342380849976,
      "outlet_flux_truth": 0.9985914423065942,
      "outlet_flux_pred": 1.025526513377652
    }
  ]
}