{
  "family": "contraction_2d",
  "run_name": "contraction_independent_geometry_sparse5noise3_stagepde_v4",
  "split_name": "test",
  "eval_cases": [
    "C-test-1",
    "C-test-2"
  ],
  "eval_source": "dense",
  "feature_mode": "geometry",
  "feature_cols": [
    "x_star",
    "y_star",
    "beta",
    "lc_over_w",
    "wall_distance_frac",
    "region_id_norm",
    "eta_norm_star",
    "axial_frac_star",
    "segment_id_norm",
    "center_proximity_star",
    "wall_proximity_star",
    "half_width_ratio_star",
    "inv_half_width_ratio_star",
    "contraction_rate_star"
  ],
  "summary": {
    "num_cases": 2,
    "mean_rel_l2_u": 0.03272922057658434,
    "max_rel_l2_u": 0.04527059197425842,
    "mean_rel_l2_v": 0.08905087783932686,
    "max_rel_l2_v": 0.10855967551469803,
    "mean_rel_l2_p": 0.19276614487171173,
    "max_rel_l2_p": 0.3309573829174042,
    "mean_rel_l2_speed": 0.032726943492889404,
    "max_rel_l2_speed": 0.045267254114151,
    "mean_mae_u": 0.03388929273933172,
    "max_mae_u": 0.047852929681539536,
    "mean_mae_v": 0.0009151122503681108,
    "max_mae_v": 0.0013440167531371117,
    "mean_mae_p": 265.3648633956909,
    "max_mae_p": 508.6168212890625,
    "mean_pressure_drop_rel_error": 0.19988930486666567,
    "max_pressure_drop_rel_error": 0.34642010316188093,
    "mean_wall_max_abs_u_pred": 6.264442708925344e-05,
    "max_wall_max_abs_u_pred": 7.727671618340537e-05,
    "mean_wall_max_abs_v_pred": 1.2747296409543196e-06,
    "max_wall_max_abs_v_pred": 1.4446217164731934e-06
  },
  "global_metrics": {
    "rel_l2_u": 0.03638196364045143,
    "rel_l2_v": 0.09714663773775101,
    "rel_l2_p": 0.31456243991851807,
    "rel_l2_speed": 0.036379583179950714,
    "max_speed_err_over_speed_max": 0.09661051630973816,
    "max_p_err_over_p_range": 0.37559837102890015,
    "p95_speed_err_over_speed_max": 0.03892294690012932,
    "p95_p_err_over_p_range": 0.3412601351737976
  },
  "case_metrics": [
    {
      "case_id": "C-test-1",
      "num_points": 1900,
      "rel_l2_u": 0.020187849178910255,
      "rel_l2_v": 0.06954208016395569,
      "rel_l2_p": 0.05457490682601929,
      "rel_l2_speed": 0.020186632871627808,
      "mae_u": 0.01992565579712391,
      "mae_v": 0.00048620774759911,
      "mae_p": 22.112905502319336,
      "wall_max_abs_u_pred": 4.801213799510151e-05,
      "wall_max_abs_v_pred": 1.1048375654354459e-06,
      "pressure_drop_truth": 638.3499755859375,
      "pressure_drop_pred": 672.411376953125,
      "pressure_drop_rel_error": 0.053358506571450394,
      "inlet_flux_truth": 0.9993342202681574,
      "inlet_flux_pred": 0.9928349579024971,
      "outlet_flux_truth": 0.9985988031622166,
      "outlet_flux_pred": 0.9838463627633853
    },
    {
      "case_id": "C-test-2",
      "num_points": 1545,
      "rel_l2_u": 0.04527059197425842,
      "rel_l2_v": 0.10855967551469803,
      "rel_l2_p": 0.3309573829174042,
      "rel_l2_speed": 0.045267254114151,
      "mae_u": 0.047852929681539536,
      "mae_v": 0.0013440167531371117,
      "mae_p": 508.6168212890625,
      "wall_max_abs_u_pred": 7.727671618340537e-05,
      "wall_max_abs_v_pred": 1.4446217164731934e-06,
      "pressure_drop_truth": 1957.869873046875,
      "pressure_drop_pred": 1279.6243896484375,
      "pressure_drop_rel_error": 0.34642010316188093,
      "inlet_flux_truth": 0.9993339531855148,
      "inlet_flux_pred": 0.9819163451002272,
      "outlet_flux_truth": 0.9985859180816705,
      "outlet_flux_pred": 0.9728300366163101
    }
  ],
  "source_run_config": "model/results/pinn/contraction_independent_geometry_sparse5noise3_stagepde_v4/config.json"
}