{
  "family": "contraction_2d",
  "run_name": "contraction_independent_geometry_dense_softwall_ablation_v1_20260420",
  "split_name": "ablation_test_dense",
  "eval_cases": [
    "C-test-1",
    "C-test-2"
  ],
  "eval_source": "dense",
  "feature_mode": "geometry",
  "feature_cols": [
    "x_star",
    "y_star",
    "beta",
    "lc_over_w",
    "wall_distance_frac",
    "region_id_norm",
    "eta_norm_star",
    "axial_frac_star",
    "segment_id_norm",
    "center_proximity_star",
    "wall_proximity_star",
    "half_width_ratio_star",
    "inv_half_width_ratio_star",
    "contraction_rate_star"
  ],
  "summary": {
    "num_cases": 2,
    "mean_rel_l2_u": 0.03083339473232627,
    "max_rel_l2_u": 0.04651904106140137,
    "mean_rel_l2_v": 0.0808321088552475,
    "max_rel_l2_v": 0.08699967712163925,
    "mean_rel_l2_p": 0.1843373030424118,
    "max_rel_l2_p": 0.31664949655532837,
    "mean_rel_l2_speed": 0.030832740478217602,
    "max_rel_l2_speed": 0.04651569575071335,
    "mean_mae_u": 0.03683868097141385,
    "max_mae_u": 0.05829741433262825,
    "mean_mae_v": 0.0008411246526520699,
    "max_mae_v": 0.0011128390906378627,
    "mean_mae_p": 251.3424482345581,
    "max_mae_p": 483.15069580078125,
    "mean_pressure_drop_rel_error": 0.19742477064358402,
    "max_pressure_drop_rel_error": 0.3355662213111022,
    "mean_wall_max_abs_u_pred": 0.22106149792671204,
    "max_wall_max_abs_u_pred": 0.3374636769294739,
    "mean_wall_max_abs_v_pred": 0.0028261885745450854,
    "max_wall_max_abs_v_pred": 0.002973014721646905
  },
  "global_metrics": {
    "rel_l2_u": 0.03617818281054497,
    "rel_l2_v": 0.08303748816251755,
    "rel_l2_p": 0.3009600341320038,
    "rel_l2_speed": 0.03617643564939499,
    "max_speed_err_over_speed_max": 0.08999031037092209,
    "max_p_err_over_p_range": 0.3508022427558899,
    "p95_speed_err_over_speed_max": 0.038734156638383865,
    "p95_p_err_over_p_range": 0.32836639881134033
  },
  "case_metrics": [
    {
      "case_id": "C-test-1",
      "num_points": 1900,
      "rel_l2_u": 0.015147748403251171,
      "rel_l2_v": 0.07466454058885574,
      "rel_l2_p": 0.05202510952949524,
      "rel_l2_speed": 0.015149785205721855,
      "mae_u": 0.015379947610199451,
      "mae_v": 0.0005694102146662772,
      "mae_p": 19.53420066833496,
      "wall_max_abs_u_pred": 0.1046593189239502,
      "wall_max_abs_v_pred": 0.002679362427443266,
      "pressure_drop_truth": 638.3499755859375,
      "pressure_drop_pred": 676.1934814453125,
      "pressure_drop_rel_error": 0.059283319976065826,
      "inlet_flux_truth": 0.9993342202681574,
      "inlet_flux_pred": 0.9986478225981928,
      "outlet_flux_truth": 0.9985988031622166,
      "outlet_flux_pred": 0.997733571992945
    },
    {
      "case_id": "C-test-2",
      "num_points": 1545,
      "rel_l2_u": 0.04651904106140137,
      "rel_l2_v": 0.08699967712163925,
      "rel_l2_p": 0.31664949655532837,
      "rel_l2_speed": 0.04651569575071335,
      "mae_u": 0.05829741433262825,
      "mae_v": 0.0011128390906378627,
      "mae_p": 483.15069580078125,
      "wall_max_abs_u_pred": 0.3374636769294739,
      "wall_max_abs_v_pred": 0.002973014721646905,
      "pressure_drop_truth": 1957.869873046875,
      "pressure_drop_pred": 1300.8748779296875,
      "pressure_drop_rel_error": 0.3355662213111022,
      "inlet_flux_truth": 0.9993339531855148,
      "inlet_flux_pred": 1.0033799082535553,
      "outlet_flux_truth": 0.9985859180816705,
      "outlet_flux_pred": 0.9716051312730754
    }
  ],
  "source_run_config": "/root/dev/pinn-platform-v4/model/results/pinn/contraction_independent_geometry_dense_softwall_ablation_v1_20260420/config.json"
}