{
  "速度阶段验证指标": {
    "rel_l2_u": 0.05960429087281227,
    "rel_l2_v": 0.043784309178590775,
    "rel_l2_p": 0.5036401748657227,
    "rel_l2_speed": 0.037511687725782394,
    "max_speed_err_over_speed_max": 0.1614474207162857,
    "max_p_err_over_p_range": 0.5506622791290283,
    "p95_speed_err_over_speed_max": 0.047773730009794235,
    "p95_p_err_over_p_range": 0.5017094612121582
  },
  "压力阶段验证指标": {
    "rel_l2_u": 0.05960429087281227,
    "rel_l2_v": 0.043784309178590775,
    "rel_l2_p": 0.024065574631094933,
    "rel_l2_speed": 0.037511687725782394,
    "max_speed_err_over_speed_max": 0.1614474207162857,
    "max_p_err_over_p_range": 0.04008716717362404,
    "p95_speed_err_over_speed_max": 0.047773730009794235,
    "p95_p_err_over_p_range": 0.026799244806170464
  },
  "最终训练指标": {
    "rel_l2_u": 0.03422827646136284,
    "rel_l2_v": 0.019624391570687294,
    "rel_l2_p": 0.017336519435048103,
    "rel_l2_speed": 0.02121211215853691,
    "max_speed_err_over_speed_max": 0.1521333009004593,
    "max_p_err_over_p_range": 0.0414392352104187,
    "p95_speed_err_over_speed_max": 0.022936949506402016,
    "p95_p_err_over_p_range": 0.019940458238124847
  },
  "最终验证指标": {
    "rel_l2_u": 0.041359301656484604,
    "rel_l2_v": 0.02456609345972538,
    "rel_l2_p": 0.039155151695013046,
    "rel_l2_speed": 0.024808580055832863,
    "max_speed_err_over_speed_max": 0.13950158655643463,
    "max_p_err_over_p_range": 0.055368293076753616,
    "p95_speed_err_over_speed_max": 0.03134112432599068,
    "p95_p_err_over_p_range": 0.040979065001010895
  },
  "训练工况指标": [
    {
      "case_id": "B-base__ip_blunted",
      "num_points": 10493,
      "rel_l2_u": 0.032848939299583435,
      "rel_l2_v": 0.01893787272274494,
      "rel_l2_p": 0.0155909713357687,
      "rel_l2_speed": 0.020607849583029747,
      "mae_u": 0.014436774887144566,
      "mae_v": 0.0100101288408041,
      "mae_p": 1.5998215675354004,
      "wall_max_abs_u_pred": 0.00010681896674213931,
      "wall_max_abs_v_pred": 0.00016817358846310526,
      "pressure_drop_truth": 234.82809448242188,
      "pressure_drop_pred": 224.90699768066406,
      "pressure_drop_rel_error": 0.04224833840101026,
      "inlet_flux_truth": 0.9986742110685451,
      "inlet_flux_pred": 0.9825608399409478,
      "outlet_flux_truth": 0.9992386690341846,
      "outlet_flux_pred": 1.0017515137466262
    },
    {
      "case_id": "B-train-1__ip_blunted",
      "num_points": 10493,
      "rel_l2_u": 0.032848939299583435,
      "rel_l2_v": 0.01893787272274494,
      "rel_l2_p": 0.0155909713357687,
      "rel_l2_speed": 0.020607849583029747,
      "mae_u": 0.014436774887144566,
      "mae_v": 0.0100101288408041,
      "mae_p": 1.5998215675354004,
      "wall_max_abs_u_pred": 0.00010681896674213931,
      "wall_max_abs_v_pred": 0.00016817358846310526,
      "pressure_drop_truth": 234.82809448242188,
      "pressure_drop_pred": 224.90699768066406,
      "pressure_drop_rel_error": 0.04224833840101026,
      "inlet_flux_truth": 0.9986742110685451,
      "inlet_flux_pred": 0.9825608399409478,
      "outlet_flux_truth": 0.9992386690341846,
      "outlet_flux_pred": 1.0017515137466262
    },
    {
      "case_id": "B-train-2__ip_blunted",
      "num_points": 9672,
      "rel_l2_u": 0.03453736752271652,
      "rel_l2_v": 0.0193723663687706,
      "rel_l2_p": 0.014678746461868286,
      "rel_l2_speed": 0.021118782460689545,
      "mae_u": 0.015436273068189621,
      "mae_v": 0.010373535566031933,
      "mae_p": 1.4223518371582031,
      "wall_max_abs_u_pred": 4.029181945952587e-05,
      "wall_max_abs_v_pred": 5.6173099437728524e-05,
      "pressure_drop_truth": 215.9958038330078,
      "pressure_drop_pred": 208.3467559814453,
      "pressure_drop_rel_error": 0.03541294652870271,
      "inlet_flux_truth": 0.9986742110685451,
      "inlet_flux_pred": 0.9856345865033109,
      "outlet_flux_truth": 0.9992260705256228,
      "outlet_flux_pred": 1.0067779189900676
    },
    {
      "case_id": "B-train-3__ip_blunted",
      "num_points": 9126,
      "rel_l2_u": 0.03694590926170349,
      "rel_l2_v": 0.02132146991789341,
      "rel_l2_p": 0.0244442168623209,
      "rel_l2_speed": 0.022622395306825638,
      "mae_u": 0.017246009781956673,
      "mae_v": 0.011920887045562267,
      "mae_p": 2.179234743118286,
      "wall_max_abs_u_pred": 4.9801896238932386e-05,
      "wall_max_abs_v_pred": 6.0051530454074964e-05,
      "pressure_drop_truth": 197.17335510253906,
      "pressure_drop_pred": 194.36431884765625,
      "pressure_drop_rel_error": 0.014246530690832808,
      "inlet_flux_truth": 0.9986742110685451,
      "inlet_flux_pred": 0.9778143789854603,
      "outlet_flux_truth": 0.9992261097282835,
      "outlet_flux_pred": 1.006975592350333
    }
  ],
  "验证工况指标": [
    {
      "case_id": "B-val__ip_blunted",
      "num_points": 8385,
      "rel_l2_u": 0.041359301656484604,
      "rel_l2_v": 0.02456609345972538,
      "rel_l2_p": 0.039155151695013046,
      "rel_l2_speed": 0.024808580055832863,
      "mae_u": 0.019715264439582825,
      "mae_v": 0.01427690964192152,
      "mae_p": 3.623094320297241,
      "wall_max_abs_u_pred": 5.358211274142377e-05,
      "wall_max_abs_v_pred": 6.13246884313412e-05,
      "pressure_drop_truth": 187.7733917236328,
      "pressure_drop_pred": 188.504150390625,
      "pressure_drop_rel_error": 0.0038917051041380945,
      "inlet_flux_truth": 0.9986742110685451,
      "inlet_flux_pred": 0.9700534726605876,
      "outlet_flux_truth": 0.9992261489309442,
      "outlet_flux_pred": 1.0055749781318575
    }
  ]
}