{
  "family": "contraction_2d",
  "run_name": "contraction_strict_geometry_sparse10_stagepde_20260503",
  "split_name": "test_dense",
  "eval_cases": [
    "C-test-1",
    "C-test-2"
  ],
  "eval_source": "dense",
  "feature_mode": "geometry",
  "feature_cols": [
    "x_star",
    "y_star",
    "beta",
    "lc_over_w",
    "wall_distance_frac",
    "region_id_norm",
    "eta_norm_star",
    "axial_frac_star",
    "segment_id_norm",
    "center_proximity_star",
    "wall_proximity_star",
    "half_width_ratio_star",
    "inv_half_width_ratio_star",
    "contraction_rate_star"
  ],
  "summary": {
    "num_cases": 2,
    "mean_rel_l2_u": 0.032027175184339285,
    "max_rel_l2_u": 0.04990104213356972,
    "mean_rel_l2_v": 0.08019109442830086,
    "max_rel_l2_v": 0.09839548170566559,
    "mean_rel_l2_p": 0.15459705516695976,
    "max_rel_l2_p": 0.27863413095474243,
    "mean_rel_l2_speed": 0.03202637331560254,
    "max_rel_l2_speed": 0.04989979788661003,
    "mean_mae_u": 0.030749963596463203,
    "max_mae_u": 0.047686487436294556,
    "mean_mae_v": 0.000779238049290143,
    "max_mae_v": 0.0011040031677111983,
    "mean_mae_p": 216.51491689682007,
    "max_mae_p": 419.4548645019531,
    "mean_pressure_drop_rel_error": 0.21492627765729286,
    "max_pressure_drop_rel_error": 0.38887184695679916,
    "mean_wall_max_abs_u_pred": 5.7927156376536004e-05,
    "max_wall_max_abs_u_pred": 7.003496284596622e-05,
    "mean_wall_max_abs_v_pred": 1.3051483733761415e-06,
    "max_wall_max_abs_v_pred": 1.5229227301460924e-06
  },
  "global_metrics": {
    "rel_l2_u": 0.03844381123781204,
    "rel_l2_v": 0.08780018985271454,
    "rel_l2_p": 0.26461032032966614,
    "rel_l2_speed": 0.03844315931200981,
    "max_speed_err_over_speed_max": 0.09550952911376953,
    "max_p_err_over_p_range": 0.3117518723011017,
    "p95_speed_err_over_speed_max": 0.04844334349036217,
    "p95_p_err_over_p_range": 0.2916075885295868
  },
  "case_metrics": [
    {
      "case_id": "C-test-1",
      "num_points": 1900,
      "rel_l2_u": 0.014153308235108852,
      "rel_l2_v": 0.06198670715093613,
      "rel_l2_p": 0.030559979379177094,
      "rel_l2_speed": 0.01415294874459505,
      "mae_u": 0.013813439756631851,
      "mae_v": 0.0004544729308690876,
      "mae_p": 13.574969291687012,
      "wall_max_abs_u_pred": 4.581934990710579e-05,
      "wall_max_abs_v_pred": 1.0873740166061907e-06,
      "pressure_drop_truth": 638.3499755859375,
      "pressure_drop_pred": 664.510009765625,
      "pressure_drop_rel_error": 0.040980708357786534,
      "inlet_flux_truth": 0.9993342202681574,
      "inlet_flux_pred": 0.9952657804587386,
      "outlet_flux_truth": 0.9985988031622166,
      "outlet_flux_pred": 0.9983412497497788
    },
    {
      "case_id": "C-test-2",
      "num_points": 1545,
      "rel_l2_u": 0.04990104213356972,
      "rel_l2_v": 0.09839548170566559,
      "rel_l2_p": 0.27863413095474243,
      "rel_l2_speed": 0.04989979788661003,
      "mae_u": 0.047686487436294556,
      "mae_v": 0.0011040031677111983,
      "mae_p": 419.4548645019531,
      "wall_max_abs_u_pred": 7.003496284596622e-05,
      "wall_max_abs_v_pred": 1.5229227301460924e-06,
      "pressure_drop_truth": 1957.869873046875,
      "pressure_drop_pred": 1196.5093994140625,
      "pressure_drop_rel_error": 0.38887184695679916,
      "inlet_flux_truth": 0.9993339531855148,
      "inlet_flux_pred": 0.9987689693423145,
      "outlet_flux_truth": 0.9985859180816705,
      "outlet_flux_pred": 0.9679354877766659
    }
  ],
  "source_run_config": "/root/dev/pinn-platform-v4/model/results/pinn/contraction_strict_geometry_sparse10_stagepde_20260503/config.json"
}