{
  "速度阶段验证指标": {
    "rel_l2_u": 0.06335873156785965,
    "rel_l2_v": 0.037337079644203186,
    "rel_l2_p": 0.4981328248977661,
    "rel_l2_speed": 0.03720698133111,
    "max_speed_err_over_speed_max": 0.15774333477020264,
    "max_p_err_over_p_range": 0.5403895974159241,
    "p95_speed_err_over_speed_max": 0.049825817346572876,
    "p95_p_err_over_p_range": 0.49027740955352783
  },
  "压力阶段验证指标": {
    "rel_l2_u": 0.06335873156785965,
    "rel_l2_v": 0.037337079644203186,
    "rel_l2_p": 0.0203551035374403,
    "rel_l2_speed": 0.03720698133111,
    "max_speed_err_over_speed_max": 0.15774333477020264,
    "max_p_err_over_p_range": 0.04703241214156151,
    "p95_speed_err_over_speed_max": 0.049825817346572876,
    "p95_p_err_over_p_range": 0.022850722074508667
  },
  "最终训练指标": {
    "rel_l2_u": 0.03664097934961319,
    "rel_l2_v": 0.02214929088950157,
    "rel_l2_p": 0.009975998662412167,
    "rel_l2_speed": 0.024200517684221268,
    "max_speed_err_over_speed_max": 0.1373213827610016,
    "max_p_err_over_p_range": 0.035786665976047516,
    "p95_speed_err_over_speed_max": 0.029050130397081375,
    "p95_p_err_over_p_range": 0.011429627425968647
  },
  "最终验证指标": {
    "rel_l2_u": 0.045630376785993576,
    "rel_l2_v": 0.025635061785578728,
    "rel_l2_p": 0.022440733388066292,
    "rel_l2_speed": 0.028109142556786537,
    "max_speed_err_over_speed_max": 0.13576491177082062,
    "max_p_err_over_p_range": 0.03844977542757988,
    "p95_speed_err_over_speed_max": 0.036151301115751266,
    "p95_p_err_over_p_range": 0.025153033435344696
  },
  "训练工况指标": [
    {
      "case_id": "B-base__ip_blunted",
      "num_points": 10493,
      "rel_l2_u": 0.03458388149738312,
      "rel_l2_v": 0.021866168826818466,
      "rel_l2_p": 0.008266227319836617,
      "rel_l2_speed": 0.023233065381646156,
      "mae_u": 0.017500003799796104,
      "mae_v": 0.012714480049908161,
      "mae_p": 0.800125777721405,
      "wall_max_abs_u_pred": 0.07076823711395264,
      "wall_max_abs_v_pred": 0.04942351579666138,
      "pressure_drop_truth": 234.82809448242188,
      "pressure_drop_pred": 233.07781982421875,
      "pressure_drop_rel_error": 0.007453429548371755,
      "inlet_flux_truth": 0.9986742110685451,
      "inlet_flux_pred": 0.9936816685992231,
      "outlet_flux_truth": 0.9992386690341846,
      "outlet_flux_pred": 0.9976491307143789
    },
    {
      "case_id": "B-train-1__ip_blunted",
      "num_points": 10493,
      "rel_l2_u": 0.03458388149738312,
      "rel_l2_v": 0.021866168826818466,
      "rel_l2_p": 0.008266227319836617,
      "rel_l2_speed": 0.023233065381646156,
      "mae_u": 0.017500003799796104,
      "mae_v": 0.012714480049908161,
      "mae_p": 0.800125777721405,
      "wall_max_abs_u_pred": 0.07076823711395264,
      "wall_max_abs_v_pred": 0.04942351579666138,
      "pressure_drop_truth": 234.82809448242188,
      "pressure_drop_pred": 233.07781982421875,
      "pressure_drop_rel_error": 0.007453429548371755,
      "inlet_flux_truth": 0.9986742110685451,
      "inlet_flux_pred": 0.9936816685992231,
      "outlet_flux_truth": 0.9992386690341846,
      "outlet_flux_pred": 0.9976491307143789
    },
    {
      "case_id": "B-train-2__ip_blunted",
      "num_points": 9672,
      "rel_l2_u": 0.037385981529951096,
      "rel_l2_v": 0.021924713626503944,
      "rel_l2_p": 0.009644356556236744,
      "rel_l2_speed": 0.024518810212612152,
      "mae_u": 0.018440118059515953,
      "mae_v": 0.012790790759027004,
      "mae_p": 0.878711998462677,
      "wall_max_abs_u_pred": 0.0785563588142395,
      "wall_max_abs_v_pred": 0.04818391799926758,
      "pressure_drop_truth": 215.9958038330078,
      "pressure_drop_pred": 213.73651123046875,
      "pressure_drop_rel_error": 0.010459891175875678,
      "inlet_flux_truth": 0.9986742110685451,
      "inlet_flux_pred": 0.99810273014621,
      "outlet_flux_truth": 0.9992260705256228,
      "outlet_flux_pred": 0.9995071598335272
    },
    {
      "case_id": "B-train-3__ip_blunted",
      "num_points": 9126,
      "rel_l2_u": 0.040322523564100266,
      "rel_l2_v": 0.022995062172412872,
      "rel_l2_p": 0.01449157577008009,
      "rel_l2_speed": 0.025963012129068375,
      "mae_u": 0.020466236397624016,
      "mae_v": 0.013595926575362682,
      "mae_p": 1.303689956665039,
      "wall_max_abs_u_pred": 0.09622043371200562,
      "wall_max_abs_v_pred": 0.06688052415847778,
      "pressure_drop_truth": 197.17335510253906,
      "pressure_drop_pred": 196.40414428710938,
      "pressure_drop_rel_error": 0.0039011904779408923,
      "inlet_flux_truth": 0.9986742110685451,
      "inlet_flux_pred": 0.9891698833671585,
      "outlet_flux_truth": 0.9992261097282835,
      "outlet_flux_pred": 0.9999732778081096
    }
  ],
  "验证工况指标": [
    {
      "case_id": "B-val__ip_blunted",
      "num_points": 8385,
      "rel_l2_u": 0.045630376785993576,
      "rel_l2_v": 0.025635061785578728,
      "rel_l2_p": 0.022440733388066292,
      "rel_l2_speed": 0.028109142556786537,
      "mae_u": 0.023823624476790428,
      "mae_v": 0.015322843566536903,
      "mae_p": 2.0147337913513184,
      "wall_max_abs_u_pred": 0.11019164323806763,
      "wall_max_abs_v_pred": 0.07837319374084473,
      "pressure_drop_truth": 187.7733917236328,
      "pressure_drop_pred": 188.6038360595703,
      "pressure_drop_rel_error": 0.004422587930667801,
      "inlet_flux_truth": 0.9986742110685451,
      "inlet_flux_pred": 0.980139938419283,
      "outlet_flux_truth": 0.9992261489309442,
      "outlet_flux_pred": 0.999228694242575
    }
  ]
}