{
  "family": "contraction_2d",
  "run_name": "contraction_strict_geometry_sparse5noise3_stagepde_20260503",
  "split_name": "test_dense",
  "eval_cases": [
    "C-test-1",
    "C-test-2"
  ],
  "eval_source": "dense",
  "feature_mode": "geometry",
  "feature_cols": [
    "x_star",
    "y_star",
    "beta",
    "lc_over_w",
    "wall_distance_frac",
    "region_id_norm",
    "eta_norm_star",
    "axial_frac_star",
    "segment_id_norm",
    "center_proximity_star",
    "wall_proximity_star",
    "half_width_ratio_star",
    "inv_half_width_ratio_star",
    "contraction_rate_star"
  ],
  "summary": {
    "num_cases": 2,
    "mean_rel_l2_u": 0.03835654444992542,
    "max_rel_l2_u": 0.05886118859052658,
    "mean_rel_l2_v": 0.09693319723010063,
    "max_rel_l2_v": 0.1250120997428894,
    "mean_rel_l2_p": 0.15240700170397758,
    "max_rel_l2_p": 0.27495309710502625,
    "mean_rel_l2_speed": 0.03835456911474466,
    "max_rel_l2_speed": 0.05885868892073631,
    "mean_mae_u": 0.03795076999813318,
    "max_mae_u": 0.05865872651338577,
    "mean_mae_v": 0.001008085411740467,
    "max_mae_v": 0.0015154993161559105,
    "mean_mae_p": 214.19428539276123,
    "max_mae_p": 415.61529541015625,
    "mean_pressure_drop_rel_error": 0.2106972446052079,
    "max_pressure_drop_rel_error": 0.388059071493191,
    "mean_wall_max_abs_u_pred": 5.731671990361065e-05,
    "max_wall_max_abs_u_pred": 6.930143717909232e-05,
    "mean_wall_max_abs_v_pred": 1.2435390885912057e-06,
    "max_wall_max_abs_v_pred": 1.436021761946904e-06
  },
  "global_metrics": {
    "rel_l2_u": 0.04554115980863571,
    "rel_l2_v": 0.10931535065174103,
    "rel_l2_p": 0.26111117005348206,
    "rel_l2_speed": 0.045539457350969315,
    "max_speed_err_over_speed_max": 0.11458517611026764,
    "max_p_err_over_p_range": 0.3093079924583435,
    "p95_speed_err_over_speed_max": 0.05570175498723984,
    "p95_p_err_over_p_range": 0.28485846519470215
  },
  "case_metrics": [
    {
      "case_id": "C-test-1",
      "num_points": 1900,
      "rel_l2_u": 0.017851900309324265,
      "rel_l2_v": 0.06885429471731186,
      "rel_l2_p": 0.029860906302928925,
      "rel_l2_speed": 0.017850449308753014,
      "mae_u": 0.017242813482880592,
      "mae_v": 0.0005006715073250234,
      "mae_p": 12.773275375366211,
      "wall_max_abs_u_pred": 4.5332002628128976e-05,
      "wall_max_abs_v_pred": 1.0510564152355073e-06,
      "pressure_drop_truth": 638.3499755859375,
      "pressure_drop_pred": 659.629638671875,
      "pressure_drop_rel_error": 0.03333541771722478,
      "inlet_flux_truth": 0.9993342202681574,
      "inlet_flux_pred": 0.9943574412758018,
      "outlet_flux_truth": 0.9985988031622166,
      "outlet_flux_pred": 0.9841093757759998
    },
    {
      "case_id": "C-test-2",
      "num_points": 1545,
      "rel_l2_u": 0.05886118859052658,
      "rel_l2_v": 0.1250120997428894,
      "rel_l2_p": 0.27495309710502625,
      "rel_l2_speed": 0.05885868892073631,
      "mae_u": 0.05865872651338577,
      "mae_v": 0.0015154993161559105,
      "mae_p": 415.61529541015625,
      "wall_max_abs_u_pred": 6.930143717909232e-05,
      "wall_max_abs_v_pred": 1.436021761946904e-06,
      "pressure_drop_truth": 1957.869873046875,
      "pressure_drop_pred": 1198.1007080078125,
      "pressure_drop_rel_error": 0.388059071493191,
      "inlet_flux_truth": 0.9993339531855148,
      "inlet_flux_pred": 0.9903951281199409,
      "outlet_flux_truth": 0.9985859180816705,
      "outlet_flux_pred": 0.9475496788208502
    }
  ],
  "source_run_config": "/root/dev/pinn-platform-v4/model/results/pinn/contraction_strict_geometry_sparse5noise3_stagepde_20260503/config.json"
}