{
  "速度阶段验证指标": {
    "rel_l2_u": 0.06235561892390251,
    "rel_l2_v": 0.041082337498664856,
    "rel_l2_p": 0.4981328248977661,
    "rel_l2_speed": 0.03902705758810043,
    "max_speed_err_over_speed_max": 0.1556416153907776,
    "max_p_err_over_p_range": 0.5403895974159241,
    "p95_speed_err_over_speed_max": 0.056789979338645935,
    "p95_p_err_over_p_range": 0.49027740955352783
  },
  "压力阶段验证指标": {
    "rel_l2_u": 0.06235561892390251,
    "rel_l2_v": 0.041082337498664856,
    "rel_l2_p": 0.02292405441403389,
    "rel_l2_speed": 0.03902705758810043,
    "max_speed_err_over_speed_max": 0.1556416153907776,
    "max_p_err_over_p_range": 0.04626806080341339,
    "p95_speed_err_over_speed_max": 0.056789979338645935,
    "p95_p_err_over_p_range": 0.026453165337443352
  },
  "最终训练指标": {
    "rel_l2_u": 0.03736541420221329,
    "rel_l2_v": 0.024020574986934662,
    "rel_l2_p": 0.011773940175771713,
    "rel_l2_speed": 0.025083599612116814,
    "max_speed_err_over_speed_max": 0.15168961882591248,
    "max_p_err_over_p_range": 0.03688385337591171,
    "p95_speed_err_over_speed_max": 0.030824998393654823,
    "p95_p_err_over_p_range": 0.01366366259753704
  },
  "最终验证指标": {
    "rel_l2_u": 0.04570654779672623,
    "rel_l2_v": 0.028736822307109833,
    "rel_l2_p": 0.025833861902356148,
    "rel_l2_speed": 0.029634209349751472,
    "max_speed_err_over_speed_max": 0.13530123233795166,
    "max_p_err_over_p_range": 0.048109352588653564,
    "p95_speed_err_over_speed_max": 0.036780066788196564,
    "p95_p_err_over_p_range": 0.029138581827282906
  },
  "训练工况指标": [
    {
      "case_id": "B-base__ip_blunted",
      "num_points": 10493,
      "rel_l2_u": 0.03528078645467758,
      "rel_l2_v": 0.02337650954723358,
      "rel_l2_p": 0.010009465739130974,
      "rel_l2_speed": 0.023798814043402672,
      "mae_u": 0.016709856688976288,
      "mae_v": 0.01319553516805172,
      "mae_p": 0.9536929130554199,
      "wall_max_abs_u_pred": 0.07254332304000854,
      "wall_max_abs_v_pred": 0.05071234703063965,
      "pressure_drop_truth": 234.82809448242188,
      "pressure_drop_pred": 233.36209106445312,
      "pressure_drop_rel_error": 0.006242879163159423,
      "inlet_flux_truth": 0.9986742110685451,
      "inlet_flux_pred": 0.996493476453876,
      "outlet_flux_truth": 0.9992386690341846,
      "outlet_flux_pred": 1.0012629376888498
    },
    {
      "case_id": "B-train-1__ip_blunted",
      "num_points": 10493,
      "rel_l2_u": 0.03528078645467758,
      "rel_l2_v": 0.02337650954723358,
      "rel_l2_p": 0.010009465739130974,
      "rel_l2_speed": 0.023798814043402672,
      "mae_u": 0.016709856688976288,
      "mae_v": 0.01319553516805172,
      "mae_p": 0.9536929130554199,
      "wall_max_abs_u_pred": 0.07254332304000854,
      "wall_max_abs_v_pred": 0.05071234703063965,
      "pressure_drop_truth": 234.82809448242188,
      "pressure_drop_pred": 233.36209106445312,
      "pressure_drop_rel_error": 0.006242879163159423,
      "inlet_flux_truth": 0.9986742110685451,
      "inlet_flux_pred": 0.996493476453876,
      "outlet_flux_truth": 0.9992386690341846,
      "outlet_flux_pred": 1.0012629376888498
    },
    {
      "case_id": "B-train-2__ip_blunted",
      "num_points": 9672,
      "rel_l2_u": 0.038060519844293594,
      "rel_l2_v": 0.023755958303809166,
      "rel_l2_p": 0.010660791769623756,
      "rel_l2_speed": 0.02543429471552372,
      "mae_u": 0.017928587272763252,
      "mae_v": 0.013301488012075424,
      "mae_p": 0.9355628490447998,
      "wall_max_abs_u_pred": 0.08185601234436035,
      "wall_max_abs_v_pred": 0.05447882413864136,
      "pressure_drop_truth": 215.9958038330078,
      "pressure_drop_pred": 213.966064453125,
      "pressure_drop_rel_error": 0.009397124128633765,
      "inlet_flux_truth": 0.9986742110685451,
      "inlet_flux_pred": 0.9976418965792,
      "outlet_flux_truth": 0.9992260705256228,
      "outlet_flux_pred": 0.9990138568288529
    },
    {
      "case_id": "B-train-3__ip_blunted",
      "num_points": 9126,
      "rel_l2_u": 0.04115734621882439,
      "rel_l2_v": 0.025660749524831772,
      "rel_l2_p": 0.017217271029949188,
      "rel_l2_speed": 0.0274567361921072,
      "mae_u": 0.020014295354485512,
      "mae_v": 0.014469532296061516,
      "mae_p": 1.5176482200622559,
      "wall_max_abs_u_pred": 0.10062593221664429,
      "wall_max_abs_v_pred": 0.057291626930236816,
      "pressure_drop_truth": 197.17335510253906,
      "pressure_drop_pred": 196.61231994628906,
      "pressure_drop_rel_error": 0.00284539032141657,
      "inlet_flux_truth": 0.9986742110685451,
      "inlet_flux_pred": 0.9887797350825172,
      "outlet_flux_truth": 0.9992261097282835,
      "outlet_flux_pred": 0.9968650757974942
    }
  ],
  "验证工况指标": [
    {
      "case_id": "B-val__ip_blunted",
      "num_points": 8385,
      "rel_l2_u": 0.04570654779672623,
      "rel_l2_v": 0.028736822307109833,
      "rel_l2_p": 0.025833861902356148,
      "rel_l2_speed": 0.029634209349751472,
      "mae_u": 0.022877167910337448,
      "mae_v": 0.01650349237024784,
      "mae_p": 2.3125507831573486,
      "wall_max_abs_u_pred": 0.11232197284698486,
      "wall_max_abs_v_pred": 0.06764709949493408,
      "pressure_drop_truth": 187.7733917236328,
      "pressure_drop_pred": 188.807373046875,
      "pressure_drop_rel_error": 0.005506538033695468,
      "inlet_flux_truth": 0.9986742110685451,
      "inlet_flux_pred": 0.9810084416538687,
      "outlet_flux_truth": 0.9992261489309442,
      "outlet_flux_pred": 0.995427751345197
    }
  ]
}