{
  "速度阶段验证指标": {
    "rel_l2_u": 0.0231645405292511,
    "rel_l2_v": 0.09919015318155289,
    "rel_l2_p": 0.6900209784507751,
    "rel_l2_speed": 0.02316347137093544,
    "max_speed_err_over_speed_max": 0.06472102552652359,
    "max_p_err_over_p_range": 0.7544202208518982,
    "p95_speed_err_over_speed_max": 0.021866625174880028,
    "p95_p_err_over_p_range": 0.715904176235199
  },
  "压力阶段验证指标": {
    "rel_l2_u": 0.0231645405292511,
    "rel_l2_v": 0.09919015318155289,
    "rel_l2_p": 0.07721017301082611,
    "rel_l2_speed": 0.02316347137093544,
    "max_speed_err_over_speed_max": 0.06472102552652359,
    "max_p_err_over_p_range": 0.0962471216917038,
    "p95_speed_err_over_speed_max": 0.021866625174880028,
    "p95_p_err_over_p_range": 0.09144050627946854
  },
  "最终训练指标": {
    "rel_l2_u": 0.017451491206884384,
    "rel_l2_v": 0.08587291836738586,
    "rel_l2_p": 0.021781694144010544,
    "rel_l2_speed": 0.017449049279093742,
    "max_speed_err_over_speed_max": 0.07098976522684097,
    "max_p_err_over_p_range": 0.06265493482351303,
    "p95_speed_err_over_speed_max": 0.015201009809970856,
    "p95_p_err_over_p_range": 0.01518925279378891
  },
  "最终验证指标": {
    "rel_l2_u": 0.03208569064736366,
    "rel_l2_v": 0.09887264668941498,
    "rel_l2_p": 0.0725301206111908,
    "rel_l2_speed": 0.03208403289318085,
    "max_speed_err_over_speed_max": 0.07908979803323746,
    "max_p_err_over_p_range": 0.09432952851057053,
    "p95_speed_err_over_speed_max": 0.03768038749694824,
    "p95_p_err_over_p_range": 0.08338270336389542
  },
  "训练工况指标": [
    {
      "case_id": "C-base",
      "num_points": 2113,
      "rel_l2_u": 0.014867975376546383,
      "rel_l2_v": 0.0701257511973381,
      "rel_l2_p": 0.018838776275515556,
      "rel_l2_speed": 0.014866029843688011,
      "mae_u": 0.014347115531563759,
      "mae_v": 0.00035763983032666147,
      "mae_p": 4.400723934173584,
      "wall_max_abs_u_pred": 1.507141951151425e-05,
      "wall_max_abs_v_pred": 7.230680125758226e-07,
      "pressure_drop_truth": 415.0580139160156,
      "pressure_drop_pred": 427.21881103515625,
      "pressure_drop_rel_error": 0.029299029801653838,
      "inlet_flux_truth": 0.9993344694501207,
      "inlet_flux_pred": 1.0020288342193249,
      "outlet_flux_truth": 0.9986057934544448,
      "outlet_flux_pred": 0.9916570145694379
    },
    {
      "case_id": "C-train-1",
      "num_points": 2339,
      "rel_l2_u": 0.015468400903046131,
      "rel_l2_v": 0.16510815918445587,
      "rel_l2_p": 0.030568895861506462,
      "rel_l2_speed": 0.01546864677220583,
      "mae_u": 0.013867822475731373,
      "mae_v": 0.00039882760029286146,
      "mae_p": 4.4245076179504395,
      "wall_max_abs_u_pred": 7.793780241627246e-06,
      "wall_max_abs_v_pred": 1.7595174028883775e-07,
      "pressure_drop_truth": 266.37799072265625,
      "pressure_drop_pred": 262.6299133300781,
      "pressure_drop_rel_error": 0.014070522051803003,
      "inlet_flux_truth": 0.9993344694501207,
      "inlet_flux_pred": 0.998879696522273,
      "outlet_flux_truth": 0.9987080622554707,
      "outlet_flux_pred": 0.9919886451758047
    },
    {
      "case_id": "C-train-2",
      "num_points": 2113,
      "rel_l2_u": 0.014867975376546383,
      "rel_l2_v": 0.0701257511973381,
      "rel_l2_p": 0.018838776275515556,
      "rel_l2_speed": 0.014866029843688011,
      "mae_u": 0.014347115531563759,
      "mae_v": 0.00035763983032666147,
      "mae_p": 4.400723934173584,
      "wall_max_abs_u_pred": 1.507141951151425e-05,
      "wall_max_abs_v_pred": 7.230680125758226e-07,
      "pressure_drop_truth": 415.0580139160156,
      "pressure_drop_pred": 427.21881103515625,
      "pressure_drop_rel_error": 0.029299029801653838,
      "inlet_flux_truth": 0.9993344694501207,
      "inlet_flux_pred": 1.0020288342193249,
      "outlet_flux_truth": 0.9986057934544448,
      "outlet_flux_pred": 0.9916570145694379
    },
    {
      "case_id": "C-train-3",
      "num_points": 1843,
      "rel_l2_u": 0.024436108767986298,
      "rel_l2_v": 0.06567151844501495,
      "rel_l2_p": 0.021717753261327744,
      "rel_l2_speed": 0.024428842589259148,
      "mae_u": 0.023827217519283295,
      "mae_v": 0.0007210133480839431,
      "mae_p": 11.365095138549805,
      "wall_max_abs_u_pred": 7.560070662293583e-05,
      "wall_max_abs_v_pred": 3.026300191777409e-06,
      "pressure_drop_truth": 985.2530517578125,
      "pressure_drop_pred": 954.6464233398438,
      "pressure_drop_rel_error": 0.031064738508916803,
      "inlet_flux_truth": 0.9993344694501207,
      "inlet_flux_pred": 1.0001144313615247,
      "outlet_flux_truth": 0.9985955240666415,
      "outlet_flux_pred": 0.977459344441169
    },
    {
      "case_id": "C-train-4",
      "num_points": 2176,
      "rel_l2_u": 0.015992404893040657,
      "rel_l2_v": 0.23535369336605072,
      "rel_l2_p": 0.02497882954776287,
      "rel_l2_speed": 0.015992574393749237,
      "mae_u": 0.012977160513401031,
      "mae_v": 0.0005164819885976613,
      "mae_p": 3.90612530708313,
      "wall_max_abs_u_pred": 4.531982085609343e-06,
      "wall_max_abs_v_pred": 1.3115287345044635e-07,
      "pressure_drop_truth": 297.37701416015625,
      "pressure_drop_pred": 294.7485046386719,
      "pressure_drop_rel_error": 0.008838980137411521,
      "inlet_flux_truth": 0.9993339531855148,
      "inlet_flux_pred": 0.9963972187540735,
      "outlet_flux_truth": 0.998607746543279,
      "outlet_flux_pred": 1.0053382332495489
    },
    {
      "case_id": "C-train-5",
      "num_points": 1914,
      "rel_l2_u": 0.013814019970595837,
      "rel_l2_v": 0.123410664498806,
      "rel_l2_p": 0.022138800472021103,
      "rel_l2_speed": 0.013814423233270645,
      "mae_u": 0.012170928530395031,
      "mae_v": 0.0005448742886073887,
      "mae_p": 5.754168510437012,
      "wall_max_abs_u_pred": 6.50558695269865e-06,
      "wall_max_abs_v_pred": 4.1608109313528985e-07,
      "pressure_drop_truth": 458.4859924316406,
      "pressure_drop_pred": 464.74871826171875,
      "pressure_drop_rel_error": 0.013659579427635123,
      "inlet_flux_truth": 0.9993339531855148,
      "inlet_flux_pred": 0.9994985985328141,
      "outlet_flux_truth": 0.9986025291565177,
      "outlet_flux_pred": 0.9982609612286009
    }
  ],
  "验证工况指标": [
    {
      "case_id": "C-val",
      "num_points": 1689,
      "rel_l2_u": 0.03208569064736366,
      "rel_l2_v": 0.09887264668941498,
      "rel_l2_p": 0.0725301206111908,
      "rel_l2_speed": 0.03208403289318085,
      "mae_u": 0.031609244644641876,
      "mae_v": 0.0010029535042122006,
      "mae_p": 56.38229751586914,
      "wall_max_abs_u_pred": 3.8395846786443144e-05,
      "wall_max_abs_v_pred": 1.1878220220751246e-06,
      "pressure_drop_truth": 1069.1700439453125,
      "pressure_drop_pred": 952.2697143554688,
      "pressure_drop_rel_error": 0.10933745315055146,
      "inlet_flux_truth": 0.9993339531855148,
      "inlet_flux_pred": 0.9993777766927645,
      "outlet_flux_truth": 0.9985914423065942,
      "outlet_flux_pred": 0.9759233220172465
    }
  ]
}