{
  "速度阶段验证指标": {
    "rel_l2_u": 0.04514499753713608,
    "rel_l2_v": 0.33481234312057495,
    "rel_l2_p": 0.7273821234703064,
    "rel_l2_speed": 0.04515121877193451,
    "max_speed_err_over_speed_max": 0.07790279388427734,
    "max_p_err_over_p_range": 0.7952443361282349,
    "p95_speed_err_over_speed_max": 0.049711402505636215,
    "p95_p_err_over_p_range": 0.7565822005271912
  },
  "压力阶段验证指标": {
    "rel_l2_u": 0.04514499753713608,
    "rel_l2_v": 0.33481234312057495,
    "rel_l2_p": 0.20693454146385193,
    "rel_l2_speed": 0.04515121877193451,
    "max_speed_err_over_speed_max": 0.07790279388427734,
    "max_p_err_over_p_range": 0.3075299561023712,
    "p95_speed_err_over_speed_max": 0.049711402505636215,
    "p95_p_err_over_p_range": 0.2622465491294861
  },
  "最终训练指标": {
    "rel_l2_u": 0.029183268547058105,
    "rel_l2_v": 0.33237120509147644,
    "rel_l2_p": 0.10656622797250748,
    "rel_l2_speed": 0.029200073331594467,
    "max_speed_err_over_speed_max": 0.11867018789052963,
    "max_p_err_over_p_range": 0.3339572250843048,
    "p95_speed_err_over_speed_max": 0.023807227611541748,
    "p95_p_err_over_p_range": 0.08809255063533783
  },
  "最终验证指标": {
    "rel_l2_u": 0.06053215637803078,
    "rel_l2_v": 0.332163542509079,
    "rel_l2_p": 0.2024458348751068,
    "rel_l2_speed": 0.060540881007909775,
    "max_speed_err_over_speed_max": 0.09706100076436996,
    "max_p_err_over_p_range": 0.2978269159793854,
    "p95_speed_err_over_speed_max": 0.06606081128120422,
    "p95_p_err_over_p_range": 0.2543605864048004
  },
  "训练工况指标": [
    {
      "case_id": "C-base",
      "num_points": 2113,
      "rel_l2_u": 0.0217434149235487,
      "rel_l2_v": 0.3000730276107788,
      "rel_l2_p": 0.13793674111366272,
      "rel_l2_speed": 0.021748850122094154,
      "mae_u": 0.01966099999845028,
      "mae_v": 0.0011346673127263784,
      "mae_p": 30.926759719848633,
      "wall_max_abs_u_pred": 1.5683748642913997e-05,
      "wall_max_abs_v_pred": 1.5196682170426357e-06,
      "pressure_drop_truth": 415.0580139160156,
      "pressure_drop_pred": 494.40655517578125,
      "pressure_drop_rel_error": 0.19117457945486413,
      "inlet_flux_truth": 0.9993344694501207,
      "inlet_flux_pred": 0.9952133954902744,
      "outlet_flux_truth": 0.9986057934544448,
      "outlet_flux_pred": 0.9921510838073502
    },
    {
      "case_id": "C-train-1",
      "num_points": 2339,
      "rel_l2_u": 0.020449429750442505,
      "rel_l2_v": 0.35454607009887695,
      "rel_l2_p": 0.1100124642252922,
      "rel_l2_speed": 0.02044721320271492,
      "mae_u": 0.017039773985743523,
      "mae_v": 0.0007727626943960786,
      "mae_p": 14.933631896972656,
      "wall_max_abs_u_pred": 6.49128469376592e-06,
      "wall_max_abs_v_pred": 3.8510344779751904e-07,
      "pressure_drop_truth": 266.37799072265625,
      "pressure_drop_pred": 265.89459228515625,
      "pressure_drop_rel_error": 0.0018147086258462556,
      "inlet_flux_truth": 0.9993344694501207,
      "inlet_flux_pred": 0.9959658123156496,
      "outlet_flux_truth": 0.9987080622554707,
      "outlet_flux_pred": 0.9971146048352082
    },
    {
      "case_id": "C-train-2",
      "num_points": 2113,
      "rel_l2_u": 0.0217434149235487,
      "rel_l2_v": 0.3000730276107788,
      "rel_l2_p": 0.13793674111366272,
      "rel_l2_speed": 0.021748850122094154,
      "mae_u": 0.01966099999845028,
      "mae_v": 0.0011346673127263784,
      "mae_p": 30.926759719848633,
      "wall_max_abs_u_pred": 1.5683748642913997e-05,
      "wall_max_abs_v_pred": 1.5196682170426357e-06,
      "pressure_drop_truth": 415.0580139160156,
      "pressure_drop_pred": 494.40655517578125,
      "pressure_drop_rel_error": 0.19117457945486413,
      "inlet_flux_truth": 0.9993344694501207,
      "inlet_flux_pred": 0.9952133954902744,
      "outlet_flux_truth": 0.9986057934544448,
      "outlet_flux_pred": 0.9921510838073502
    },
    {
      "case_id": "C-train-3",
      "num_points": 1843,
      "rel_l2_u": 0.04839937388896942,
      "rel_l2_v": 0.3503025472164154,
      "rel_l2_p": 0.10175265371799469,
      "rel_l2_speed": 0.04844038188457489,
      "mae_u": 0.04447706788778305,
      "mae_v": 0.0024384569842368364,
      "mae_p": 59.629764556884766,
      "wall_max_abs_u_pred": 7.328957144636661e-05,
      "wall_max_abs_v_pred": 5.043347755417926e-06,
      "pressure_drop_truth": 985.2530517578125,
      "pressure_drop_pred": 893.6680297851562,
      "pressure_drop_rel_error": 0.0929558368880535,
      "inlet_flux_truth": 0.9993344694501207,
      "inlet_flux_pred": 0.9863023724397426,
      "outlet_flux_truth": 0.9985955240666415,
      "outlet_flux_pred": 0.9643569705585477
    },
    {
      "case_id": "C-train-4",
      "num_points": 2176,
      "rel_l2_u": 0.020937614142894745,
      "rel_l2_v": 0.3596108853816986,
      "rel_l2_p": 0.07977262884378433,
      "rel_l2_speed": 0.020937807857990265,
      "mae_u": 0.018690070137381554,
      "mae_v": 0.0007727392949163914,
      "mae_p": 12.650886535644531,
      "wall_max_abs_u_pred": 4.1375396904186346e-06,
      "wall_max_abs_v_pred": 2.1578094333563058e-07,
      "pressure_drop_truth": 297.37701416015625,
      "pressure_drop_pred": 274.4976501464844,
      "pressure_drop_rel_error": 0.07693723093658415,
      "inlet_flux_truth": 0.9993339531855148,
      "inlet_flux_pred": 0.9889251061213359,
      "outlet_flux_truth": 0.998607746543279,
      "outlet_flux_pred": 1.0139704185452674
    },
    {
      "case_id": "C-train-5",
      "num_points": 1914,
      "rel_l2_u": 0.02061236836016178,
      "rel_l2_v": 0.3199979066848755,
      "rel_l2_p": 0.06835842877626419,
      "rel_l2_speed": 0.020617133006453514,
      "mae_u": 0.018939023837447166,
      "mae_v": 0.0012224194360896945,
      "mae_p": 16.678743362426758,
      "wall_max_abs_u_pred": 6.421646958187921e-06,
      "wall_max_abs_v_pred": 6.925488378328737e-07,
      "pressure_drop_truth": 458.4859924316406,
      "pressure_drop_pred": 475.7511901855469,
      "pressure_drop_rel_error": 0.0376569797963466,
      "inlet_flux_truth": 0.9993339531855148,
      "inlet_flux_pred": 0.9904839527506933,
      "outlet_flux_truth": 0.9986025291565177,
      "outlet_flux_pred": 0.9932997453460324
    }
  ],
  "验证工况指标": [
    {
      "case_id": "C-val",
      "num_points": 1689,
      "rel_l2_u": 0.06053215637803078,
      "rel_l2_v": 0.332163542509079,
      "rel_l2_p": 0.2024458348751068,
      "rel_l2_speed": 0.060540881007909775,
      "mae_u": 0.060997579246759415,
      "mae_v": 0.002200006041675806,
      "mae_p": 153.7495574951172,
      "wall_max_abs_u_pred": 3.524315252434462e-05,
      "wall_max_abs_v_pred": 1.8651755908649648e-06,
      "pressure_drop_truth": 1069.1700439453125,
      "pressure_drop_pred": 814.0128784179688,
      "pressure_drop_rel_error": 0.2386497517137645,
      "inlet_flux_truth": 0.9993339531855148,
      "inlet_flux_pred": 0.9888095051191587,
      "outlet_flux_truth": 0.9985914423065942,
      "outlet_flux_pred": 0.9441465523766386
    }
  ]
}