{
  "速度阶段验证指标": {
    "rel_l2_u": 0.07700613886117935,
    "rel_l2_v": 0.05194932222366333,
    "rel_l2_p": 0.49793171882629395,
    "rel_l2_speed": 0.046651143580675125,
    "max_speed_err_over_speed_max": 0.183370903134346,
    "max_p_err_over_p_range": 0.5482000708580017,
    "p95_speed_err_over_speed_max": 0.06160842999815941,
    "p95_p_err_over_p_range": 0.49737977981567383
  },
  "压力阶段验证指标": {
    "rel_l2_u": 0.07700613886117935,
    "rel_l2_v": 0.05194932222366333,
    "rel_l2_p": 0.02555100992321968,
    "rel_l2_speed": 0.046651143580675125,
    "max_speed_err_over_speed_max": 0.183370903134346,
    "max_p_err_over_p_range": 0.05682579427957535,
    "p95_speed_err_over_speed_max": 0.06160842999815941,
    "p95_p_err_over_p_range": 0.027107881382107735
  },
  "最终训练指标": {
    "rel_l2_u": 0.04609011113643646,
    "rel_l2_v": 0.02500823885202408,
    "rel_l2_p": 0.011067412793636322,
    "rel_l2_speed": 0.029947206377983093,
    "max_speed_err_over_speed_max": 0.14659063518047333,
    "max_p_err_over_p_range": 0.03782791644334793,
    "p95_speed_err_over_speed_max": 0.03448556363582611,
    "p95_p_err_over_p_range": 0.012841443531215191
  },
  "最终验证指标": {
    "rel_l2_u": 0.05619944632053375,
    "rel_l2_v": 0.028243571519851685,
    "rel_l2_p": 0.02403087541460991,
    "rel_l2_speed": 0.034344833344221115,
    "max_speed_err_over_speed_max": 0.14440298080444336,
    "max_p_err_over_p_range": 0.04287319257855415,
    "p95_speed_err_over_speed_max": 0.0421193391084671,
    "p95_p_err_over_p_range": 0.027906807139515877
  },
  "训练工况指标": [
    {
      "case_id": "B-base__ip_skewed_bottom",
      "num_points": 10493,
      "rel_l2_u": 0.0437907911837101,
      "rel_l2_v": 0.024954190477728844,
      "rel_l2_p": 0.009408527053892612,
      "rel_l2_speed": 0.028914427384734154,
      "mae_u": 0.020933078601956367,
      "mae_v": 0.014707470312714577,
      "mae_p": 0.9300975799560547,
      "wall_max_abs_u_pred": 0.0723276138305664,
      "wall_max_abs_v_pred": 0.054917752742767334,
      "pressure_drop_truth": 233.19871520996094,
      "pressure_drop_pred": 231.81114196777344,
      "pressure_drop_rel_error": 0.005950175329817704,
      "inlet_flux_truth": 0.9992262694577136,
      "inlet_flux_pred": 0.9949838432547433,
      "outlet_flux_truth": 0.9992386690341846,
      "outlet_flux_pred": 0.9989847391551621
    },
    {
      "case_id": "B-train-1__ip_skewed_bottom",
      "num_points": 10493,
      "rel_l2_u": 0.0437907911837101,
      "rel_l2_v": 0.024954190477728844,
      "rel_l2_p": 0.009408527053892612,
      "rel_l2_speed": 0.028914427384734154,
      "mae_u": 0.020933078601956367,
      "mae_v": 0.014707470312714577,
      "mae_p": 0.9300975799560547,
      "wall_max_abs_u_pred": 0.0723276138305664,
      "wall_max_abs_v_pred": 0.054917752742767334,
      "pressure_drop_truth": 233.19871520996094,
      "pressure_drop_pred": 231.81114196777344,
      "pressure_drop_rel_error": 0.005950175329817704,
      "inlet_flux_truth": 0.9992262694577136,
      "inlet_flux_pred": 0.9949838432547433,
      "outlet_flux_truth": 0.9992386690341846,
      "outlet_flux_pred": 0.9989847391551621
    },
    {
      "case_id": "B-train-2__ip_skewed_bottom",
      "num_points": 9672,
      "rel_l2_u": 0.04726719483733177,
      "rel_l2_v": 0.0246286578476429,
      "rel_l2_p": 0.010609294287860394,
      "rel_l2_speed": 0.030537189915776253,
      "mae_u": 0.02190466970205307,
      "mae_v": 0.01434191782027483,
      "mae_p": 0.9583385586738586,
      "wall_max_abs_u_pred": 0.08138108253479004,
      "wall_max_abs_v_pred": 0.05244767665863037,
      "pressure_drop_truth": 214.3681182861328,
      "pressure_drop_pred": 212.3003387451172,
      "pressure_drop_rel_error": 0.00964592849695867,
      "inlet_flux_truth": 0.9992262694577136,
      "inlet_flux_pred": 0.999960932706597,
      "outlet_flux_truth": 0.9992261264389128,
      "outlet_flux_pred": 1.0012593671571324
    },
    {
      "case_id": "B-train-3__ip_skewed_bottom",
      "num_points": 9126,
      "rel_l2_u": 0.04989589750766754,
      "rel_l2_v": 0.025515034794807434,
      "rel_l2_p": 0.015699412673711777,
      "rel_l2_speed": 0.03159172832965851,
      "mae_u": 0.02406877838075161,
      "mae_v": 0.015033187344670296,
      "mae_p": 1.384711742401123,
      "wall_max_abs_u_pred": 0.10243159532546997,
      "wall_max_abs_v_pred": 0.06606239080429077,
      "pressure_drop_truth": 195.54710388183594,
      "pressure_drop_pred": 194.87513732910156,
      "pressure_drop_rel_error": 0.0034363411137012983,
      "inlet_flux_truth": 0.9992262694577136,
      "inlet_flux_pred": 0.989016899742011,
      "outlet_flux_truth": 0.9992261656413319,
      "outlet_flux_pred": 1.000322013333573
    }
  ],
  "验证工况指标": [
    {
      "case_id": "B-val__ip_skewed_bottom",
      "num_points": 8385,
      "rel_l2_u": 0.05619944632053375,
      "rel_l2_v": 0.028243571519851685,
      "rel_l2_p": 0.02403087541460991,
      "rel_l2_speed": 0.034344833344221115,
      "mae_u": 0.028380779549479485,
      "mae_v": 0.017130229622125626,
      "mae_p": 2.109097957611084,
      "wall_max_abs_u_pred": 0.1191408634185791,
      "wall_max_abs_v_pred": 0.0799781084060669,
      "pressure_drop_truth": 186.14207458496094,
      "pressure_drop_pred": 187.05335998535156,
      "pressure_drop_rel_error": 0.004895644374988856,
      "inlet_flux_truth": 0.9992262694577136,
      "inlet_flux_pred": 0.978041000500478,
      "outlet_flux_truth": 0.999226204843751,
      "outlet_flux_pred": 0.998193213945882
    }
  ]
}