{
  "best_epoch": 1198,
  "best_val_total": 0.15105877816677094,
  "stop_epoch": 1200,
  "train_case_metrics": [
    {
      "case_id": "C-base",
      "num_points": 84,
      "rel_l2_u": 0.001733780256472528,
      "rel_l2_v": 0.007127260323613882,
      "rel_l2_p": 0.01084296964108944,
      "rel_l2_speed": 0.0017331148264929652,
      "mae_u": 0.00187995086889714,
      "mae_v": 7.904301310190931e-05,
      "mae_p": 2.6183788776397705,
      "wall_max_abs_u_pred": 0.0,
      "wall_max_abs_v_pred": 0.0,
      "pressure_drop_truth": 0.0,
      "pressure_drop_pred": 0.0,
      "pressure_drop_rel_error": 0.0,
      "inlet_flux_truth": null,
      "inlet_flux_pred": null,
      "outlet_flux_truth": null,
      "outlet_flux_pred": null
    },
    {
      "case_id": "C-train-1",
      "num_points": 96,
      "rel_l2_u": 0.002230593468993902,
      "rel_l2_v": 0.015327943488955498,
      "rel_l2_p": 0.012602662667632103,
      "rel_l2_speed": 0.0022304917220026255,
      "mae_u": 0.0019971311558037996,
      "mae_v": 7.967118290252984e-05,
      "mae_p": 1.798101782798767,
      "wall_max_abs_u_pred": 0.0,
      "wall_max_abs_v_pred": 0.0,
      "pressure_drop_truth": 0.0,
      "pressure_drop_pred": 0.0,
      "pressure_drop_rel_error": 0.0,
      "inlet_flux_truth": null,
      "inlet_flux_pred": null,
      "outlet_flux_truth": null,
      "outlet_flux_pred": null
    },
    {
      "case_id": "C-train-2",
      "num_points": 84,
      "rel_l2_u": 0.001733780256472528,
      "rel_l2_v": 0.007127260323613882,
      "rel_l2_p": 0.01084296964108944,
      "rel_l2_speed": 0.0017331148264929652,
      "mae_u": 0.00187995086889714,
      "mae_v": 7.904301310190931e-05,
      "mae_p": 2.6183788776397705,
      "wall_max_abs_u_pred": 0.0,
      "wall_max_abs_v_pred": 0.0,
      "pressure_drop_truth": 0.0,
      "pressure_drop_pred": 0.0,
      "pressure_drop_rel_error": 0.0,
      "inlet_flux_truth": null,
      "inlet_flux_pred": null,
      "outlet_flux_truth": null,
      "outlet_flux_pred": null
    },
    {
      "case_id": "C-train-3",
      "num_points": 71,
      "rel_l2_u": 0.001362942741252482,
      "rel_l2_v": 0.005595908034592867,
      "rel_l2_p": 0.006025261711329222,
      "rel_l2_speed": 0.0013618782395496964,
      "mae_u": 0.0017207675846293569,
      "mae_v": 0.00011087256280006841,
      "mae_p": 3.8445117473602295,
      "wall_max_abs_u_pred": 0.0,
      "wall_max_abs_v_pred": 0.0,
      "pressure_drop_truth": 0.0,
      "pressure_drop_pred": 0.0,
      "pressure_drop_rel_error": 0.0,
      "inlet_flux_truth": null,
      "inlet_flux_pred": null,
      "outlet_flux_truth": null,
      "outlet_flux_pred": null
    },
    {
      "case_id": "C-train-4",
      "num_points": 87,
      "rel_l2_u": 0.001938030356541276,
      "rel_l2_v": 0.026221033185720444,
      "rel_l2_p": 0.014677831903100014,
      "rel_l2_speed": 0.001938013476319611,
      "mae_u": 0.001684912363998592,
      "mae_v": 9.395358938490972e-05,
      "mae_p": 2.5436174869537354,
      "wall_max_abs_u_pred": 0.0,
      "wall_max_abs_v_pred": 0.0,
      "pressure_drop_truth": 0.0,
      "pressure_drop_pred": 0.0,
      "pressure_drop_rel_error": 0.0,
      "inlet_flux_truth": null,
      "inlet_flux_pred": null,
      "outlet_flux_truth": null,
      "outlet_flux_pred": null
    },
    {
      "case_id": "C-train-5",
      "num_points": 74,
      "rel_l2_u": 0.0015794191276654601,
      "rel_l2_v": 0.015483787283301353,
      "rel_l2_p": 0.009388495236635208,
      "rel_l2_speed": 0.001579281990416348,
      "mae_u": 0.001623533433303237,
      "mae_v": 0.00010050839773612097,
      "mae_p": 2.50087571144104,
      "wall_max_abs_u_pred": 0.0,
      "wall_max_abs_v_pred": 0.0,
      "pressure_drop_truth": 0.0,
      "pressure_drop_pred": 0.0,
      "pressure_drop_rel_error": 0.0,
      "inlet_flux_truth": null,
      "inlet_flux_pred": null,
      "outlet_flux_truth": null,
      "outlet_flux_pred": null
    }
  ],
  "val_case_metrics": [
    {
      "case_id": "C-val",
      "num_points": 1689,
      "rel_l2_u": 0.050901807844638824,
      "rel_l2_v": 0.36577141284942627,
      "rel_l2_p": 0.046889856457710266,
      "rel_l2_speed": 0.051011983305215836,
      "mae_u": 0.037570685148239136,
      "mae_v": 0.0015890041831880808,
      "mae_p": 32.18397903442383,
      "wall_max_abs_u_pred": 0.29521018266677856,
      "wall_max_abs_v_pred": 0.03402963653206825,
      "pressure_drop_truth": 1069.1700439453125,
      "pressure_drop_pred": 1040.055908203125,
      "pressure_drop_rel_error": 0.027230594335354057,
      "inlet_flux_truth": 0.9993339531855148,
      "inlet_flux_pred": 1.0019221110427448,
      "outlet_flux_truth": 0.9985914423065942,
      "outlet_flux_pred": 1.00604565301812
    }
  ],
  "train_extreme_metrics": {
    "max_speed_err_over_speed_max": 0.003351370571181178,
    "max_p_err_over_p_range": 0.016159115359187126,
    "p95_speed_err_over_speed_max": 0.0015630224952474236,
    "p95_p_err_over_p_range": 0.006817311979830265
  },
  "val_extreme_metrics": {
    "max_speed_err_over_speed_max": 0.09848519414663315,
    "max_p_err_over_p_range": 0.15614613890647888,
    "p95_speed_err_over_speed_max": 0.07417578250169754,
    "p95_p_err_over_p_range": 0.06964413076639175
  }
}