{
  "速度阶段验证指标": {
    "rel_l2_u": 0.28198522329330444,
    "rel_l2_v": 0.9350647330284119,
    "rel_l2_p": 0.6759899854660034,
    "rel_l2_speed": 0.2820081412792206,
    "max_speed_err_over_speed_max": 0.3905811309814453,
    "max_p_err_over_p_range": 0.7002548575401306,
    "p95_speed_err_over_speed_max": 0.3586488664150238,
    "p95_p_err_over_p_range": 0.6921970248222351
  },
  "压力阶段验证指标": {
    "rel_l2_u": 0.28198522329330444,
    "rel_l2_v": 0.9350647330284119,
    "rel_l2_p": 5.872921466827393,
    "rel_l2_speed": 0.2820081412792206,
    "max_speed_err_over_speed_max": 0.3905811309814453,
    "max_p_err_over_p_range": 17.862131118774414,
    "p95_speed_err_over_speed_max": 0.3586488664150238,
    "p95_p_err_over_p_range": 15.845670700073242
  },
  "最终训练指标": {
    "rel_l2_u": 0.4738807678222656,
    "rel_l2_v": 1.5586189031600952,
    "rel_l2_p": 12.747278213500977,
    "rel_l2_speed": 0.47392767667770386,
    "max_speed_err_over_speed_max": 0.6535010933876038,
    "max_p_err_over_p_range": 23.629310607910156,
    "p95_speed_err_over_speed_max": 0.4298717677593231,
    "p95_p_err_over_p_range": 14.122552871704102
  },
  "最终验证指标": {
    "rel_l2_u": 0.5360893607139587,
    "rel_l2_v": 1.3515280485153198,
    "rel_l2_p": 12.733195304870605,
    "rel_l2_speed": 0.536128580570221,
    "max_speed_err_over_speed_max": 0.5892449021339417,
    "max_p_err_over_p_range": 33.623634338378906,
    "p95_speed_err_over_speed_max": 0.5433358550071716,
    "p95_p_err_over_p_range": 31.4661922454834
  },
  "训练工况指标": [
    {
      "case_id": "C-base",
      "num_points": 2113,
      "rel_l2_u": 0.46769848465919495,
      "rel_l2_v": 1.670180320739746,
      "rel_l2_p": 13.60871410369873,
      "rel_l2_speed": 0.4677591323852539,
      "mae_u": 0.4492422640323639,
      "mae_v": 0.013997480273246765,
      "mae_p": 2157.55615234375,
      "wall_max_abs_u_pred": 1.4516677856445312,
      "wall_max_abs_v_pred": 0.033429741859436035,
      "pressure_drop_truth": 415.0580139160156,
      "pressure_drop_pred": 16398.400390625,
      "pressure_drop_rel_error": 38.50869478680413,
      "inlet_flux_truth": 0.9993344694501207,
      "inlet_flux_pred": 1.3702390468712267,
      "outlet_flux_truth": 0.9986057934544448,
      "outlet_flux_pred": 1.058044407222718
    },
    {
      "case_id": "C-train-1",
      "num_points": 2339,
      "rel_l2_u": 0.41295507550239563,
      "rel_l2_v": 2.5244107246398926,
      "rel_l2_p": 22.070791244506836,
      "rel_l2_speed": 0.4130045473575592,
      "mae_u": 0.3472696840763092,
      "mae_v": 0.00965858530253172,
      "mae_p": 2053.709716796875,
      "wall_max_abs_u_pred": 1.165832757949829,
      "wall_max_abs_v_pred": 0.01998830772936344,
      "pressure_drop_truth": 266.37799072265625,
      "pressure_drop_pred": 14887.3662109375,
      "pressure_drop_rel_error": 54.88812412973588,
      "inlet_flux_truth": 0.9993344694501207,
      "inlet_flux_pred": 1.2773012266779151,
      "outlet_flux_truth": 0.9987080622554707,
      "outlet_flux_pred": 1.165669722022882
    },
    {
      "case_id": "C-train-2",
      "num_points": 2113,
      "rel_l2_u": 0.46769848465919495,
      "rel_l2_v": 1.670180320739746,
      "rel_l2_p": 13.60871410369873,
      "rel_l2_speed": 0.4677591323852539,
      "mae_u": 0.4492422640323639,
      "mae_v": 0.013997480273246765,
      "mae_p": 2157.55615234375,
      "wall_max_abs_u_pred": 1.4516677856445312,
      "wall_max_abs_v_pred": 0.033429741859436035,
      "pressure_drop_truth": 415.0580139160156,
      "pressure_drop_pred": 16398.400390625,
      "pressure_drop_rel_error": 38.50869478680413,
      "inlet_flux_truth": 0.9993344694501207,
      "inlet_flux_pred": 1.3702390468712267,
      "outlet_flux_truth": 0.9986057934544448,
      "outlet_flux_pred": 1.058044407222718
    },
    {
      "case_id": "C-train-3",
      "num_points": 1843,
      "rel_l2_u": 0.5779756903648376,
      "rel_l2_v": 1.2613955736160278,
      "rel_l2_p": 7.325587272644043,
      "rel_l2_speed": 0.5779908299446106,
      "mae_u": 0.7118880152702332,
      "mae_v": 0.020229017361998558,
      "mae_p": 2799.314697265625,
      "wall_max_abs_u_pred": 1.9604099988937378,
      "wall_max_abs_v_pred": 0.04653850570321083,
      "pressure_drop_truth": 985.2530517578125,
      "pressure_drop_pred": 23580.041015625,
      "pressure_drop_rel_error": 22.932979424479107,
      "inlet_flux_truth": 0.9993344694501207,
      "inlet_flux_pred": 1.5324215265833292,
      "outlet_flux_truth": 0.9985955240666415,
      "outlet_flux_pred": 0.8175972589640141
    },
    {
      "case_id": "C-train-4",
      "num_points": 2176,
      "rel_l2_u": 0.3975648581981659,
      "rel_l2_v": 2.7677197456359863,
      "rel_l2_p": 25.319515228271484,
      "rel_l2_speed": 0.3976037800312042,
      "mae_u": 0.346099317073822,
      "mae_v": 0.007919218391180038,
      "mae_p": 2140.968505859375,
      "wall_max_abs_u_pred": 1.1125235557556152,
      "wall_max_abs_v_pred": 0.018041620030999184,
      "pressure_drop_truth": 297.37701416015625,
      "pressure_drop_pred": 18353.70703125,
      "pressure_drop_rel_error": 60.71864722996146,
      "inlet_flux_truth": 0.9993339531855148,
      "inlet_flux_pred": 1.2606314693305847,
      "outlet_flux_truth": 0.998607746543279,
      "outlet_flux_pred": 1.1799615496977662
    },
    {
      "case_id": "C-train-5",
      "num_points": 1914,
      "rel_l2_u": 0.44765451550483704,
      "rel_l2_v": 1.7868878841400146,
      "rel_l2_p": 20.485389709472656,
      "rel_l2_speed": 0.44771265983581543,
      "mae_u": 0.42465198040008545,
      "mae_v": 0.011272603645920753,
      "mae_p": 2904.5166015625,
      "wall_max_abs_u_pred": 1.2988097667694092,
      "wall_max_abs_v_pred": 0.02907314896583557,
      "pressure_drop_truth": 458.4859924316406,
      "pressure_drop_pred": 24459.98828125,
      "pressure_drop_rel_error": 52.349477813974616,
      "inlet_flux_truth": 0.9993339531855148,
      "inlet_flux_pred": 1.3211338302362052,
      "outlet_flux_truth": 0.9986025291565177,
      "outlet_flux_pred": 1.0528304603541576
    }
  ],
  "验证工况指标": [
    {
      "case_id": "C-val",
      "num_points": 1689,
      "rel_l2_u": 0.5360893607139587,
      "rel_l2_v": 1.3515280485153198,
      "rel_l2_p": 12.733195304870605,
      "rel_l2_speed": 0.536128580570221,
      "mae_u": 0.6598252654075623,
      "mae_v": 0.016500264406204224,
      "mae_p": 4662.85986328125,
      "wall_max_abs_u_pred": 1.7674999237060547,
      "wall_max_abs_v_pred": 0.04402993246912956,
      "pressure_drop_truth": 1069.1700439453125,
      "pressure_drop_pred": 37609.12109375,
      "pressure_drop_rel_error": 34.175995910781104,
      "inlet_flux_truth": 0.9993339531855148,
      "inlet_flux_pred": 1.429972596741229,
      "outlet_flux_truth": 0.9985914423065942,
      "outlet_flux_pred": 0.7887954770239488
    }
  ]
}