{
  "速度阶段验证指标": {
    "rel_l2_u": 0.03049389272928238,
    "rel_l2_v": 0.0951320230960846,
    "rel_l2_p": 0.7103986144065857,
    "rel_l2_speed": 0.030492965131998062,
    "max_speed_err_over_speed_max": 0.08356300741434097,
    "max_p_err_over_p_range": 0.7714226841926575,
    "p95_speed_err_over_speed_max": 0.02834976464509964,
    "p95_p_err_over_p_range": 0.7363949418067932
  },
  "压力阶段验证指标": {
    "rel_l2_u": 0.03049389272928238,
    "rel_l2_v": 0.0951320230960846,
    "rel_l2_p": 0.19381555914878845,
    "rel_l2_speed": 0.030492965131998062,
    "max_speed_err_over_speed_max": 0.08356300741434097,
    "max_p_err_over_p_range": 0.35267767310142517,
    "p95_speed_err_over_speed_max": 0.02834976464509964,
    "p95_p_err_over_p_range": 0.280429482460022
  },
  "最终训练指标": {
    "rel_l2_u": 0.01823681779205799,
    "rel_l2_v": 0.05872616171836853,
    "rel_l2_p": 0.06724057346582413,
    "rel_l2_speed": 0.018234383314847946,
    "max_speed_err_over_speed_max": 0.07116945832967758,
    "max_p_err_over_p_range": 0.17433570325374603,
    "p95_speed_err_over_speed_max": 0.015425537712872028,
    "p95_p_err_over_p_range": 0.049242764711380005
  },
  "最终验证指标": {
    "rel_l2_u": 0.028904924169182777,
    "rel_l2_v": 0.09642502665519714,
    "rel_l2_p": 0.12548905611038208,
    "rel_l2_speed": 0.028904156759381294,
    "max_speed_err_over_speed_max": 0.07290919870138168,
    "max_p_err_over_p_range": 0.19962555170059204,
    "p95_speed_err_over_speed_max": 0.032133929431438446,
    "p95_p_err_over_p_range": 0.1557272970676422
  },
  "训练工况指标": [
    {
      "case_id": "C-base",
      "num_points": 2113,
      "rel_l2_u": 0.01633461005985737,
      "rel_l2_v": 0.052499424666166306,
      "rel_l2_p": 0.05922720953822136,
      "rel_l2_speed": 0.016332212835550308,
      "mae_u": 0.015175104141235352,
      "mae_v": 0.00027328100986778736,
      "mae_p": 13.193575859069824,
      "wall_max_abs_u_pred": 1.628512291063089e-05,
      "wall_max_abs_v_pred": 7.376314670182182e-07,
      "pressure_drop_truth": 415.0580139160156,
      "pressure_drop_pred": 444.44268798828125,
      "pressure_drop_rel_error": 0.07079654671650637,
      "inlet_flux_truth": 0.9993344694501207,
      "inlet_flux_pred": 1.003050016184875,
      "outlet_flux_truth": 0.9986057934544448,
      "outlet_flux_pred": 0.9908285984031433
    },
    {
      "case_id": "C-train-1",
      "num_points": 2339,
      "rel_l2_u": 0.017903922125697136,
      "rel_l2_v": 0.1213676929473877,
      "rel_l2_p": 0.07667265087366104,
      "rel_l2_speed": 0.017904292792081833,
      "mae_u": 0.014645345509052277,
      "mae_v": 0.00030585177592001855,
      "mae_p": 10.24333667755127,
      "wall_max_abs_u_pred": 8.592904123361222e-06,
      "wall_max_abs_v_pred": 1.734759678129194e-07,
      "pressure_drop_truth": 266.37799072265625,
      "pressure_drop_pred": 249.46051025390625,
      "pressure_drop_rel_error": 0.06350930278757093,
      "inlet_flux_truth": 0.9993344694501207,
      "inlet_flux_pred": 1.0008800939558389,
      "outlet_flux_truth": 0.9987080622554707,
      "outlet_flux_pred": 0.9984141255167986
    },
    {
      "case_id": "C-train-2",
      "num_points": 2113,
      "rel_l2_u": 0.01633461005985737,
      "rel_l2_v": 0.052499424666166306,
      "rel_l2_p": 0.05922720953822136,
      "rel_l2_speed": 0.016332212835550308,
      "mae_u": 0.015175104141235352,
      "mae_v": 0.00027328100986778736,
      "mae_p": 13.193575859069824,
      "wall_max_abs_u_pred": 1.628512291063089e-05,
      "wall_max_abs_v_pred": 7.376314670182182e-07,
      "pressure_drop_truth": 415.0580139160156,
      "pressure_drop_pred": 444.44268798828125,
      "pressure_drop_rel_error": 0.07079654671650637,
      "inlet_flux_truth": 0.9993344694501207,
      "inlet_flux_pred": 1.003050016184875,
      "outlet_flux_truth": 0.9986057934544448,
      "outlet_flux_pred": 0.9908285984031433
    },
    {
      "case_id": "C-train-3",
      "num_points": 1843,
      "rel_l2_u": 0.023756317794322968,
      "rel_l2_v": 0.0398653969168663,
      "rel_l2_p": 0.0744224414229393,
      "rel_l2_speed": 0.023749712854623795,
      "mae_u": 0.02266710437834263,
      "mae_v": 0.0004552337632048875,
      "mae_p": 43.61605453491211,
      "wall_max_abs_u_pred": 8.079007966443896e-05,
      "wall_max_abs_v_pred": 2.8745218969561392e-06,
      "pressure_drop_truth": 985.2530517578125,
      "pressure_drop_pred": 978.5176391601562,
      "pressure_drop_rel_error": 0.006836226069677672,
      "inlet_flux_truth": 0.9993344694501207,
      "inlet_flux_pred": 0.9987311377967107,
      "outlet_flux_truth": 0.9985955240666415,
      "outlet_flux_pred": 0.9818364132645194
    },
    {
      "case_id": "C-train-4",
      "num_points": 2176,
      "rel_l2_u": 0.016692424193024635,
      "rel_l2_v": 0.1816963255405426,
      "rel_l2_p": 0.04235986992716789,
      "rel_l2_speed": 0.016692576929926872,
      "mae_u": 0.014070866629481316,
      "mae_v": 0.00041795853758230805,
      "mae_p": 6.597309112548828,
      "wall_max_abs_u_pred": 5.068779501016252e-06,
      "wall_max_abs_v_pred": 1.4182164420617482e-07,
      "pressure_drop_truth": 297.37701416015625,
      "pressure_drop_pred": 282.93658447265625,
      "pressure_drop_rel_error": 0.04855933377461,
      "inlet_flux_truth": 0.9993339531855148,
      "inlet_flux_pred": 0.994453655729109,
      "outlet_flux_truth": 0.998607746543279,
      "outlet_flux_pred": 1.0100522927021118
    },
    {
      "case_id": "C-train-5",
      "num_points": 1914,
      "rel_l2_u": 0.014721275307238102,
      "rel_l2_v": 0.07412787526845932,
      "rel_l2_p": 0.03716122359037399,
      "rel_l2_speed": 0.014720567502081394,
      "mae_u": 0.013270322233438492,
      "mae_v": 0.00033918520784936845,
      "mae_p": 9.310168266296387,
      "wall_max_abs_u_pred": 7.1006625148584135e-06,
      "wall_max_abs_v_pred": 4.498959071952413e-07,
      "pressure_drop_truth": 458.4859924316406,
      "pressure_drop_pred": 472.04071044921875,
      "pressure_drop_rel_error": 0.02956408318101251,
      "inlet_flux_truth": 0.9993339531855148,
      "inlet_flux_pred": 0.9955890771863873,
      "outlet_flux_truth": 0.9986025291565177,
      "outlet_flux_pred": 0.996804760032814
    }
  ],
  "验证工况指标": [
    {
      "case_id": "C-val",
      "num_points": 1689,
      "rel_l2_u": 0.028904924169182777,
      "rel_l2_v": 0.09642502665519714,
      "rel_l2_p": 0.12548905611038208,
      "rel_l2_speed": 0.028904156759381294,
      "mae_u": 0.029692789539694786,
      "mae_v": 0.0009220816427841783,
      "mae_p": 97.00460815429688,
      "wall_max_abs_u_pred": 4.1609324398450553e-05,
      "wall_max_abs_v_pred": 1.2976889820492943e-06,
      "pressure_drop_truth": 1069.1700439453125,
      "pressure_drop_pred": 957.8982543945312,
      "pressure_drop_rel_error": 0.10407305197233215,
      "inlet_flux_truth": 0.9993339531855148,
      "inlet_flux_pred": 0.9912477384879167,
      "outlet_flux_truth": 0.9985914423065942,
      "outlet_flux_pred": 0.9851767945579899
    }
  ]
}