{
  "速度阶段验证指标": {
    "rel_l2_u": 0.0245662834495306,
    "rel_l2_v": 0.10279456526041031,
    "rel_l2_p": 0.7102270126342773,
    "rel_l2_speed": 0.024553393945097923,
    "max_speed_err_over_speed_max": 0.07842341810464859,
    "max_p_err_over_p_range": 0.78056401014328,
    "p95_speed_err_over_speed_max": 0.02802356518805027,
    "p95_p_err_over_p_range": 0.7404014468193054
  },
  "压力阶段验证指标": {
    "rel_l2_u": 0.0245662834495306,
    "rel_l2_v": 0.10279456526041031,
    "rel_l2_p": 0.09554445743560791,
    "rel_l2_speed": 0.024553393945097923,
    "max_speed_err_over_speed_max": 0.07842341810464859,
    "max_p_err_over_p_range": 0.13748480379581451,
    "p95_speed_err_over_speed_max": 0.02802356518805027,
    "p95_p_err_over_p_range": 0.11478649824857712
  },
  "最终训练指标": {
    "rel_l2_u": 0.018235640600323677,
    "rel_l2_v": 0.10290344804525375,
    "rel_l2_p": 0.04278838261961937,
    "rel_l2_speed": 0.01823238655924797,
    "max_speed_err_over_speed_max": 0.07316321134567261,
    "max_p_err_over_p_range": 0.15240684151649475,
    "p95_speed_err_over_speed_max": 0.015201167203485966,
    "p95_p_err_over_p_range": 0.030924059450626373
  },
  "最终验证指标": {
    "rel_l2_u": 0.025931958109140396,
    "rel_l2_v": 0.10641016066074371,
    "rel_l2_p": 0.10210397839546204,
    "rel_l2_speed": 0.025919124484062195,
    "max_speed_err_over_speed_max": 0.09172894805669785,
    "max_p_err_over_p_range": 0.15299828350543976,
    "p95_speed_err_over_speed_max": 0.027425603941082954,
    "p95_p_err_over_p_range": 0.11826898157596588
  },
  "训练工况指标": [
    {
      "case_id": "C-base",
      "num_points": 2113,
      "rel_l2_u": 0.01680711843073368,
      "rel_l2_v": 0.06298734992742538,
      "rel_l2_p": 0.04546346887946129,
      "rel_l2_speed": 0.016804741695523262,
      "mae_u": 0.015800485387444496,
      "mae_v": 0.00030529472860507667,
      "mae_p": 10.261550903320312,
      "wall_max_abs_u_pred": 1.6041876733652316e-05,
      "wall_max_abs_v_pred": 7.577374390166369e-07,
      "pressure_drop_truth": 415.0580139160156,
      "pressure_drop_pred": 433.1929626464844,
      "pressure_drop_rel_error": 0.04369256374396423,
      "inlet_flux_truth": 0.9993344694501207,
      "inlet_flux_pred": 1.001785529317023,
      "outlet_flux_truth": 0.9986057934544448,
      "outlet_flux_pred": 1.0062483710868908
    },
    {
      "case_id": "C-train-1",
      "num_points": 2339,
      "rel_l2_u": 0.014919889159500599,
      "rel_l2_v": 0.11871637403964996,
      "rel_l2_p": 0.058991000056266785,
      "rel_l2_speed": 0.014920235611498356,
      "mae_u": 0.012884918600320816,
      "mae_v": 0.0002631677780300379,
      "mae_p": 8.18670654296875,
      "wall_max_abs_u_pred": 8.164284736267291e-06,
      "wall_max_abs_v_pred": 1.7851391476142453e-07,
      "pressure_drop_truth": 266.37799072265625,
      "pressure_drop_pred": 251.8488006591797,
      "pressure_drop_rel_error": 0.05454350798299927,
      "inlet_flux_truth": 0.9993344694501207,
      "inlet_flux_pred": 0.9982242461209989,
      "outlet_flux_truth": 0.9987080622554707,
      "outlet_flux_pred": 1.0011011559019432
    },
    {
      "case_id": "C-train-2",
      "num_points": 2113,
      "rel_l2_u": 0.01680711843073368,
      "rel_l2_v": 0.06298734992742538,
      "rel_l2_p": 0.04546346887946129,
      "rel_l2_speed": 0.016804741695523262,
      "mae_u": 0.015800485387444496,
      "mae_v": 0.00030529472860507667,
      "mae_p": 10.261550903320312,
      "wall_max_abs_u_pred": 1.6041876733652316e-05,
      "wall_max_abs_v_pred": 7.577374390166369e-07,
      "pressure_drop_truth": 415.0580139160156,
      "pressure_drop_pred": 433.1929626464844,
      "pressure_drop_rel_error": 0.04369256374396423,
      "inlet_flux_truth": 0.9993344694501207,
      "inlet_flux_pred": 1.001785529317023,
      "outlet_flux_truth": 0.9986057934544448,
      "outlet_flux_pred": 1.0062483710868908
    },
    {
      "case_id": "C-train-3",
      "num_points": 1843,
      "rel_l2_u": 0.024281561374664307,
      "rel_l2_v": 0.11665385961532593,
      "rel_l2_p": 0.04184137284755707,
      "rel_l2_speed": 0.024272644892334938,
      "mae_u": 0.023338880389928818,
      "mae_v": 0.0008588940836489201,
      "mae_p": 22.04526710510254,
      "wall_max_abs_u_pred": 7.959665526868775e-05,
      "wall_max_abs_v_pred": 3.1005881737655727e-06,
      "pressure_drop_truth": 985.2530517578125,
      "pressure_drop_pred": 937.2425537109375,
      "pressure_drop_rel_error": 0.04872910361578513,
      "inlet_flux_truth": 0.9993344694501207,
      "inlet_flux_pred": 0.999242410594039,
      "outlet_flux_truth": 0.9985955240666415,
      "outlet_flux_pred": 1.0077904054088838
    },
    {
      "case_id": "C-train-4",
      "num_points": 2176,
      "rel_l2_u": 0.015311392955482006,
      "rel_l2_v": 0.17936667799949646,
      "rel_l2_p": 0.03940494731068611,
      "rel_l2_speed": 0.015311657451093197,
      "mae_u": 0.012849126011133194,
      "mae_v": 0.00035267521161586046,
      "mae_p": 5.847465991973877,
      "wall_max_abs_u_pred": 4.656272267311579e-06,
      "wall_max_abs_v_pred": 1.4358199962316576e-07,
      "pressure_drop_truth": 297.37701416015625,
      "pressure_drop_pred": 302.1390075683594,
      "pressure_drop_rel_error": 0.016013320402895954,
      "inlet_flux_truth": 0.9993339531855148,
      "inlet_flux_pred": 0.9883385085858665,
      "outlet_flux_truth": 0.998607746543279,
      "outlet_flux_pred": 1.012702805185534
    },
    {
      "case_id": "C-train-5",
      "num_points": 1914,
      "rel_l2_u": 0.016890451312065125,
      "rel_l2_v": 0.10363633185625076,
      "rel_l2_p": 0.03725041449069977,
      "rel_l2_speed": 0.016888856887817383,
      "mae_u": 0.013892220333218575,
      "mae_v": 0.0004230436170473695,
      "mae_p": 8.79247760772705,
      "wall_max_abs_u_pred": 7.10659605829278e-06,
      "wall_max_abs_v_pred": 4.489791365358542e-07,
      "pressure_drop_truth": 458.4859924316406,
      "pressure_drop_pred": 480.1749267578125,
      "pressure_drop_rel_error": 0.0473055549879326,
      "inlet_flux_truth": 0.9993339531855148,
      "inlet_flux_pred": 0.995219247947881,
      "outlet_flux_truth": 0.9986025291565177,
      "outlet_flux_pred": 1.0212336035105434
    }
  ],
  "验证工况指标": [
    {
      "case_id": "C-val",
      "num_points": 1689,
      "rel_l2_u": 0.025931958109140396,
      "rel_l2_v": 0.10641016066074371,
      "rel_l2_p": 0.10210397839546204,
      "rel_l2_speed": 0.025919124484062195,
      "mae_u": 0.024459224194288254,
      "mae_v": 0.0008994360105134547,
      "mae_p": 79.16421508789062,
      "wall_max_abs_u_pred": 4.23169149144087e-05,
      "wall_max_abs_v_pred": 1.3152814517525258e-06,
      "pressure_drop_truth": 1069.1700439453125,
      "pressure_drop_pred": 930.1383666992188,
      "pressure_drop_rel_error": 0.1300370114496072,
      "inlet_flux_truth": 0.9993339531855148,
      "inlet_flux_pred": 0.9993944009991336,
      "outlet_flux_truth": 0.9985914423065942,
      "outlet_flux_pred": 1.02650788174928
    }
  ]
}