{
  "family": "contraction_2d",
  "run_name": "contraction_independent_geometry_sparse5clean_softwall_ablation_v1_20260420",
  "split_name": "ablation_test_sparse",
  "eval_cases": [
    "C-test-1",
    "C-test-2"
  ],
  "eval_source": "dense",
  "feature_mode": "geometry",
  "feature_cols": [
    "x_star",
    "y_star",
    "beta",
    "lc_over_w",
    "wall_distance_frac",
    "region_id_norm",
    "eta_norm_star",
    "axial_frac_star",
    "segment_id_norm",
    "center_proximity_star",
    "wall_proximity_star",
    "half_width_ratio_star",
    "inv_half_width_ratio_star",
    "contraction_rate_star"
  ],
  "summary": {
    "num_cases": 2,
    "mean_rel_l2_u": 0.16418485715985298,
    "max_rel_l2_u": 0.2261345088481903,
    "mean_rel_l2_v": 0.5665589570999146,
    "max_rel_l2_v": 0.6417458057403564,
    "mean_rel_l2_p": 0.19316198863089085,
    "max_rel_l2_p": 0.3309401869773865,
    "mean_rel_l2_speed": 0.1642717346549034,
    "max_rel_l2_speed": 0.22622516751289368,
    "mean_mae_u": 0.13510636985301971,
    "max_mae_u": 0.1986554116010666,
    "mean_mae_v": 0.0029617472901009023,
    "max_mae_v": 0.004152163863182068,
    "mean_mae_p": 265.7771301269531,
    "max_mae_p": 508.9736633300781,
    "mean_pressure_drop_rel_error": 0.19998635023834918,
    "max_pressure_drop_rel_error": 0.34457589593281807,
    "mean_wall_max_abs_u_pred": 0.9149601757526398,
    "max_wall_max_abs_u_pred": 1.3004246950149536,
    "mean_wall_max_abs_v_pred": 0.05550570599734783,
    "max_wall_max_abs_v_pred": 0.07014051079750061
  },
  "global_metrics": {
    "rel_l2_u": 0.1820780634880066,
    "rel_l2_v": 0.595207154750824,
    "rel_l2_p": 0.3145601749420166,
    "rel_l2_speed": 0.18216265738010406,
    "max_speed_err_over_speed_max": 0.3467814326286316,
    "max_p_err_over_p_range": 0.3744767904281616,
    "p95_speed_err_over_speed_max": 0.26573988795280457,
    "p95_p_err_over_p_range": 0.3400339186191559
  },
  "case_metrics": [
    {
      "case_id": "C-test-1",
      "num_points": 1900,
      "rel_l2_u": 0.10223520547151566,
      "rel_l2_v": 0.49137210845947266,
      "rel_l2_p": 0.05538379028439522,
      "rel_l2_speed": 0.10231830179691315,
      "mae_u": 0.07155732810497284,
      "mae_v": 0.0017713307170197368,
      "mae_p": 22.580596923828125,
      "wall_max_abs_u_pred": 0.5294956564903259,
      "wall_max_abs_v_pred": 0.04087090119719505,
      "pressure_drop_truth": 638.3499755859375,
      "pressure_drop_pred": 673.7125244140625,
      "pressure_drop_rel_error": 0.0553968045438803,
      "inlet_flux_truth": 0.9993342202681574,
      "inlet_flux_pred": 0.9961104496284142,
      "outlet_flux_truth": 0.9985988031622166,
      "outlet_flux_pred": 1.0041439980925535
    },
    {
      "case_id": "C-test-2",
      "num_points": 1545,
      "rel_l2_u": 0.2261345088481903,
      "rel_l2_v": 0.6417458057403564,
      "rel_l2_p": 0.3309401869773865,
      "rel_l2_speed": 0.22622516751289368,
      "mae_u": 0.1986554116010666,
      "mae_v": 0.004152163863182068,
      "mae_p": 508.9736633300781,
      "wall_max_abs_u_pred": 1.3004246950149536,
      "wall_max_abs_v_pred": 0.07014051079750061,
      "pressure_drop_truth": 1957.869873046875,
      "pressure_drop_pred": 1283.235107421875,
      "pressure_drop_rel_error": 0.34457589593281807,
      "inlet_flux_truth": 0.9993339531855148,
      "inlet_flux_pred": 0.9846021123011377,
      "outlet_flux_truth": 0.9985859180816705,
      "outlet_flux_pred": 1.0116376656333177
    }
  ],
  "source_run_config": "/root/dev/pinn-platform-v4/model/results/pinn/contraction_independent_geometry_sparse5clean_softwall_ablation_v1_20260420/config.json"
}