metric,clean,noise3
速度Rel-L2,0.03208403289318085,0.0325407013297081
压力Rel-L2,0.0725301206111908,0.07766788452863693
压降相对误差,0.10933745315055146,0.11482626128870896
