{
  "family": "contraction_2d",
  "run_name": "contraction_independent_geometry_uniform5clean_stagepde_v4",
  "split_name": "test",
  "eval_cases": [
    "C-test-1",
    "C-test-2"
  ],
  "eval_source": "dense",
  "feature_mode": "geometry",
  "feature_cols": [
    "x_star",
    "y_star",
    "beta",
    "lc_over_w",
    "wall_distance_frac",
    "region_id_norm",
    "eta_norm_star",
    "axial_frac_star",
    "segment_id_norm",
    "center_proximity_star",
    "wall_proximity_star",
    "half_width_ratio_star",
    "inv_half_width_ratio_star",
    "contraction_rate_star"
  ],
  "summary": {
    "num_cases": 2,
    "mean_rel_l2_u": 0.024075819179415703,
    "max_rel_l2_u": 0.031811684370040894,
    "mean_rel_l2_v": 0.09937870502471924,
    "max_rel_l2_v": 0.14579366147518158,
    "mean_rel_l2_p": 0.18918643705546856,
    "max_rel_l2_p": 0.33225712180137634,
    "mean_rel_l2_speed": 0.02406579814851284,
    "max_rel_l2_speed": 0.03179502859711647,
    "mean_mae_u": 0.023655940778553486,
    "max_mae_u": 0.03241918608546257,
    "mean_mae_v": 0.0008717536984477192,
    "max_mae_v": 0.0013751245569437742,
    "mean_mae_p": 266.52828311920166,
    "max_mae_p": 513.746337890625,
    "mean_pressure_drop_rel_error": 0.19199056828118333,
    "max_pressure_drop_rel_error": 0.3276638566183277,
    "mean_wall_max_abs_u_pred": 6.026502342137974e-05,
    "max_wall_max_abs_u_pred": 7.52763298805803e-05,
    "mean_wall_max_abs_v_pred": 1.3396622762229526e-06,
    "max_wall_max_abs_v_pred": 1.5059334828038118e-06
  },
  "global_metrics": {
    "rel_l2_u": 0.026127889752388,
    "rel_l2_v": 0.12256547808647156,
    "rel_l2_p": 0.3156600892543793,
    "rel_l2_speed": 0.026115782558918,
    "max_speed_err_over_speed_max": 0.11481329798698425,
    "max_p_err_over_p_range": 0.38200119137763977,
    "p95_speed_err_over_speed_max": 0.025086354464292526,
    "p95_p_err_over_p_range": 0.32933956384658813
  },
  "case_metrics": [
    {
      "case_id": "C-test-1",
      "num_points": 1900,
      "rel_l2_u": 0.016339953988790512,
      "rel_l2_v": 0.0529637485742569,
      "rel_l2_p": 0.046115752309560776,
      "rel_l2_speed": 0.01633656769990921,
      "mae_u": 0.014892695471644402,
      "mae_v": 0.0003683828399516642,
      "mae_p": 19.31022834777832,
      "wall_max_abs_u_pred": 4.525371696217917e-05,
      "wall_max_abs_v_pred": 1.1733910696420935e-06,
      "pressure_drop_truth": 638.3499755859375,
      "pressure_drop_pred": 674.3001098632812,
      "pressure_drop_rel_error": 0.056317279944038984,
      "inlet_flux_truth": 0.9993342202681574,
      "inlet_flux_pred": 0.9933860367691791,
      "outlet_flux_truth": 0.9985988031622166,
      "outlet_flux_pred": 1.005578179072462
    },
    {
      "case_id": "C-test-2",
      "num_points": 1545,
      "rel_l2_u": 0.031811684370040894,
      "rel_l2_v": 0.14579366147518158,
      "rel_l2_p": 0.33225712180137634,
      "rel_l2_speed": 0.03179502859711647,
      "mae_u": 0.03241918608546257,
      "mae_v": 0.0013751245569437742,
      "mae_p": 513.746337890625,
      "wall_max_abs_u_pred": 7.52763298805803e-05,
      "wall_max_abs_v_pred": 1.5059334828038118e-06,
      "pressure_drop_truth": 1957.869873046875,
      "pressure_drop_pred": 1316.3466796875,
      "pressure_drop_rel_error": 0.3276638566183277,
      "inlet_flux_truth": 0.9993339531855148,
      "inlet_flux_pred": 0.9927423017985544,
      "outlet_flux_truth": 0.9985859180816705,
      "outlet_flux_pred": 1.0204392781254858
    }
  ],
  "source_run_config": "model/results/pinn/contraction_independent_geometry_uniform5clean_stagepde_v4/config.json"
}