{
  "速度阶段验证指标": {
    "rel_l2_u": 0.023453837260603905,
    "rel_l2_v": 0.07819390296936035,
    "rel_l2_p": 0.7124885320663452,
    "rel_l2_speed": 0.023453854024410248,
    "max_speed_err_over_speed_max": 0.07163769006729126,
    "max_p_err_over_p_range": 0.7829946875572205,
    "p95_speed_err_over_speed_max": 0.023773595690727234,
    "p95_p_err_over_p_range": 0.742099404335022
  },
  "压力阶段验证指标": {
    "rel_l2_u": 0.023453837260603905,
    "rel_l2_v": 0.07819390296936035,
    "rel_l2_p": 0.09590122848749161,
    "rel_l2_speed": 0.023453854024410248,
    "max_speed_err_over_speed_max": 0.07163769006729126,
    "max_p_err_over_p_range": 0.1492043137550354,
    "p95_speed_err_over_speed_max": 0.023773595690727234,
    "p95_p_err_over_p_range": 0.12191514670848846
  },
  "最终训练指标": {
    "rel_l2_u": 0.017792046070098877,
    "rel_l2_v": 0.06881332397460938,
    "rel_l2_p": 0.03708808869123459,
    "rel_l2_speed": 0.017789579927921295,
    "max_speed_err_over_speed_max": 0.07309285551309586,
    "max_p_err_over_p_range": 0.11780006438493729,
    "p95_speed_err_over_speed_max": 0.014673941768705845,
    "p95_p_err_over_p_range": 0.029263516888022423
  },
  "最终验证指标": {
    "rel_l2_u": 0.02908219024538994,
    "rel_l2_v": 0.07473953813314438,
    "rel_l2_p": 0.09983999282121658,
    "rel_l2_speed": 0.02908121794462204,
    "max_speed_err_over_speed_max": 0.08082971721887589,
    "max_p_err_over_p_range": 0.1609106957912445,
    "p95_speed_err_over_speed_max": 0.029697159305214882,
    "p95_p_err_over_p_range": 0.13067463040351868
  },
  "训练工况指标": [
    {
      "case_id": "C-base",
      "num_points": 2113,
      "rel_l2_u": 0.01675502024590969,
      "rel_l2_v": 0.05195232108235359,
      "rel_l2_p": 0.03281571343541145,
      "rel_l2_speed": 0.016751760616898537,
      "mae_u": 0.016421180218458176,
      "mae_v": 0.00025844096671789885,
      "mae_p": 7.591928958892822,
      "wall_max_abs_u_pred": 1.604456701898016e-05,
      "wall_max_abs_v_pred": 7.160675750128576e-07,
      "pressure_drop_truth": 415.0580139160156,
      "pressure_drop_pred": 430.0434265136719,
      "pressure_drop_rel_error": 0.03610438082202267,
      "inlet_flux_truth": 0.9993344694501207,
      "inlet_flux_pred": 0.9979823600375344,
      "outlet_flux_truth": 0.9986057934544448,
      "outlet_flux_pred": 1.006557242985
    },
    {
      "case_id": "C-train-1",
      "num_points": 2339,
      "rel_l2_u": 0.015573452226817608,
      "rel_l2_v": 0.12704941630363464,
      "rel_l2_p": 0.04985598474740982,
      "rel_l2_speed": 0.015573517419397831,
      "mae_u": 0.014219426549971104,
      "mae_v": 0.00027485840837471187,
      "mae_p": 6.991259574890137,
      "wall_max_abs_u_pred": 8.090852134046145e-06,
      "wall_max_abs_v_pred": 1.6672112224114244e-07,
      "pressure_drop_truth": 266.37799072265625,
      "pressure_drop_pred": 255.46426391601562,
      "pressure_drop_rel_error": 0.04097082787144973,
      "inlet_flux_truth": 0.9993344694501207,
      "inlet_flux_pred": 0.991976267925017,
      "outlet_flux_truth": 0.9987080622554707,
      "outlet_flux_pred": 0.9950361406879275
    },
    {
      "case_id": "C-train-2",
      "num_points": 2113,
      "rel_l2_u": 0.01675502024590969,
      "rel_l2_v": 0.05195232108235359,
      "rel_l2_p": 0.03281571343541145,
      "rel_l2_speed": 0.016751760616898537,
      "mae_u": 0.016421180218458176,
      "mae_v": 0.00025844096671789885,
      "mae_p": 7.591928958892822,
      "wall_max_abs_u_pred": 1.604456701898016e-05,
      "wall_max_abs_v_pred": 7.160675750128576e-07,
      "pressure_drop_truth": 415.0580139160156,
      "pressure_drop_pred": 430.0434265136719,
      "pressure_drop_rel_error": 0.03610438082202267,
      "inlet_flux_truth": 0.9993344694501207,
      "inlet_flux_pred": 0.9979823600375344,
      "outlet_flux_truth": 0.9986057934544448,
      "outlet_flux_pred": 1.006557242985
    },
    {
      "case_id": "C-train-3",
      "num_points": 1843,
      "rel_l2_u": 0.023601120337843895,
      "rel_l2_v": 0.0613970048725605,
      "rel_l2_p": 0.037821169942617416,
      "rel_l2_speed": 0.02359584905207157,
      "mae_u": 0.022197773680090904,
      "mae_v": 0.0005231750546954572,
      "mae_p": 20.93842887878418,
      "wall_max_abs_u_pred": 8.070715557551011e-05,
      "wall_max_abs_v_pred": 2.9507204999390524e-06,
      "pressure_drop_truth": 985.2530517578125,
      "pressure_drop_pred": 926.8366088867188,
      "pressure_drop_rel_error": 0.059290801248340796,
      "inlet_flux_truth": 0.9993344694501207,
      "inlet_flux_pred": 0.9982882026855837,
      "outlet_flux_truth": 0.9985955240666415,
      "outlet_flux_pred": 1.0075558492394339
    },
    {
      "case_id": "C-train-4",
      "num_points": 2176,
      "rel_l2_u": 0.014685174450278282,
      "rel_l2_v": 0.17745792865753174,
      "rel_l2_p": 0.03328539431095123,
      "rel_l2_speed": 0.014685196802020073,
      "mae_u": 0.012139413505792618,
      "mae_v": 0.00032762077171355486,
      "mae_p": 4.734396457672119,
      "wall_max_abs_u_pred": 4.594555775838671e-06,
      "wall_max_abs_v_pred": 1.3219184324952948e-07,
      "pressure_drop_truth": 297.37701416015625,
      "pressure_drop_pred": 306.4331970214844,
      "pressure_drop_rel_error": 0.030453540220330443,
      "inlet_flux_truth": 0.9993339531855148,
      "inlet_flux_pred": 0.9959344619468768,
      "outlet_flux_truth": 0.998607746543279,
      "outlet_flux_pred": 1.0054187696999715
    },
    {
      "case_id": "C-train-5",
      "num_points": 1914,
      "rel_l2_u": 0.015090890228748322,
      "rel_l2_v": 0.08383087068796158,
      "rel_l2_p": 0.03660259023308754,
      "rel_l2_speed": 0.015090025961399078,
      "mae_u": 0.012280984781682491,
      "mae_v": 0.0003634865570347756,
      "mae_p": 9.062265396118164,
      "wall_max_abs_u_pred": 6.885260972921969e-06,
      "wall_max_abs_v_pred": 4.114180569558812e-07,
      "pressure_drop_truth": 458.4859924316406,
      "pressure_drop_pred": 478.9757080078125,
      "pressure_drop_rel_error": 0.04468994890662185,
      "inlet_flux_truth": 0.9993339531855148,
      "inlet_flux_pred": 0.9998871540979473,
      "outlet_flux_truth": 0.9986025291565177,
      "outlet_flux_pred": 1.0112304340834601
    }
  ],
  "验证工况指标": [
    {
      "case_id": "C-val",
      "num_points": 1689,
      "rel_l2_u": 0.02908219024538994,
      "rel_l2_v": 0.07473953813314438,
      "rel_l2_p": 0.09983999282121658,
      "rel_l2_speed": 0.02908121794462204,
      "mae_u": 0.026890037581324577,
      "mae_v": 0.0007156317005865276,
      "mae_p": 76.49041748046875,
      "wall_max_abs_u_pred": 4.1306680941488594e-05,
      "wall_max_abs_v_pred": 1.1804241921709036e-06,
      "pressure_drop_truth": 1069.1700439453125,
      "pressure_drop_pred": 931.1229248046875,
      "pressure_drop_rel_error": 0.12911614941176366,
      "inlet_flux_truth": 0.9993339531855148,
      "inlet_flux_pred": 0.999288565388337,
      "outlet_flux_truth": 0.9985914423065942,
      "outlet_flux_pred": 1.0052737874724826
    }
  ]
}