{
  "速度阶段验证指标": {
    "rel_l2_u": 0.055954840034246445,
    "rel_l2_v": 0.035711031407117844,
    "rel_l2_p": 0.4979207217693329,
    "rel_l2_speed": 0.03136942535638809,
    "max_speed_err_over_speed_max": 0.12704235315322876,
    "max_p_err_over_p_range": 0.5591002106666565,
    "p95_speed_err_over_speed_max": 0.04314877837896347,
    "p95_p_err_over_p_range": 0.5072699785232544
  },
  "压力阶段验证指标": {
    "rel_l2_u": 0.055954840034246445,
    "rel_l2_v": 0.035711031407117844,
    "rel_l2_p": 0.019972851499915123,
    "rel_l2_speed": 0.03136942535638809,
    "max_speed_err_over_speed_max": 0.12704235315322876,
    "max_p_err_over_p_range": 0.03955995664000511,
    "p95_speed_err_over_speed_max": 0.04314877837896347,
    "p95_p_err_over_p_range": 0.02330433763563633
  },
  "最终训练指标": {
    "rel_l2_u": 0.027303434908390045,
    "rel_l2_v": 0.019142743200063705,
    "rel_l2_p": 0.00998263992369175,
    "rel_l2_speed": 0.017801139503717422,
    "max_speed_err_over_speed_max": 0.0749601200222969,
    "max_p_err_over_p_range": 0.029137803241610527,
    "p95_speed_err_over_speed_max": 0.025361953303217888,
    "p95_p_err_over_p_range": 0.011926719918847084
  },
  "最终验证指标": {
    "rel_l2_u": 0.036578793078660965,
    "rel_l2_v": 0.022841760888695717,
    "rel_l2_p": 0.02238832227885723,
    "rel_l2_speed": 0.021416256204247475,
    "max_speed_err_over_speed_max": 0.08541256189346313,
    "max_p_err_over_p_range": 0.037346743047237396,
    "p95_speed_err_over_speed_max": 0.03057353012263775,
    "p95_p_err_over_p_range": 0.026419978588819504
  },
  "训练工况指标": [
    {
      "case_id": "B-base",
      "num_points": 10493,
      "rel_l2_u": 0.025543665513396263,
      "rel_l2_v": 0.01887861080467701,
      "rel_l2_p": 0.008214647881686687,
      "rel_l2_speed": 0.017184758558869362,
      "mae_u": 0.014639648608863354,
      "mae_v": 0.011820154264569283,
      "mae_p": 0.8107330799102783,
      "wall_max_abs_u_pred": 0.0732106864452362,
      "wall_max_abs_v_pred": 0.05080616474151611,
      "pressure_drop_truth": 233.19903564453125,
      "pressure_drop_pred": 232.0378875732422,
      "pressure_drop_rel_error": 0.004979214721363655,
      "inlet_flux_truth": 0.9992260762213103,
      "inlet_flux_pred": 0.996244830306309,
      "outlet_flux_truth": 0.9992386690341846,
      "outlet_flux_pred": 0.9976340343323358
    },
    {
      "case_id": "B-train-1",
      "num_points": 10493,
      "rel_l2_u": 0.025543665513396263,
      "rel_l2_v": 0.01887861080467701,
      "rel_l2_p": 0.008214647881686687,
      "rel_l2_speed": 0.017184758558869362,
      "mae_u": 0.014639648608863354,
      "mae_v": 0.011820154264569283,
      "mae_p": 0.8107330799102783,
      "wall_max_abs_u_pred": 0.0732106864452362,
      "wall_max_abs_v_pred": 0.05080616474151611,
      "pressure_drop_truth": 233.19903564453125,
      "pressure_drop_pred": 232.0378875732422,
      "pressure_drop_rel_error": 0.004979214721363655,
      "inlet_flux_truth": 0.9992260762213103,
      "inlet_flux_pred": 0.996244830306309,
      "outlet_flux_truth": 0.9992386690341846,
      "outlet_flux_pred": 0.9976340343323358
    },
    {
      "case_id": "B-train-2",
      "num_points": 9672,
      "rel_l2_u": 0.027803244069218636,
      "rel_l2_v": 0.018791113048791885,
      "rel_l2_p": 0.009764356538653374,
      "rel_l2_speed": 0.017893001437187195,
      "mae_u": 0.015134325250983238,
      "mae_v": 0.01196601428091526,
      "mae_p": 0.9138379693031311,
      "wall_max_abs_u_pred": 0.08126071095466614,
      "wall_max_abs_v_pred": 0.04900670051574707,
      "pressure_drop_truth": 214.36801147460938,
      "pressure_drop_pred": 212.64845275878906,
      "pressure_drop_rel_error": 0.00802152664472505,
      "inlet_flux_truth": 0.9992260762213103,
      "inlet_flux_pred": 1.0002074370964866,
      "outlet_flux_truth": 0.9992261264389128,
      "outlet_flux_pred": 0.9998858874159424
    },
    {
      "case_id": "B-train-3",
      "num_points": 9126,
      "rel_l2_u": 0.030549118295311928,
      "rel_l2_v": 0.020069418475031853,
      "rel_l2_p": 0.014511313289403915,
      "rel_l2_speed": 0.019043123349547386,
      "mae_u": 0.017061026766896248,
      "mae_v": 0.012465053237974644,
      "mae_p": 1.2841873168945312,
      "wall_max_abs_u_pred": 0.10051879286766052,
      "wall_max_abs_v_pred": 0.06382894515991211,
      "pressure_drop_truth": 195.54698181152344,
      "pressure_drop_pred": 195.30303955078125,
      "pressure_drop_rel_error": 0.0012474867087302235,
      "inlet_flux_truth": 0.9992260762213103,
      "inlet_flux_pred": 0.9908765747459247,
      "outlet_flux_truth": 0.9992261656413319,
      "outlet_flux_pred": 1.0005843648658512
    }
  ],
  "验证工况指标": [
    {
      "case_id": "B-val",
      "num_points": 8385,
      "rel_l2_u": 0.036578793078660965,
      "rel_l2_v": 0.022841760888695717,
      "rel_l2_p": 0.02238832227885723,
      "rel_l2_speed": 0.021416256204247475,
      "mae_u": 0.02097250707447529,
      "mae_v": 0.014073209837079048,
      "mae_p": 1.9815150499343872,
      "wall_max_abs_u_pred": 0.11607113480567932,
      "wall_max_abs_v_pred": 0.07497090101242065,
      "pressure_drop_truth": 186.1420135498047,
      "pressure_drop_pred": 187.50933837890625,
      "pressure_drop_rel_error": 0.007345600292089405,
      "inlet_flux_truth": 0.9992260762213103,
      "inlet_flux_pred": 0.9816787904234019,
      "outlet_flux_truth": 0.999226204843751,
      "outlet_flux_pred": 0.9998961535687414
    }
  ]
}