{
  "family": "bend_2d",
  "run_name": "bend_supervised_geometry_v1_20260331",
  "split_name": "test",
  "eval_cases": [
    "B-test-1",
    "B-test-2"
  ],
  "checkpoint_epoch": 1500,
  "feature_mode": "geometry",
  "feature_cols": [
    "x_star",
    "y_star",
    "rc_over_w",
    "theta_over_90",
    "wall_distance_frac",
    "region_id_norm",
    "eta_norm_star",
    "axial_frac_star",
    "inlet_profile_star",
    "tangent_x_star",
    "tangent_y_star",
    "segment_id_norm",
    "center_proximity_star",
    "wall_proximity_star",
    "curvature_star"
  ],
  "eval_total_loss": 0.06846929341554642,
  "eval_loss_u": 0.022398389875888824,
  "eval_loss_v": 0.0013752070954069495,
  "eval_loss_p": 0.04469569772481918,
  "summary": {
    "num_cases": 2,
    "mean_rel_l2_u": 0.07372805662453175,
    "max_rel_l2_u": 0.13544400036334991,
    "mean_rel_l2_v": 0.02484765648841858,
    "max_rel_l2_v": 0.04024899750947952,
    "mean_rel_l2_p": 0.10916001535952091,
    "max_rel_l2_p": 0.2010294795036316,
    "mean_rel_l2_speed": 0.03505345154553652,
    "max_rel_l2_speed": 0.06268469244241714,
    "mean_mae_u": 0.04130859929136932,
    "max_mae_u": 0.07621610909700394,
    "mean_mae_v": 0.013103553792461753,
    "max_mae_v": 0.02020227536559105,
    "mean_mae_p": 10.269934952259064,
    "max_mae_p": 19.228832244873047,
    "mean_pressure_drop_rel_error": 0.06382671950145653,
    "max_pressure_drop_rel_error": 0.11228518043844428,
    "mean_wall_max_abs_u_pred": 0.03807845711708069,
    "max_wall_max_abs_u_pred": 0.04241597652435303,
    "mean_wall_max_abs_v_pred": 0.03597903251647949,
    "max_wall_max_abs_v_pred": 0.03953981399536133
  },
  "case_metrics": [
    {
      "case_id": "B-test-1",
      "num_points": 8015,
      "rel_l2_u": 0.012012112885713577,
      "rel_l2_v": 0.009446315467357635,
      "rel_l2_p": 0.017290551215410233,
      "rel_l2_speed": 0.007422210648655891,
      "mae_u": 0.006401089485734701,
      "mae_v": 0.006004832219332457,
      "mae_p": 1.3110376596450806,
      "wall_max_abs_u_pred": 0.03374093770980835,
      "wall_max_abs_v_pred": 0.032418251037597656,
      "pressure_drop_truth": 176.74301147460938,
      "pressure_drop_pred": 179.45924377441406,
      "pressure_drop_rel_error": 0.015368258564468796,
      "inlet_flux_truth": 0.9992260762213103,
      "inlet_flux_pred": 0.9966764161243811,
      "outlet_flux_truth": 0.999226204843751,
      "outlet_flux_pred": 0.9945162645566086
    },
    {
      "case_id": "B-test-2",
      "num_points": 7721,
      "rel_l2_u": 0.13544400036334991,
      "rel_l2_v": 0.04024899750947952,
      "rel_l2_p": 0.2010294795036316,
      "rel_l2_speed": 0.06268469244241714,
      "mae_u": 0.07621610909700394,
      "mae_v": 0.02020227536559105,
      "mae_p": 19.228832244873047,
      "wall_max_abs_u_pred": 0.04241597652435303,
      "wall_max_abs_v_pred": 0.03953981399536133,
      "pressure_drop_truth": 170.36097717285156,
      "pressure_drop_pred": 189.489990234375,
      "pressure_drop_rel_error": 0.11228518043844428,
      "inlet_flux_truth": 0.9992260762213103,
      "inlet_flux_pred": 1.014771058145786,
      "outlet_flux_truth": 0.9992037913462095,
      "outlet_flux_pred": 0.9129726582626572
    }
  ]
}