{
  "family": "contraction_2d",
  "run_name": "contraction_independent_geometry_uniform15clean_stagepde_v4_ratecheck_20260502",
  "split_name": "test",
  "eval_cases": [
    "C-test-1",
    "C-test-2"
  ],
  "eval_source": "dense",
  "feature_mode": "geometry",
  "feature_cols": [
    "x_star",
    "y_star",
    "beta",
    "lc_over_w",
    "wall_distance_frac",
    "region_id_norm",
    "eta_norm_star",
    "axial_frac_star",
    "segment_id_norm",
    "center_proximity_star",
    "wall_proximity_star",
    "half_width_ratio_star",
    "inv_half_width_ratio_star",
    "contraction_rate_star"
  ],
  "summary": {
    "num_cases": 2,
    "mean_rel_l2_u": 0.032578110694885254,
    "max_rel_l2_u": 0.046427734196186066,
    "mean_rel_l2_v": 0.08285724185407162,
    "max_rel_l2_v": 0.10322751849889755,
    "mean_rel_l2_p": 0.1866445392370224,
    "max_rel_l2_p": 0.3239770233631134,
    "mean_rel_l2_speed": 0.03257483523339033,
    "max_rel_l2_speed": 0.046423669904470444,
    "mean_mae_u": 0.0318784024566412,
    "max_mae_u": 0.045911554247140884,
    "mean_mae_v": 0.0007516164041589946,
    "max_mae_v": 0.0011149020865559578,
    "mean_mae_p": 256.3070306777954,
    "max_mae_p": 494.5351257324219,
    "mean_pressure_drop_rel_error": 0.1973075574170975,
    "max_pressure_drop_rel_error": 0.33953651348255814,
    "mean_wall_max_abs_u_pred": 6.181020762596745e-05,
    "max_wall_max_abs_u_pred": 7.468018884537742e-05,
    "mean_wall_max_abs_v_pred": 1.2872154684373527e-06,
    "max_wall_max_abs_v_pred": 1.5223844229694805e-06
  },
  "global_metrics": {
    "rel_l2_u": 0.03684760630130768,
    "rel_l2_v": 0.09151509404182434,
    "rel_l2_p": 0.3078596889972687,
    "rel_l2_speed": 0.036844443529844284,
    "max_speed_err_over_speed_max": 0.11392898857593536,
    "max_p_err_over_p_range": 0.3729607164859772,
    "p95_speed_err_over_speed_max": 0.03871631622314453,
    "p95_p_err_over_p_range": 0.33666232228279114
  },
  "case_metrics": [
    {
      "case_id": "C-test-1",
      "num_points": 1900,
      "rel_l2_u": 0.018728487193584442,
      "rel_l2_v": 0.06248696520924568,
      "rel_l2_p": 0.049312055110931396,
      "rel_l2_speed": 0.01872600056231022,
      "mae_u": 0.01784525066614151,
      "mae_v": 0.0003883307217620313,
      "mae_p": 18.078935623168945,
      "wall_max_abs_u_pred": 4.8940226406557485e-05,
      "wall_max_abs_v_pred": 1.0520465139052249e-06,
      "pressure_drop_truth": 638.3499755859375,
      "pressure_drop_pred": 673.5093994140625,
      "pressure_drop_rel_error": 0.055078601351636815,
      "inlet_flux_truth": 0.9993342202681574,
      "inlet_flux_pred": 0.992236115494903,
      "outlet_flux_truth": 0.9985988031622166,
      "outlet_flux_pred": 1.0027053116627913
    },
    {
      "case_id": "C-test-2",
      "num_points": 1545,
      "rel_l2_u": 0.046427734196186066,
      "rel_l2_v": 0.10322751849889755,
      "rel_l2_p": 0.3239770233631134,
      "rel_l2_speed": 0.046423669904470444,
      "mae_u": 0.045911554247140884,
      "mae_v": 0.0011149020865559578,
      "mae_p": 494.5351257324219,
      "wall_max_abs_u_pred": 7.468018884537742e-05,
      "wall_max_abs_v_pred": 1.5223844229694805e-06,
      "pressure_drop_truth": 1957.869873046875,
      "pressure_drop_pred": 1293.1015625,
      "pressure_drop_rel_error": 0.33953651348255814,
      "inlet_flux_truth": 0.9993339531855148,
      "inlet_flux_pred": 0.9845227330842989,
      "outlet_flux_truth": 0.9985859180816705,
      "outlet_flux_pred": 0.9840395299981619
    }
  ],
  "source_run_config": "/root/dev/pinn-platform-v4/model/results/pinn/contraction_independent_geometry_uniform15clean_stagepde_v4_ratecheck_20260502/config.json"
}