{
  "family": "contraction_2d",
  "run_name": "contraction_independent_geometry_uniform10clean_stagepde_v4_ratecheck_20260502",
  "split_name": "test",
  "eval_cases": [
    "C-test-1",
    "C-test-2"
  ],
  "eval_source": "dense",
  "feature_mode": "geometry",
  "feature_cols": [
    "x_star",
    "y_star",
    "beta",
    "lc_over_w",
    "wall_distance_frac",
    "region_id_norm",
    "eta_norm_star",
    "axial_frac_star",
    "segment_id_norm",
    "center_proximity_star",
    "wall_proximity_star",
    "half_width_ratio_star",
    "inv_half_width_ratio_star",
    "contraction_rate_star"
  ],
  "summary": {
    "num_cases": 2,
    "mean_rel_l2_u": 0.028741909191012383,
    "max_rel_l2_u": 0.040321819484233856,
    "mean_rel_l2_v": 0.0755341537296772,
    "max_rel_l2_v": 0.08617135137319565,
    "mean_rel_l2_p": 0.18368656933307648,
    "max_rel_l2_p": 0.31953170895576477,
    "mean_rel_l2_speed": 0.028740704990923405,
    "max_rel_l2_speed": 0.04032035171985626,
    "mean_mae_u": 0.029068440198898315,
    "max_mae_u": 0.04152529314160347,
    "mean_mae_v": 0.0005922477139392868,
    "max_mae_v": 0.0007988399011082947,
    "mean_mae_p": 253.32692527770996,
    "max_mae_p": 488.8128662109375,
    "mean_pressure_drop_rel_error": 0.19548624172043644,
    "max_pressure_drop_rel_error": 0.33371072899774096,
    "mean_wall_max_abs_u_pred": 6.014618884364609e-05,
    "max_wall_max_abs_u_pred": 7.318636926356703e-05,
    "mean_wall_max_abs_v_pred": 1.334450814738375e-06,
    "max_wall_max_abs_v_pred": 1.5564872910545091e-06
  },
  "global_metrics": {
    "rel_l2_u": 0.03220794349908829,
    "rel_l2_v": 0.07962222397327423,
    "rel_l2_p": 0.3036230206489563,
    "rel_l2_speed": 0.032206907868385315,
    "max_speed_err_over_speed_max": 0.10302473604679108,
    "max_p_err_over_p_range": 0.3525465130805969,
    "p95_speed_err_over_speed_max": 0.03261524811387062,
    "p95_p_err_over_p_range": 0.3283804655075073
  },
  "case_metrics": [
    {
      "case_id": "C-test-1",
      "num_points": 1900,
      "rel_l2_u": 0.01716199889779091,
      "rel_l2_v": 0.06489695608615875,
      "rel_l2_p": 0.047841429710388184,
      "rel_l2_speed": 0.017161058261990547,
      "mae_u": 0.01661158725619316,
      "mae_v": 0.0003856555267702788,
      "mae_p": 17.840984344482422,
      "wall_max_abs_u_pred": 4.710600842372514e-05,
      "wall_max_abs_v_pred": 1.1124143384222407e-06,
      "pressure_drop_truth": 638.3499755859375,
      "pressure_drop_pred": 674.9030151367188,
      "pressure_drop_rel_error": 0.05726175444313189,
      "inlet_flux_truth": 0.9993342202681574,
      "inlet_flux_pred": 0.9935907930244033,
      "outlet_flux_truth": 0.9985988031622166,
      "outlet_flux_pred": 0.9958362663667542
    },
    {
      "case_id": "C-test-2",
      "num_points": 1545,
      "rel_l2_u": 0.040321819484233856,
      "rel_l2_v": 0.08617135137319565,
      "rel_l2_p": 0.31953170895576477,
      "rel_l2_speed": 0.04032035171985626,
      "mae_u": 0.04152529314160347,
      "mae_v": 0.0007988399011082947,
      "mae_p": 488.8128662109375,
      "wall_max_abs_u_pred": 7.318636926356703e-05,
      "wall_max_abs_v_pred": 1.5564872910545091e-06,
      "pressure_drop_truth": 1957.869873046875,
      "pressure_drop_pred": 1304.5076904296875,
      "pressure_drop_rel_error": 0.33371072899774096,
      "inlet_flux_truth": 0.9993339531855148,
      "inlet_flux_pred": 0.983413052203749,
      "outlet_flux_truth": 0.9985859180816705,
      "outlet_flux_pred": 0.9834377892495008
    }
  ],
  "source_run_config": "/root/dev/pinn-platform-v4/model/results/pinn/contraction_independent_geometry_uniform10clean_stagepde_v4_ratecheck_20260502/config.json"
}