rate,speed,pressure
1,0.024808580055832863,0.039155151695013046
5,0.022785799577832222,0.032962530851364136
10,0.02371908910572529,0.030695796012878418
15,0.02277345210313797,0.030403105542063713
