{
  "速度阶段验证指标": {
    "rel_l2_u": 0.05862659960985184,
    "rel_l2_v": 0.03731381520628929,
    "rel_l2_p": 0.5064399242401123,
    "rel_l2_speed": 0.034612540155649185,
    "max_speed_err_over_speed_max": 0.16101296246051788,
    "max_p_err_over_p_range": 0.5584126710891724,
    "p95_speed_err_over_speed_max": 0.04325013607740402,
    "p95_p_err_over_p_range": 0.5075909495353699
  },
  "压力阶段验证指标": {
    "rel_l2_u": 0.05862659960985184,
    "rel_l2_v": 0.03731381520628929,
    "rel_l2_p": 0.021020984277129173,
    "rel_l2_speed": 0.034612540155649185,
    "max_speed_err_over_speed_max": 0.16101296246051788,
    "max_p_err_over_p_range": 0.03951125591993332,
    "p95_speed_err_over_speed_max": 0.04325013607740402,
    "p95_p_err_over_p_range": 0.0233536958694458
  },
  "最终训练指标": {
    "rel_l2_u": 0.031066829338669777,
    "rel_l2_v": 0.017088547348976135,
    "rel_l2_p": 0.014598344452679157,
    "rel_l2_speed": 0.019659528508782387,
    "max_speed_err_over_speed_max": 0.14708206057548523,
    "max_p_err_over_p_range": 0.038824837654829025,
    "p95_speed_err_over_speed_max": 0.01961170881986618,
    "p95_p_err_over_p_range": 0.01650933176279068
  },
  "最终验证指标": {
    "rel_l2_u": 0.038817476481199265,
    "rel_l2_v": 0.020122317597270012,
    "rel_l2_p": 0.032962530851364136,
    "rel_l2_speed": 0.022785799577832222,
    "max_speed_err_over_speed_max": 0.13576947152614594,
    "max_p_err_over_p_range": 0.045468684285879135,
    "p95_speed_err_over_speed_max": 0.0267731174826622,
    "p95_p_err_over_p_range": 0.032344695180654526
  },
  "训练工况指标": [
    {
      "case_id": "B-base__ip_blunted",
      "num_points": 10493,
      "rel_l2_u": 0.029717301949858665,
      "rel_l2_v": 0.016601234674453735,
      "rel_l2_p": 0.013890733942389488,
      "rel_l2_speed": 0.019176142290234566,
      "mae_u": 0.012344376184046268,
      "mae_v": 0.009038806892931461,
      "mae_p": 1.386963963508606,
      "wall_max_abs_u_pred": 9.676205809228122e-05,
      "wall_max_abs_v_pred": 0.00018427653412800282,
      "pressure_drop_truth": 234.82809448242188,
      "pressure_drop_pred": 226.2942657470703,
      "pressure_drop_rel_error": 0.03634074855549419,
      "inlet_flux_truth": 0.9986742110685451,
      "inlet_flux_pred": 0.9930654605782565,
      "outlet_flux_truth": 0.9992386690341846,
      "outlet_flux_pred": 0.9994693856309027
    },
    {
      "case_id": "B-train-1__ip_blunted",
      "num_points": 10493,
      "rel_l2_u": 0.029717301949858665,
      "rel_l2_v": 0.016601234674453735,
      "rel_l2_p": 0.013890733942389488,
      "rel_l2_speed": 0.019176142290234566,
      "mae_u": 0.012344376184046268,
      "mae_v": 0.009038806892931461,
      "mae_p": 1.386963963508606,
      "wall_max_abs_u_pred": 9.676205809228122e-05,
      "wall_max_abs_v_pred": 0.00018427653412800282,
      "pressure_drop_truth": 234.82809448242188,
      "pressure_drop_pred": 226.2942657470703,
      "pressure_drop_rel_error": 0.03634074855549419,
      "inlet_flux_truth": 0.9986742110685451,
      "inlet_flux_pred": 0.9930654605782565,
      "outlet_flux_truth": 0.9992386690341846,
      "outlet_flux_pred": 0.9994693856309027
    },
    {
      "case_id": "B-train-2__ip_blunted",
      "num_points": 9672,
      "rel_l2_u": 0.03173422813415527,
      "rel_l2_v": 0.017125220969319344,
      "rel_l2_p": 0.012437816709280014,
      "rel_l2_speed": 0.019806116819381714,
      "mae_u": 0.013421821407973766,
      "mae_v": 0.009467758238315582,
      "mae_p": 1.2194087505340576,
      "wall_max_abs_u_pred": 4.1559585952199996e-05,
      "wall_max_abs_v_pred": 5.808084097225219e-05,
      "pressure_drop_truth": 215.9958038330078,
      "pressure_drop_pred": 209.4608154296875,
      "pressure_drop_rel_error": 0.030255163699257133,
      "inlet_flux_truth": 0.9986742110685451,
      "inlet_flux_pred": 0.9978322500351942,
      "outlet_flux_truth": 0.9992260705256228,
      "outlet_flux_pred": 1.0022580085512658
    },
    {
      "case_id": "B-train-3__ip_blunted",
      "num_points": 9126,
      "rel_l2_u": 0.033346544951200485,
      "rel_l2_v": 0.018096445128321648,
      "rel_l2_p": 0.018808439373970032,
      "rel_l2_speed": 0.020573096349835396,
      "mae_u": 0.014742963016033173,
      "mae_v": 0.010277883149683475,
      "mae_p": 1.7002753019332886,
      "wall_max_abs_u_pred": 5.1386476116022095e-05,
      "wall_max_abs_v_pred": 5.95102428633254e-05,
      "pressure_drop_truth": 197.17335510253906,
      "pressure_drop_pred": 195.28489685058594,
      "pressure_drop_rel_error": 0.009577654399454894,
      "inlet_flux_truth": 0.9986742110685451,
      "inlet_flux_pred": 0.9898348253134577,
      "outlet_flux_truth": 0.9992261097282835,
      "outlet_flux_pred": 1.0012840128357787
    }
  ],
  "验证工况指标": [
    {
      "case_id": "B-val__ip_blunted",
      "num_points": 8385,
      "rel_l2_u": 0.038817476481199265,
      "rel_l2_v": 0.020122317597270012,
      "rel_l2_p": 0.032962530851364136,
      "rel_l2_speed": 0.022785799577832222,
      "mae_u": 0.018486181274056435,
      "mae_v": 0.01165970042347908,
      "mae_p": 3.1439881324768066,
      "wall_max_abs_u_pred": 5.530312409973703e-05,
      "wall_max_abs_v_pred": 5.960917042102665e-05,
      "pressure_drop_truth": 187.7733917236328,
      "pressure_drop_pred": 189.35858154296875,
      "pressure_drop_rel_error": 0.008442036460996727,
      "inlet_flux_truth": 0.9986742110685451,
      "inlet_flux_pred": 0.9812654573520696,
      "outlet_flux_truth": 0.9992261489309442,
      "outlet_flux_pred": 0.9993623927079867
    }
  ]
}