{
  "best_epoch": 1183,
  "best_val_total": 0.009346827864646912,
  "stop_epoch": 1383,
  "train_case_metrics": [
    {
      "case_id": "C-base",
      "num_points": 84,
      "rel_l2_u": 0.002811876591295004,
      "rel_l2_v": 0.022846734151244164,
      "rel_l2_p": 0.016523931175470352,
      "rel_l2_speed": 0.002811741316691041,
      "mae_u": 0.0028502349741756916,
      "mae_v": 0.00022875407012179494,
      "mae_p": 4.08740758895874,
      "wall_max_abs_u_pred": 0.0,
      "wall_max_abs_v_pred": 0.0,
      "pressure_drop_truth": 0.0,
      "pressure_drop_pred": 0.0,
      "pressure_drop_rel_error": 0.0,
      "inlet_flux_truth": null,
      "inlet_flux_pred": null,
      "outlet_flux_truth": null,
      "outlet_flux_pred": null
    },
    {
      "case_id": "C-train-1",
      "num_points": 96,
      "rel_l2_u": 0.0031184647232294083,
      "rel_l2_v": 0.03266607224941254,
      "rel_l2_p": 0.03408833220601082,
      "rel_l2_speed": 0.003118097083643079,
      "mae_u": 0.002802399219945073,
      "mae_v": 0.0001670447672950104,
      "mae_p": 5.31720495223999,
      "wall_max_abs_u_pred": 0.0,
      "wall_max_abs_v_pred": 0.0,
      "pressure_drop_truth": 0.0,
      "pressure_drop_pred": 0.0,
      "pressure_drop_rel_error": 0.0,
      "inlet_flux_truth": null,
      "inlet_flux_pred": null,
      "outlet_flux_truth": null,
      "outlet_flux_pred": null
    },
    {
      "case_id": "C-train-2",
      "num_points": 84,
      "rel_l2_u": 0.002811876591295004,
      "rel_l2_v": 0.022846734151244164,
      "rel_l2_p": 0.016523931175470352,
      "rel_l2_speed": 0.002811741316691041,
      "mae_u": 0.0028502349741756916,
      "mae_v": 0.00022875407012179494,
      "mae_p": 4.08740758895874,
      "wall_max_abs_u_pred": 0.0,
      "wall_max_abs_v_pred": 0.0,
      "pressure_drop_truth": 0.0,
      "pressure_drop_pred": 0.0,
      "pressure_drop_rel_error": 0.0,
      "inlet_flux_truth": null,
      "inlet_flux_pred": null,
      "outlet_flux_truth": null,
      "outlet_flux_pred": null
    },
    {
      "case_id": "C-train-3",
      "num_points": 71,
      "rel_l2_u": 0.0031906215008348227,
      "rel_l2_v": 0.030465781688690186,
      "rel_l2_p": 0.012784444727003574,
      "rel_l2_speed": 0.0031922576017677784,
      "mae_u": 0.004017338156700134,
      "mae_v": 0.0005567396874539554,
      "mae_p": 8.636859893798828,
      "wall_max_abs_u_pred": 0.0,
      "wall_max_abs_v_pred": 0.0,
      "pressure_drop_truth": 0.0,
      "pressure_drop_pred": 0.0,
      "pressure_drop_rel_error": 0.0,
      "inlet_flux_truth": null,
      "inlet_flux_pred": null,
      "outlet_flux_truth": null,
      "outlet_flux_pred": null
    },
    {
      "case_id": "C-train-4",
      "num_points": 87,
      "rel_l2_u": 0.00292010884732008,
      "rel_l2_v": 0.04379454627633095,
      "rel_l2_p": 0.026694541797041893,
      "rel_l2_speed": 0.002920105354860425,
      "mae_u": 0.0025049105752259493,
      "mae_v": 0.0001640010450500995,
      "mae_p": 4.504587650299072,
      "wall_max_abs_u_pred": 0.0,
      "wall_max_abs_v_pred": 0.0,
      "pressure_drop_truth": 0.0,
      "pressure_drop_pred": 0.0,
      "pressure_drop_rel_error": 0.0,
      "inlet_flux_truth": null,
      "inlet_flux_pred": null,
      "outlet_flux_truth": null,
      "outlet_flux_pred": null
    },
    {
      "case_id": "C-train-5",
      "num_points": 74,
      "rel_l2_u": 0.002434610156342387,
      "rel_l2_v": 0.02941793017089367,
      "rel_l2_p": 0.01726660691201687,
      "rel_l2_speed": 0.002435605740174651,
      "mae_u": 0.0023390469141304493,
      "mae_v": 0.00022895779693499207,
      "mae_p": 4.747025966644287,
      "wall_max_abs_u_pred": 0.0,
      "wall_max_abs_v_pred": 0.0,
      "pressure_drop_truth": 0.0,
      "pressure_drop_pred": 0.0,
      "pressure_drop_rel_error": 0.0,
      "inlet_flux_truth": null,
      "inlet_flux_pred": null,
      "outlet_flux_truth": null,
      "outlet_flux_pred": null
    }
  ],
  "val_case_metrics": [
    {
      "case_id": "C-val",
      "num_points": 63,
      "rel_l2_u": 0.011729837395250797,
      "rel_l2_v": 0.04582376033067703,
      "rel_l2_p": 0.06533294171094894,
      "rel_l2_speed": 0.011726588010787964,
      "mae_u": 0.014366606250405312,
      "mae_v": 0.000713036977685988,
      "mae_p": 55.1758918762207,
      "wall_max_abs_u_pred": 0.0,
      "wall_max_abs_v_pred": 0.0,
      "pressure_drop_truth": 0.0,
      "pressure_drop_pred": 0.0,
      "pressure_drop_rel_error": 0.0,
      "inlet_flux_truth": null,
      "inlet_flux_pred": null,
      "outlet_flux_truth": null,
      "outlet_flux_pred": null
    }
  ],
  "train_extreme_metrics": {
    "max_speed_err_over_speed_max": 0.004545012954622507,
    "max_p_err_over_p_range": 0.026110384613275528,
    "p95_speed_err_over_speed_max": 0.002609898569062352,
    "p95_p_err_over_p_range": 0.014016514644026756
  },
  "val_extreme_metrics": {
    "max_speed_err_over_speed_max": 0.018730947747826576,
    "max_p_err_over_p_range": 0.08935149013996124,
    "p95_speed_err_over_speed_max": 0.014443605206906796,
    "p95_p_err_over_p_range": 0.08317448943853378
  }
}