{
  "速度阶段验证指标": {
    "rel_l2_u": 0.05762512609362602,
    "rel_l2_v": 0.037987884134054184,
    "rel_l2_p": 0.4965333938598633,
    "rel_l2_speed": 0.035059526562690735,
    "max_speed_err_over_speed_max": 0.17040258646011353,
    "max_p_err_over_p_range": 0.5360013842582703,
    "p95_speed_err_over_speed_max": 0.04526121914386749,
    "p95_p_err_over_p_range": 0.4858117699623108
  },
  "压力阶段验证指标": {
    "rel_l2_u": 0.05762512609362602,
    "rel_l2_v": 0.037987884134054184,
    "rel_l2_p": 0.020095564424991608,
    "rel_l2_speed": 0.035059526562690735,
    "max_speed_err_over_speed_max": 0.17040258646011353,
    "max_p_err_over_p_range": 0.04334927350282669,
    "p95_speed_err_over_speed_max": 0.04526121914386749,
    "p95_p_err_over_p_range": 0.022794632241129875
  },
  "最终训练指标": {
    "rel_l2_u": 0.030567320063710213,
    "rel_l2_v": 0.01686283014714718,
    "rel_l2_p": 0.013213752768933773,
    "rel_l2_speed": 0.01982491835951805,
    "max_speed_err_over_speed_max": 0.1440953016281128,
    "max_p_err_over_p_range": 0.040619879961013794,
    "p95_speed_err_over_speed_max": 0.02020694501698017,
    "p95_p_err_over_p_range": 0.014986231923103333
  },
  "最终验证指标": {
    "rel_l2_u": 0.03784579411149025,
    "rel_l2_v": 0.01978144980967045,
    "rel_l2_p": 0.030403105542063713,
    "rel_l2_speed": 0.02277345210313797,
    "max_speed_err_over_speed_max": 0.13961073756217957,
    "max_p_err_over_p_range": 0.04197545349597931,
    "p95_speed_err_over_speed_max": 0.02522769756615162,
    "p95_p_err_over_p_range": 0.0313384048640728
  },
  "训练工况指标": [
    {
      "case_id": "B-base__ip_blunted",
      "num_points": 10493,
      "rel_l2_u": 0.029225759208202362,
      "rel_l2_v": 0.01642792299389839,
      "rel_l2_p": 0.01233568787574768,
      "rel_l2_speed": 0.019285501912236214,
      "mae_u": 0.012015337124466896,
      "mae_v": 0.008881939575076103,
      "mae_p": 1.2402944564819336,
      "wall_max_abs_u_pred": 8.68474380695261e-05,
      "wall_max_abs_v_pred": 0.0001733964163577184,
      "pressure_drop_truth": 234.82809448242188,
      "pressure_drop_pred": 227.14599609375,
      "pressure_drop_rel_error": 0.03271371087690229,
      "inlet_flux_truth": 0.9986742110685451,
      "inlet_flux_pred": 0.9920246193038342,
      "outlet_flux_truth": 0.9992386690341846,
      "outlet_flux_pred": 0.9988505315367746
    },
    {
      "case_id": "B-train-1__ip_blunted",
      "num_points": 10493,
      "rel_l2_u": 0.029225759208202362,
      "rel_l2_v": 0.01642792299389839,
      "rel_l2_p": 0.01233568787574768,
      "rel_l2_speed": 0.019285501912236214,
      "mae_u": 0.012015337124466896,
      "mae_v": 0.008881939575076103,
      "mae_p": 1.2402944564819336,
      "wall_max_abs_u_pred": 8.68474380695261e-05,
      "wall_max_abs_v_pred": 0.0001733964163577184,
      "pressure_drop_truth": 234.82809448242188,
      "pressure_drop_pred": 227.14599609375,
      "pressure_drop_rel_error": 0.03271371087690229,
      "inlet_flux_truth": 0.9986742110685451,
      "inlet_flux_pred": 0.9920246193038342,
      "outlet_flux_truth": 0.9992386690341846,
      "outlet_flux_pred": 0.9988505315367746
    },
    {
      "case_id": "B-train-2__ip_blunted",
      "num_points": 9672,
      "rel_l2_u": 0.0309223011136055,
      "rel_l2_v": 0.016904087737202644,
      "rel_l2_p": 0.011899035423994064,
      "rel_l2_speed": 0.0199552234262228,
      "mae_u": 0.012672104872763157,
      "mae_v": 0.009362996555864811,
      "mae_p": 1.1649529933929443,
      "wall_max_abs_u_pred": 4.102266757399775e-05,
      "wall_max_abs_v_pred": 5.703891656594351e-05,
      "pressure_drop_truth": 215.9958038330078,
      "pressure_drop_pred": 209.63743591308594,
      "pressure_drop_rel_error": 0.029437460390840147,
      "inlet_flux_truth": 0.9986742110685451,
      "inlet_flux_pred": 0.9943261730352919,
      "outlet_flux_truth": 0.9992260705256228,
      "outlet_flux_pred": 1.002462442717274
    },
    {
      "case_id": "B-train-3__ip_blunted",
      "num_points": 9126,
      "rel_l2_u": 0.033142536878585815,
      "rel_l2_v": 0.01775757595896721,
      "rel_l2_p": 0.01703713834285736,
      "rel_l2_speed": 0.020873891189694405,
      "mae_u": 0.014177035540342331,
      "mae_v": 0.009965937584638596,
      "mae_p": 1.513005018234253,
      "wall_max_abs_u_pred": 4.976025957148522e-05,
      "wall_max_abs_v_pred": 5.835757474415004e-05,
      "pressure_drop_truth": 197.17335510253906,
      "pressure_drop_pred": 194.93609619140625,
      "pressure_drop_rel_error": 0.011346659440720707,
      "inlet_flux_truth": 0.9986742110685451,
      "inlet_flux_pred": 0.9863623039879013,
      "outlet_flux_truth": 0.9992261097282835,
      "outlet_flux_pred": 1.0015204173969892
    }
  ],
  "验证工况指标": [
    {
      "case_id": "B-val__ip_blunted",
      "num_points": 8385,
      "rel_l2_u": 0.03784579411149025,
      "rel_l2_v": 0.01978144980967045,
      "rel_l2_p": 0.030403105542063713,
      "rel_l2_speed": 0.02277345210313797,
      "mae_u": 0.01731826737523079,
      "mae_v": 0.011255234479904175,
      "mae_p": 2.903278350830078,
      "wall_max_abs_u_pred": 5.327001417754218e-05,
      "wall_max_abs_v_pred": 5.8371770137455314e-05,
      "pressure_drop_truth": 187.7733917236328,
      "pressure_drop_pred": 188.8070526123047,
      "pressure_drop_rel_error": 0.005504831537544065,
      "inlet_flux_truth": 0.9986742110685451,
      "inlet_flux_pred": 0.9787384447140095,
      "outlet_flux_truth": 0.9992261489309442,
      "outlet_flux_pred": 0.9993151065228716
    }
  ]
}