{
  "family": "contraction_2d",
  "run_name": "contraction_strict_geometry_uniform1_stagepde_20260503",
  "split_name": "val_dense",
  "eval_cases": [
    "C-val"
  ],
  "eval_source": "dense",
  "feature_mode": "geometry",
  "feature_cols": [
    "x_star",
    "y_star",
    "beta",
    "lc_over_w",
    "wall_distance_frac",
    "region_id_norm",
    "eta_norm_star",
    "axial_frac_star",
    "segment_id_norm",
    "center_proximity_star",
    "wall_proximity_star",
    "half_width_ratio_star",
    "inv_half_width_ratio_star",
    "contraction_rate_star"
  ],
  "summary": {
    "num_cases": 1,
    "mean_rel_l2_u": 0.06053215637803078,
    "max_rel_l2_u": 0.06053215637803078,
    "mean_rel_l2_v": 0.332163542509079,
    "max_rel_l2_v": 0.332163542509079,
    "mean_rel_l2_p": 0.2024458348751068,
    "max_rel_l2_p": 0.2024458348751068,
    "mean_rel_l2_speed": 0.060540881007909775,
    "max_rel_l2_speed": 0.060540881007909775,
    "mean_mae_u": 0.060997579246759415,
    "max_mae_u": 0.060997579246759415,
    "mean_mae_v": 0.002200006041675806,
    "max_mae_v": 0.002200006041675806,
    "mean_mae_p": 153.7495574951172,
    "max_mae_p": 153.7495574951172,
    "mean_pressure_drop_rel_error": 0.2386497517137645,
    "max_pressure_drop_rel_error": 0.2386497517137645,
    "mean_wall_max_abs_u_pred": 3.524315252434462e-05,
    "max_wall_max_abs_u_pred": 3.524315252434462e-05,
    "mean_wall_max_abs_v_pred": 1.8651755908649648e-06,
    "max_wall_max_abs_v_pred": 1.8651755908649648e-06
  },
  "global_metrics": {
    "rel_l2_u": 0.06053215637803078,
    "rel_l2_v": 0.332163542509079,
    "rel_l2_p": 0.2024458348751068,
    "rel_l2_speed": 0.060540881007909775,
    "max_speed_err_over_speed_max": 0.09706100076436996,
    "max_p_err_over_p_range": 0.2978269159793854,
    "p95_speed_err_over_speed_max": 0.06606081128120422,
    "p95_p_err_over_p_range": 0.2543605864048004
  },
  "case_metrics": [
    {
      "case_id": "C-val",
      "num_points": 1689,
      "rel_l2_u": 0.06053215637803078,
      "rel_l2_v": 0.332163542509079,
      "rel_l2_p": 0.2024458348751068,
      "rel_l2_speed": 0.060540881007909775,
      "mae_u": 0.060997579246759415,
      "mae_v": 0.002200006041675806,
      "mae_p": 153.7495574951172,
      "wall_max_abs_u_pred": 3.524315252434462e-05,
      "wall_max_abs_v_pred": 1.8651755908649648e-06,
      "pressure_drop_truth": 1069.1700439453125,
      "pressure_drop_pred": 814.0128784179688,
      "pressure_drop_rel_error": 0.2386497517137645,
      "inlet_flux_truth": 0.9993339531855148,
      "inlet_flux_pred": 0.9888095051191587,
      "outlet_flux_truth": 0.9985914423065942,
      "outlet_flux_pred": 0.9441465523766386
    }
  ],
  "source_run_config": "/root/dev/pinn-platform-v4/model/results/pinn/contraction_strict_geometry_uniform1_stagepde_20260503/config.json"
}