{
  "family": "contraction_2d",
  "run_name": "contraction_strict_geometry_uniform1_stagepde_20260503",
  "split_name": "test_dense",
  "eval_cases": [
    "C-test-1",
    "C-test-2"
  ],
  "eval_source": "dense",
  "feature_mode": "geometry",
  "feature_cols": [
    "x_star",
    "y_star",
    "beta",
    "lc_over_w",
    "wall_distance_frac",
    "region_id_norm",
    "eta_norm_star",
    "axial_frac_star",
    "segment_id_norm",
    "center_proximity_star",
    "wall_proximity_star",
    "half_width_ratio_star",
    "inv_half_width_ratio_star",
    "contraction_rate_star"
  ],
  "summary": {
    "num_cases": 2,
    "mean_rel_l2_u": 0.0643688477575779,
    "max_rel_l2_u": 0.09723696857690811,
    "mean_rel_l2_v": 0.3423176556825638,
    "max_rel_l2_v": 0.3887454867362976,
    "mean_rel_l2_p": 0.23861990496516228,
    "max_rel_l2_p": 0.41011548042297363,
    "mean_rel_l2_speed": 0.06438150815665722,
    "max_rel_l2_speed": 0.09725281596183777,
    "mean_mae_u": 0.06503734178841114,
    "max_mae_u": 0.10023677349090576,
    "mean_mae_v": 0.0024620635667815804,
    "max_mae_v": 0.0033450000919401646,
    "mean_mae_p": 318.79876708984375,
    "max_mae_p": 610.642578125,
    "mean_pressure_drop_rel_error": 0.29777273035444984,
    "max_pressure_drop_rel_error": 0.5468050118243989,
    "mean_wall_max_abs_u_pred": 5.209524715610314e-05,
    "max_wall_max_abs_u_pred": 6.157094321679324e-05,
    "mean_wall_max_abs_v_pred": 2.1396868987721973e-06,
    "max_wall_max_abs_v_pred": 2.3060390503815142e-06
  },
  "global_metrics": {
    "rel_l2_u": 0.07559194415807724,
    "rel_l2_v": 0.36006295680999756,
    "rel_l2_p": 0.38979050517082214,
    "rel_l2_speed": 0.07560563832521439,
    "max_speed_err_over_speed_max": 0.13836650550365448,
    "max_p_err_over_p_range": 0.49231937527656555,
    "p95_speed_err_over_speed_max": 0.09241638332605362,
    "p95_p_err_over_p_range": 0.43856775760650635
  },
  "case_metrics": [
    {
      "case_id": "C-test-1",
      "num_points": 1900,
      "rel_l2_u": 0.03150072693824768,
      "rel_l2_v": 0.29588982462882996,
      "rel_l2_p": 0.06712432950735092,
      "rel_l2_speed": 0.03151020035147667,
      "mae_u": 0.02983791008591652,
      "mae_v": 0.0015791270416229963,
      "mae_p": 26.9549560546875,
      "wall_max_abs_u_pred": 4.2619551095413044e-05,
      "wall_max_abs_v_pred": 1.9733347471628804e-06,
      "pressure_drop_truth": 638.3499755859375,
      "pressure_drop_pred": 669.4634399414062,
      "pressure_drop_rel_error": 0.04874044888450077,
      "inlet_flux_truth": 0.9993342202681574,
      "inlet_flux_pred": 0.9878038674295554,
      "outlet_flux_truth": 0.9985988031622166,
      "outlet_flux_pred": 0.9741052675722002
    },
    {
      "case_id": "C-test-2",
      "num_points": 1545,
      "rel_l2_u": 0.09723696857690811,
      "rel_l2_v": 0.3887454867362976,
      "rel_l2_p": 0.41011548042297363,
      "rel_l2_speed": 0.09725281596183777,
      "mae_u": 0.10023677349090576,
      "mae_v": 0.0033450000919401646,
      "mae_p": 610.642578125,
      "wall_max_abs_u_pred": 6.157094321679324e-05,
      "wall_max_abs_v_pred": 2.3060390503815142e-06,
      "pressure_drop_truth": 1957.869873046875,
      "pressure_drop_pred": 887.2968139648438,
      "pressure_drop_rel_error": 0.5468050118243989,
      "inlet_flux_truth": 0.9993339531855148,
      "inlet_flux_pred": 0.9849213383373109,
      "outlet_flux_truth": 0.9985859180816705,
      "outlet_flux_pred": 0.901020505648956
    }
  ],
  "source_run_config": "/root/dev/pinn-platform-v4/model/results/pinn/contraction_strict_geometry_uniform1_stagepde_20260503/config.json"
}