{
  "best_epoch": 1200,
  "best_val_total": 0.004146377556025982,
  "stop_epoch": 1200,
  "train_case_metrics": [
    {
      "case_id": "C-base",
      "num_points": 2113,
      "rel_l2_u": 0.0033541691955178976,
      "rel_l2_v": 0.009285969659686089,
      "rel_l2_p": 0.010580061003565788,
      "rel_l2_speed": 0.0033540858421474695,
      "mae_u": 0.0034241322427988052,
      "mae_v": 5.2051618695259094e-05,
      "mae_p": 2.48808217048645,
      "wall_max_abs_u_pred": 0.008714079856872559,
      "wall_max_abs_v_pred": 0.0004248221521265805,
      "pressure_drop_truth": 415.0580139160156,
      "pressure_drop_pred": 415.30792236328125,
      "pressure_drop_rel_error": 0.0006021048597707399,
      "inlet_flux_truth": 0.9993344694501207,
      "inlet_flux_pred": 0.999598754904671,
      "outlet_flux_truth": 0.9986057934544448,
      "outlet_flux_pred": 0.9978580457972779
    },
    {
      "case_id": "C-train-1",
      "num_points": 2339,
      "rel_l2_u": 0.003546783933416009,
      "rel_l2_v": 0.01931430585682392,
      "rel_l2_p": 0.021045805886387825,
      "rel_l2_speed": 0.0035470754373818636,
      "mae_u": 0.003354592015966773,
      "mae_v": 5.337305265129544e-05,
      "mae_p": 2.927004098892212,
      "wall_max_abs_u_pred": 0.00951850414276123,
      "wall_max_abs_v_pred": 0.000495755288284272,
      "pressure_drop_truth": 266.37799072265625,
      "pressure_drop_pred": 266.70745849609375,
      "pressure_drop_rel_error": 0.0012368430760502636,
      "inlet_flux_truth": 0.9993344694501207,
      "inlet_flux_pred": 0.9985904471689295,
      "outlet_flux_truth": 0.9987080622554707,
      "outlet_flux_pred": 0.9971221438608686
    },
    {
      "case_id": "C-train-2",
      "num_points": 2113,
      "rel_l2_u": 0.0033541691955178976,
      "rel_l2_v": 0.009285969659686089,
      "rel_l2_p": 0.010580061003565788,
      "rel_l2_speed": 0.0033540858421474695,
      "mae_u": 0.0034241322427988052,
      "mae_v": 5.2051618695259094e-05,
      "mae_p": 2.48808217048645,
      "wall_max_abs_u_pred": 0.008714079856872559,
      "wall_max_abs_v_pred": 0.0004248221521265805,
      "pressure_drop_truth": 415.0580139160156,
      "pressure_drop_pred": 415.30792236328125,
      "pressure_drop_rel_error": 0.0006021048597707399,
      "inlet_flux_truth": 0.9993344694501207,
      "inlet_flux_pred": 0.999598754904671,
      "outlet_flux_truth": 0.9986057934544448,
      "outlet_flux_pred": 0.9978580457972779
    },
    {
      "case_id": "C-train-3",
      "num_points": 1843,
      "rel_l2_u": 0.0036342600360512733,
      "rel_l2_v": 0.008286912925541401,
      "rel_l2_p": 0.009547343477606773,
      "rel_l2_speed": 0.0036339343059808016,
      "mae_u": 0.004269456956535578,
      "mae_v": 9.462861635256559e-05,
      "mae_p": 5.567841053009033,
      "wall_max_abs_u_pred": 0.021985650062561035,
      "wall_max_abs_v_pred": 0.0005846731946803629,
      "pressure_drop_truth": 985.2530517578125,
      "pressure_drop_pred": 972.257568359375,
      "pressure_drop_rel_error": 0.013189995580578966,
      "inlet_flux_truth": 0.9993344694501207,
      "inlet_flux_pred": 1.0006063962724783,
      "outlet_flux_truth": 0.9985955240666415,
      "outlet_flux_pred": 0.9948934192331644
    },
    {
      "case_id": "C-train-4",
      "num_points": 2176,
      "rel_l2_u": 0.0031015099957585335,
      "rel_l2_v": 0.03041398525238037,
      "rel_l2_p": 0.019368335604667664,
      "rel_l2_speed": 0.003101748414337635,
      "mae_u": 0.0029478485230356455,
      "mae_v": 6.830086931586266e-05,
      "mae_p": 3.067383289337158,
      "wall_max_abs_u_pred": 0.010401606559753418,
      "wall_max_abs_v_pred": 0.0003549850662238896,
      "pressure_drop_truth": 297.37701416015625,
      "pressure_drop_pred": 291.6612548828125,
      "pressure_drop_rel_error": 0.019220581972302118,
      "inlet_flux_truth": 0.9993339531855148,
      "inlet_flux_pred": 0.9985277919379532,
      "outlet_flux_truth": 0.998607746543279,
      "outlet_flux_pred": 0.9965944147794916
    },
    {
      "case_id": "C-train-5",
      "num_points": 1914,
      "rel_l2_u": 0.003352322382852435,
      "rel_l2_v": 0.012954031117260456,
      "rel_l2_p": 0.01180141232907772,
      "rel_l2_speed": 0.003352221567183733,
      "mae_u": 0.003414267674088478,
      "mae_v": 6.521581235574558e-05,
      "mae_p": 3.1709938049316406,
      "wall_max_abs_u_pred": 0.010307550430297852,
      "wall_max_abs_v_pred": 0.00033088226336985826,
      "pressure_drop_truth": 458.4859924316406,
      "pressure_drop_pred": 457.2542419433594,
      "pressure_drop_rel_error": 0.002686560786183449,
      "inlet_flux_truth": 0.9993339531855148,
      "inlet_flux_pred": 0.9982772467973933,
      "outlet_flux_truth": 0.9986025291565177,
      "outlet_flux_pred": 0.9977640110671997
    }
  ],
  "val_case_metrics": [
    {
      "case_id": "C-val",
      "num_points": 1689,
      "rel_l2_u": 0.00880022719502449,
      "rel_l2_v": 0.03529403358697891,
      "rel_l2_p": 0.04124879091978073,
      "rel_l2_speed": 0.008802260272204876,
      "mae_u": 0.009846340864896774,
      "mae_v": 0.00025979243218898773,
      "mae_p": 28.3525447845459,
      "wall_max_abs_u_pred": 0.03937220573425293,
      "wall_max_abs_v_pred": 0.0015145029174163938,
      "pressure_drop_truth": 1069.1700439453125,
      "pressure_drop_pred": 1043.506591796875,
      "pressure_drop_rel_error": 0.02400315300056251,
      "inlet_flux_truth": 0.9993339531855148,
      "inlet_flux_pred": 0.9992317323445765,
      "outlet_flux_truth": 0.9985914423065942,
      "outlet_flux_pred": 0.9968529122445837
    }
  ],
  "train_extreme_metrics": {
    "max_speed_err_over_speed_max": 0.01233102846890688,
    "max_p_err_over_p_range": 0.04176458343863487,
    "p95_speed_err_over_speed_max": 0.0027722518425434828,
    "p95_p_err_over_p_range": 0.008503451012074947
  },
  "val_extreme_metrics": {
    "max_speed_err_over_speed_max": 0.015591621398925781,
    "max_p_err_over_p_range": 0.08364962041378021,
    "p95_speed_err_over_speed_max": 0.010045734234154224,
    "p95_p_err_over_p_range": 0.06928928941488266
  }
}