{
  "family": "contraction_2d",
  "run_name": "contraction_strict_geometry_sparse5_stagepde_20260503",
  "split_name": "test_dense",
  "eval_cases": [
    "C-test-1",
    "C-test-2"
  ],
  "eval_source": "dense",
  "feature_mode": "geometry",
  "feature_cols": [
    "x_star",
    "y_star",
    "beta",
    "lc_over_w",
    "wall_distance_frac",
    "region_id_norm",
    "eta_norm_star",
    "axial_frac_star",
    "segment_id_norm",
    "center_proximity_star",
    "wall_proximity_star",
    "half_width_ratio_star",
    "inv_half_width_ratio_star",
    "contraction_rate_star"
  ],
  "summary": {
    "num_cases": 2,
    "mean_rel_l2_u": 0.03902699798345566,
    "max_rel_l2_u": 0.06128605827689171,
    "mean_rel_l2_v": 0.09808512404561043,
    "max_rel_l2_v": 0.12494593858718872,
    "mean_rel_l2_p": 0.15155059564858675,
    "max_rel_l2_p": 0.27220919728279114,
    "mean_rel_l2_speed": 0.03902499284595251,
    "max_rel_l2_speed": 0.061283621937036514,
    "mean_mae_u": 0.037799465470016,
    "max_mae_u": 0.059456661343574524,
    "mean_mae_v": 0.0009929304360412061,
    "max_mae_v": 0.0014702753396704793,
    "mean_mae_p": 212.77611589431763,
    "max_mae_p": 411.9891662597656,
    "mean_pressure_drop_rel_error": 0.20774572963774576,
    "max_pressure_drop_rel_error": 0.3799906726596074,
    "mean_wall_max_abs_u_pred": 5.72654498682823e-05,
    "max_wall_max_abs_u_pred": 6.889645010232925e-05,
    "mean_wall_max_abs_v_pred": 1.2385601735331875e-06,
    "max_wall_max_abs_v_pred": 1.4322237120723003e-06
  },
  "global_metrics": {
    "rel_l2_u": 0.04711649939417839,
    "rel_l2_v": 0.1097772940993309,
    "rel_l2_p": 0.25852084159851074,
    "rel_l2_speed": 0.047114867717027664,
    "max_speed_err_over_speed_max": 0.11899814754724503,
    "max_p_err_over_p_range": 0.3020285665988922,
    "p95_speed_err_over_speed_max": 0.05883469805121422,
    "p95_p_err_over_p_range": 0.27918046712875366
  },
  "case_metrics": [
    {
      "case_id": "C-test-1",
      "num_points": 1900,
      "rel_l2_u": 0.016767937690019608,
      "rel_l2_v": 0.07122430950403214,
      "rel_l2_p": 0.030891994014382362,
      "rel_l2_speed": 0.016766363754868507,
      "mae_u": 0.01614226959645748,
      "mae_v": 0.0005155855324119329,
      "mae_p": 13.563065528869629,
      "wall_max_abs_u_pred": 4.563444963423535e-05,
      "wall_max_abs_v_pred": 1.0448966349940747e-06,
      "pressure_drop_truth": 638.3499755859375,
      "pressure_drop_pred": 661.0119018554688,
      "pressure_drop_rel_error": 0.035500786615884135,
      "inlet_flux_truth": 0.9993342202681574,
      "inlet_flux_pred": 0.9980273086516913,
      "outlet_flux_truth": 0.9985988031622166,
      "outlet_flux_pred": 0.9867496950224988
    },
    {
      "case_id": "C-test-2",
      "num_points": 1545,
      "rel_l2_u": 0.06128605827689171,
      "rel_l2_v": 0.12494593858718872,
      "rel_l2_p": 0.27220919728279114,
      "rel_l2_speed": 0.061283621937036514,
      "mae_u": 0.059456661343574524,
      "mae_v": 0.0014702753396704793,
      "mae_p": 411.9891662597656,
      "wall_max_abs_u_pred": 6.889645010232925e-05,
      "wall_max_abs_v_pred": 1.4322237120723003e-06,
      "pressure_drop_truth": 1957.869873046875,
      "pressure_drop_pred": 1213.8975830078125,
      "pressure_drop_rel_error": 0.3799906726596074,
      "inlet_flux_truth": 0.9993339531855148,
      "inlet_flux_pred": 0.9961648854426777,
      "outlet_flux_truth": 0.9985859180816705,
      "outlet_flux_pred": 0.9432958853992308
    }
  ],
  "source_run_config": "/root/dev/pinn-platform-v4/model/results/pinn/contraction_strict_geometry_sparse5_stagepde_20260503/config.json"
}