{
  "速度阶段验证指标": {
    "rel_l2_u": 0.019347593188285828,
    "rel_l2_v": 0.08274234086275101,
    "rel_l2_p": 0.6983723044395447,
    "rel_l2_speed": 0.01934833824634552,
    "max_speed_err_over_speed_max": 0.0592329315841198,
    "max_p_err_over_p_range": 0.764070451259613,
    "p95_speed_err_over_speed_max": 0.01860697939991951,
    "p95_p_err_over_p_range": 0.7251944541931152
  },
  "压力阶段验证指标": {
    "rel_l2_u": 0.019347593188285828,
    "rel_l2_v": 0.08274234086275101,
    "rel_l2_p": 0.08232741802930832,
    "rel_l2_speed": 0.01934833824634552,
    "max_speed_err_over_speed_max": 0.0592329315841198,
    "max_p_err_over_p_range": 0.11476044356822968,
    "p95_speed_err_over_speed_max": 0.01860697939991951,
    "p95_p_err_over_p_range": 0.09848857671022415
  },
  "最终训练指标": {
    "rel_l2_u": 0.015734978020191193,
    "rel_l2_v": 0.07422925531864166,
    "rel_l2_p": 0.01883329451084137,
    "rel_l2_speed": 0.015734832733869553,
    "max_speed_err_over_speed_max": 0.05734749510884285,
    "max_p_err_over_p_range": 0.06480450183153152,
    "p95_speed_err_over_speed_max": 0.01449564564973116,
    "p95_p_err_over_p_range": 0.013544738292694092
  },
  "最终验证指标": {
    "rel_l2_u": 0.02716098353266716,
    "rel_l2_v": 0.07760671526193619,
    "rel_l2_p": 0.0779230147600174,
    "rel_l2_speed": 0.027160290628671646,
    "max_speed_err_over_speed_max": 0.06547538191080093,
    "max_p_err_over_p_range": 0.10074559599161148,
    "p95_speed_err_over_speed_max": 0.034135401248931885,
    "p95_p_err_over_p_range": 0.094146728515625
  },
  "训练工况指标": [
    {
      "case_id": "C-base",
      "num_points": 2113,
      "rel_l2_u": 0.014203587546944618,
      "rel_l2_v": 0.057378895580768585,
      "rel_l2_p": 0.023288799449801445,
      "rel_l2_speed": 0.014202844351530075,
      "mae_u": 0.013571709394454956,
      "mae_v": 0.00031517038587480783,
      "mae_p": 5.542401313781738,
      "wall_max_abs_u_pred": 1.5070084373292048e-05,
      "wall_max_abs_v_pred": 7.273823712239391e-07,
      "pressure_drop_truth": 415.0580139160156,
      "pressure_drop_pred": 429.3631896972656,
      "pressure_drop_rel_error": 0.034465485068659645,
      "inlet_flux_truth": 0.9993344694501207,
      "inlet_flux_pred": 0.994548839846084,
      "outlet_flux_truth": 0.9986057934544448,
      "outlet_flux_pred": 0.9999720899516207
    },
    {
      "case_id": "C-train-1",
      "num_points": 2339,
      "rel_l2_u": 0.014799159951508045,
      "rel_l2_v": 0.14146274328231812,
      "rel_l2_p": 0.02720598317682743,
      "rel_l2_speed": 0.014799813739955425,
      "mae_u": 0.013199402950704098,
      "mae_v": 0.00037035936838947237,
      "mae_p": 4.044032573699951,
      "wall_max_abs_u_pred": 7.93846629676409e-06,
      "wall_max_abs_v_pred": 1.7857909995200316e-07,
      "pressure_drop_truth": 266.37799072265625,
      "pressure_drop_pred": 259.4209899902344,
      "pressure_drop_rel_error": 0.026117025335119528,
      "inlet_flux_truth": 0.9993344694501207,
      "inlet_flux_pred": 0.9898468580082993,
      "outlet_flux_truth": 0.9987080622554707,
      "outlet_flux_pred": 0.9931839971860186
    },
    {
      "case_id": "C-train-2",
      "num_points": 2113,
      "rel_l2_u": 0.014203587546944618,
      "rel_l2_v": 0.057378895580768585,
      "rel_l2_p": 0.023288799449801445,
      "rel_l2_speed": 0.014202844351530075,
      "mae_u": 0.013571709394454956,
      "mae_v": 0.00031517038587480783,
      "mae_p": 5.542401313781738,
      "wall_max_abs_u_pred": 1.5070084373292048e-05,
      "wall_max_abs_v_pred": 7.273823712239391e-07,
      "pressure_drop_truth": 415.0580139160156,
      "pressure_drop_pred": 429.3631896972656,
      "pressure_drop_rel_error": 0.034465485068659645,
      "inlet_flux_truth": 0.9993344694501207,
      "inlet_flux_pred": 0.994548839846084,
      "outlet_flux_truth": 0.9986057934544448,
      "outlet_flux_pred": 0.9999720899516207
    },
    {
      "case_id": "C-train-3",
      "num_points": 1843,
      "rel_l2_u": 0.020549381151795387,
      "rel_l2_v": 0.06325025111436844,
      "rel_l2_p": 0.016116827726364136,
      "rel_l2_speed": 0.02054896578192711,
      "mae_u": 0.020441453903913498,
      "mae_v": 0.0006514886626973748,
      "mae_p": 8.144357681274414,
      "wall_max_abs_u_pred": 7.486261165468022e-05,
      "wall_max_abs_v_pred": 3.018069264726364e-06,
      "pressure_drop_truth": 985.2530517578125,
      "pressure_drop_pred": 957.35205078125,
      "pressure_drop_rel_error": 0.028318614113180016,
      "inlet_flux_truth": 0.9993344694501207,
      "inlet_flux_pred": 0.9942508281027018,
      "outlet_flux_truth": 0.9985955240666415,
      "outlet_flux_pred": 0.9970792271049636
    },
    {
      "case_id": "C-train-4",
      "num_points": 2176,
      "rel_l2_u": 0.014630990102887154,
      "rel_l2_v": 0.20159806311130524,
      "rel_l2_p": 0.021093256771564484,
      "rel_l2_speed": 0.01463114283978939,
      "mae_u": 0.011633305810391903,
      "mae_v": 0.0004413151182234287,
      "mae_p": 3.4298653602600098,
      "wall_max_abs_u_pred": 4.695742063631769e-06,
      "wall_max_abs_v_pred": 1.4362986178184656e-07,
      "pressure_drop_truth": 297.37701416015625,
      "pressure_drop_pred": 297.3478698730469,
      "pressure_drop_rel_error": 9.800450512856003e-05,
      "inlet_flux_truth": 0.9993339531855148,
      "inlet_flux_pred": 0.9968961186271303,
      "outlet_flux_truth": 0.998607746543279,
      "outlet_flux_pred": 1.0033731281061429
    },
    {
      "case_id": "C-train-5",
      "num_points": 1914,
      "rel_l2_u": 0.012826897203922272,
      "rel_l2_v": 0.09204253554344177,
      "rel_l2_p": 0.019192008301615715,
      "rel_l2_speed": 0.012826565653085709,
      "mae_u": 0.01129248645156622,
      "mae_v": 0.000404501537559554,
      "mae_p": 4.9694318771362305,
      "wall_max_abs_u_pred": 6.5291333157802e-06,
      "wall_max_abs_v_pred": 4.3261977111797023e-07,
      "pressure_drop_truth": 458.4859924316406,
      "pressure_drop_pred": 468.7165222167969,
      "pressure_drop_rel_error": 0.02231372376481399,
      "inlet_flux_truth": 0.9993339531855148,
      "inlet_flux_pred": 1.0008579741417503,
      "outlet_flux_truth": 0.9986025291565177,
      "outlet_flux_pred": 1.0022969517106484
    }
  ],
  "验证工况指标": [
    {
      "case_id": "C-val",
      "num_points": 1689,
      "rel_l2_u": 0.02716098353266716,
      "rel_l2_v": 0.07760671526193619,
      "rel_l2_p": 0.0779230147600174,
      "rel_l2_speed": 0.027160290628671646,
      "mae_u": 0.0254451222717762,
      "mae_v": 0.000747117621358484,
      "mae_p": 59.110172271728516,
      "wall_max_abs_u_pred": 3.8462520024040714e-05,
      "wall_max_abs_v_pred": 1.2362294228296378e-06,
      "pressure_drop_truth": 1069.1700439453125,
      "pressure_drop_pred": 947.3626098632812,
      "pressure_drop_rel_error": 0.11392709211394772,
      "inlet_flux_truth": 0.9993339531855148,
      "inlet_flux_pred": 1.0013946156021207,
      "outlet_flux_truth": 0.9985914423065942,
      "outlet_flux_pred": 0.991237023320789
    }
  ]
}