{
  "family": "contraction_2d",
  "run_name": "contraction_independent_geometry_sparse15clean_stagepde_v4_ratecheck_20260502",
  "split_name": "test",
  "eval_cases": [
    "C-test-1",
    "C-test-2"
  ],
  "eval_source": "dense",
  "feature_mode": "geometry",
  "feature_cols": [
    "x_star",
    "y_star",
    "beta",
    "lc_over_w",
    "wall_distance_frac",
    "region_id_norm",
    "eta_norm_star",
    "axial_frac_star",
    "segment_id_norm",
    "center_proximity_star",
    "wall_proximity_star",
    "half_width_ratio_star",
    "inv_half_width_ratio_star",
    "contraction_rate_star"
  ],
  "summary": {
    "num_cases": 2,
    "mean_rel_l2_u": 0.0294705918058753,
    "max_rel_l2_u": 0.040169622749090195,
    "mean_rel_l2_v": 0.0740448422729969,
    "max_rel_l2_v": 0.08504045754671097,
    "mean_rel_l2_p": 0.18722832947969437,
    "max_rel_l2_p": 0.32267096638679504,
    "mean_rel_l2_speed": 0.029468810185790062,
    "max_rel_l2_speed": 0.04016770422458649,
    "mean_mae_u": 0.029977187514305115,
    "max_mae_u": 0.04145492985844612,
    "mean_mae_v": 0.0007321315788431093,
    "max_mae_v": 0.0010015883017331362,
    "mean_mae_p": 257.0674104690552,
    "max_mae_p": 493.88299560546875,
    "mean_pressure_drop_rel_error": 0.19906737352418105,
    "max_pressure_drop_rel_error": 0.3435552504634053,
    "mean_wall_max_abs_u_pred": 6.416349606297445e-05,
    "max_wall_max_abs_u_pred": 7.835427823010832e-05,
    "mean_wall_max_abs_v_pred": 1.3559886156144785e-06,
    "max_wall_max_abs_v_pred": 1.5565231024083914e-06
  },
  "global_metrics": {
    "rel_l2_u": 0.032497432082891464,
    "rel_l2_v": 0.07830466330051422,
    "rel_l2_p": 0.30666229128837585,
    "rel_l2_speed": 0.0324958860874176,
    "max_speed_err_over_speed_max": 0.10561852157115936,
    "max_p_err_over_p_range": 0.3660706579685211,
    "p95_speed_err_over_speed_max": 0.03403637185692787,
    "p95_p_err_over_p_range": 0.3351247310638428
  },
  "case_metrics": [
    {
      "case_id": "C-test-1",
      "num_points": 1900,
      "rel_l2_u": 0.018771560862660408,
      "rel_l2_v": 0.06304922699928284,
      "rel_l2_p": 0.05178569257259369,
      "rel_l2_speed": 0.018769916146993637,
      "mae_u": 0.01849944517016411,
      "mae_v": 0.00046267485595308244,
      "mae_p": 20.2518253326416,
      "wall_max_abs_u_pred": 4.997271389584057e-05,
      "wall_max_abs_v_pred": 1.1554541288205655e-06,
      "pressure_drop_truth": 638.3499755859375,
      "pressure_drop_pred": 673.1907958984375,
      "pressure_drop_rel_error": 0.05457949658495682,
      "inlet_flux_truth": 0.9993342202681574,
      "inlet_flux_pred": 0.9931852798401826,
      "outlet_flux_truth": 0.9985988031622166,
      "outlet_flux_pred": 0.9997047739843661
    },
    {
      "case_id": "C-test-2",
      "num_points": 1545,
      "rel_l2_u": 0.040169622749090195,
      "rel_l2_v": 0.08504045754671097,
      "rel_l2_p": 0.32267096638679504,
      "rel_l2_speed": 0.04016770422458649,
      "mae_u": 0.04145492985844612,
      "mae_v": 0.0010015883017331362,
      "mae_p": 493.88299560546875,
      "wall_max_abs_u_pred": 7.835427823010832e-05,
      "wall_max_abs_v_pred": 1.5565231024083914e-06,
      "pressure_drop_truth": 1957.869873046875,
      "pressure_drop_pred": 1285.2333984375,
      "pressure_drop_rel_error": 0.3435552504634053,
      "inlet_flux_truth": 0.9993339531855148,
      "inlet_flux_pred": 0.9877619188127712,
      "outlet_flux_truth": 0.9985859180816705,
      "outlet_flux_pred": 0.991255820321109
    }
  ],
  "source_run_config": "/root/dev/pinn-platform-v4/model/results/pinn/contraction_independent_geometry_sparse15clean_stagepde_v4_ratecheck_20260502/config.json"
}