{
  "速度阶段验证指标": {
    "rel_l2_u": 0.023570235818624496,
    "rel_l2_v": 0.1007436141371727,
    "rel_l2_p": 0.6906664371490479,
    "rel_l2_speed": 0.02356923371553421,
    "max_speed_err_over_speed_max": 0.06282321363687515,
    "max_p_err_over_p_range": 0.7550222873687744,
    "p95_speed_err_over_speed_max": 0.021657342091202736,
    "p95_p_err_over_p_range": 0.7165243625640869
  },
  "压力阶段验证指标": {
    "rel_l2_u": 0.023570235818624496,
    "rel_l2_v": 0.1007436141371727,
    "rel_l2_p": 0.0815739780664444,
    "rel_l2_speed": 0.02356923371553421,
    "max_speed_err_over_speed_max": 0.06282321363687515,
    "max_p_err_over_p_range": 0.11023964732885361,
    "p95_speed_err_over_speed_max": 0.021657342091202736,
    "p95_p_err_over_p_range": 0.1013399064540863
  },
  "最终训练指标": {
    "rel_l2_u": 0.0176031943410635,
    "rel_l2_v": 0.08267588168382645,
    "rel_l2_p": 0.024613378569483757,
    "rel_l2_speed": 0.017600709572434425,
    "max_speed_err_over_speed_max": 0.06920289993286133,
    "max_p_err_over_p_range": 0.07559452950954437,
    "p95_speed_err_over_speed_max": 0.014713208191096783,
    "p95_p_err_over_p_range": 0.019640574231743813
  },
  "最终验证指标": {
    "rel_l2_u": 0.032542359083890915,
    "rel_l2_v": 0.10085277259349823,
    "rel_l2_p": 0.07766788452863693,
    "rel_l2_speed": 0.0325407013297081,
    "max_speed_err_over_speed_max": 0.0778810977935791,
    "max_p_err_over_p_range": 0.10637934505939484,
    "p95_speed_err_over_speed_max": 0.03881153464317322,
    "p95_p_err_over_p_range": 0.09601256251335144
  },
  "训练工况指标": [
    {
      "case_id": "C-base",
      "num_points": 2113,
      "rel_l2_u": 0.015063533559441566,
      "rel_l2_v": 0.0675002783536911,
      "rel_l2_p": 0.01821327768266201,
      "rel_l2_speed": 0.015061601996421814,
      "mae_u": 0.014403686858713627,
      "mae_v": 0.0003370324557181448,
      "mae_p": 4.098725318908691,
      "wall_max_abs_u_pred": 1.4919470231689047e-05,
      "wall_max_abs_v_pred": 7.194083195827261e-07,
      "pressure_drop_truth": 415.0580139160156,
      "pressure_drop_pred": 426.8804931640625,
      "pressure_drop_rel_error": 0.02848391996218401,
      "inlet_flux_truth": 0.9993344694501207,
      "inlet_flux_pred": 0.998651379460183,
      "outlet_flux_truth": 0.9986057934544448,
      "outlet_flux_pred": 0.9883473149375406
    },
    {
      "case_id": "C-train-1",
      "num_points": 2339,
      "rel_l2_u": 0.015682948753237724,
      "rel_l2_v": 0.16627413034439087,
      "rel_l2_p": 0.030666548758745193,
      "rel_l2_speed": 0.015683162957429886,
      "mae_u": 0.014457357116043568,
      "mae_v": 0.0004354948177933693,
      "mae_p": 4.488796234130859,
      "wall_max_abs_u_pred": 7.631715561728925e-06,
      "wall_max_abs_v_pred": 1.7501599813840585e-07,
      "pressure_drop_truth": 266.37799072265625,
      "pressure_drop_pred": 261.9554138183594,
      "pressure_drop_rel_error": 0.016602636322538732,
      "inlet_flux_truth": 0.9993344694501207,
      "inlet_flux_pred": 0.9964310527509341,
      "outlet_flux_truth": 0.9987080622554707,
      "outlet_flux_pred": 0.9890632593433704
    },
    {
      "case_id": "C-train-2",
      "num_points": 2113,
      "rel_l2_u": 0.015063533559441566,
      "rel_l2_v": 0.0675002783536911,
      "rel_l2_p": 0.01821327768266201,
      "rel_l2_speed": 0.015061601996421814,
      "mae_u": 0.014403686858713627,
      "mae_v": 0.0003370324557181448,
      "mae_p": 4.098725318908691,
      "wall_max_abs_u_pred": 1.4919470231689047e-05,
      "wall_max_abs_v_pred": 7.194083195827261e-07,
      "pressure_drop_truth": 415.0580139160156,
      "pressure_drop_pred": 426.8804931640625,
      "pressure_drop_rel_error": 0.02848391996218401,
      "inlet_flux_truth": 0.9993344694501207,
      "inlet_flux_pred": 0.998651379460183,
      "outlet_flux_truth": 0.9986057934544448,
      "outlet_flux_pred": 0.9883473149375406
    },
    {
      "case_id": "C-train-3",
      "num_points": 1843,
      "rel_l2_u": 0.02461283653974533,
      "rel_l2_v": 0.059984371066093445,
      "rel_l2_p": 0.025482436642050743,
      "rel_l2_speed": 0.024605538696050644,
      "mae_u": 0.024160923436284065,
      "mae_v": 0.0006551230326294899,
      "mae_p": 13.960502624511719,
      "wall_max_abs_u_pred": 7.536611519753933e-05,
      "wall_max_abs_v_pred": 3.052826968996669e-06,
      "pressure_drop_truth": 985.2530517578125,
      "pressure_drop_pred": 951.5648803710938,
      "pressure_drop_rel_error": 0.034192405013732136,
      "inlet_flux_truth": 0.9993344694501207,
      "inlet_flux_pred": 0.9948669010624016,
      "outlet_flux_truth": 0.9985955240666415,
      "outlet_flux_pred": 0.9782200859971324
    },
    {
      "case_id": "C-train-4",
      "num_points": 2176,
      "rel_l2_u": 0.015403427183628082,
      "rel_l2_v": 0.23819410800933838,
      "rel_l2_p": 0.024136900901794434,
      "rel_l2_speed": 0.015403534285724163,
      "mae_u": 0.01297887321561575,
      "mae_v": 0.0005296082817949355,
      "mae_p": 3.791494369506836,
      "wall_max_abs_u_pred": 4.516713488555979e-06,
      "wall_max_abs_v_pred": 1.31009883830302e-07,
      "pressure_drop_truth": 297.37701416015625,
      "pressure_drop_pred": 294.88922119140625,
      "pressure_drop_rel_error": 0.008365787704796035,
      "inlet_flux_truth": 0.9993339531855148,
      "inlet_flux_pred": 0.9945408154494901,
      "outlet_flux_truth": 0.998607746543279,
      "outlet_flux_pred": 0.999935478199406
    },
    {
      "case_id": "C-train-5",
      "num_points": 1914,
      "rel_l2_u": 0.01454524789005518,
      "rel_l2_v": 0.11936663091182709,
      "rel_l2_p": 0.027526190504431725,
      "rel_l2_speed": 0.014545409008860588,
      "mae_u": 0.012728571891784668,
      "mae_v": 0.0005206635687500238,
      "mae_p": 7.00661039352417,
      "wall_max_abs_u_pred": 6.506919817184098e-06,
      "wall_max_abs_v_pred": 4.160930302532506e-07,
      "pressure_drop_truth": 458.4859924316406,
      "pressure_drop_pred": 464.1891174316406,
      "pressure_drop_rel_error": 0.012439038692878523,
      "inlet_flux_truth": 0.9993339531855148,
      "inlet_flux_pred": 0.9967826720624222,
      "outlet_flux_truth": 0.9986025291565177,
      "outlet_flux_pred": 0.9930042799946621
    }
  ],
  "验证工况指标": [
    {
      "case_id": "C-val",
      "num_points": 1689,
      "rel_l2_u": 0.032542359083890915,
      "rel_l2_v": 0.10085277259349823,
      "rel_l2_p": 0.07766788452863693,
      "rel_l2_speed": 0.0325407013297081,
      "mae_u": 0.03248868137598038,
      "mae_v": 0.0010211269836872816,
      "mae_p": 59.9510612487793,
      "wall_max_abs_u_pred": 3.838479096884839e-05,
      "wall_max_abs_v_pred": 1.1984228649453144e-06,
      "pressure_drop_truth": 1069.1700439453125,
      "pressure_drop_pred": 946.4012451171875,
      "pressure_drop_rel_error": 0.11482626128870896,
      "inlet_flux_truth": 0.9993339531855148,
      "inlet_flux_pred": 0.9948010332737186,
      "outlet_flux_truth": 0.9985914423065942,
      "outlet_flux_pred": 0.9753777442048566
    }
  ]
}