{
  "family": "contraction_2d",
  "run_name": "contraction_strict_geometry_uniform5_stagepde_20260503",
  "split_name": "test_dense",
  "eval_cases": [
    "C-test-1",
    "C-test-2"
  ],
  "eval_source": "dense",
  "feature_mode": "geometry",
  "feature_cols": [
    "x_star",
    "y_star",
    "beta",
    "lc_over_w",
    "wall_distance_frac",
    "region_id_norm",
    "eta_norm_star",
    "axial_frac_star",
    "segment_id_norm",
    "center_proximity_star",
    "wall_proximity_star",
    "half_width_ratio_star",
    "inv_half_width_ratio_star",
    "contraction_rate_star"
  ],
  "summary": {
    "num_cases": 2,
    "mean_rel_l2_u": 0.02814610581845045,
    "max_rel_l2_u": 0.03924289345741272,
    "mean_rel_l2_v": 0.11981721594929695,
    "max_rel_l2_v": 0.1733364760875702,
    "mean_rel_l2_p": 0.17081524059176445,
    "max_rel_l2_p": 0.30532559752464294,
    "mean_rel_l2_speed": 0.028134074993431568,
    "max_rel_l2_speed": 0.03922302648425102,
    "mean_mae_u": 0.027368690818548203,
    "max_mae_u": 0.0400242879986763,
    "mean_mae_v": 0.0010118624340975657,
    "max_mae_v": 0.001583192846737802,
    "mean_mae_p": 239.1139678955078,
    "max_mae_p": 463.2543029785156,
    "mean_pressure_drop_rel_error": 0.21537693767277674,
    "max_pressure_drop_rel_error": 0.39254511072164044,
    "mean_wall_max_abs_u_pred": 6.324980677163694e-05,
    "max_wall_max_abs_u_pred": 7.731275400146842e-05,
    "mean_wall_max_abs_v_pred": 1.3129855460647377e-06,
    "max_wall_max_abs_v_pred": 1.4681012316941633e-06
  },
  "global_metrics": {
    "rel_l2_u": 0.031428489834070206,
    "rel_l2_v": 0.14621801674365997,
    "rel_l2_p": 0.289992094039917,
    "rel_l2_speed": 0.03141384944319725,
    "max_speed_err_over_speed_max": 0.12386731803417206,
    "max_p_err_over_p_range": 0.3403607904911041,
    "p95_speed_err_over_speed_max": 0.028962135314941406,
    "p95_p_err_over_p_range": 0.3191666305065155
  },
  "case_metrics": [
    {
      "case_id": "C-test-1",
      "num_points": 1900,
      "rel_l2_u": 0.017049318179488182,
      "rel_l2_v": 0.06629795581102371,
      "rel_l2_p": 0.036304883658885956,
      "rel_l2_speed": 0.017045123502612114,
      "mae_u": 0.014713093638420105,
      "mae_v": 0.0004405320214573294,
      "mae_p": 14.9736328125,
      "wall_max_abs_u_pred": 4.918685954180546e-05,
      "wall_max_abs_v_pred": 1.1578698604353121e-06,
      "pressure_drop_truth": 638.3499755859375,
      "pressure_drop_pred": 662.7405395507812,
      "pressure_drop_rel_error": 0.038208764623913025,
      "inlet_flux_truth": 0.9993342202681574,
      "inlet_flux_pred": 0.9972649298888969,
      "outlet_flux_truth": 0.9985988031622166,
      "outlet_flux_pred": 1.0141242318283172
    },
    {
      "case_id": "C-test-2",
      "num_points": 1545,
      "rel_l2_u": 0.03924289345741272,
      "rel_l2_v": 0.1733364760875702,
      "rel_l2_p": 0.30532559752464294,
      "rel_l2_speed": 0.03922302648425102,
      "mae_u": 0.0400242879986763,
      "mae_v": 0.001583192846737802,
      "mae_p": 463.2543029785156,
      "wall_max_abs_u_pred": 7.731275400146842e-05,
      "wall_max_abs_v_pred": 1.4681012316941633e-06,
      "pressure_drop_truth": 1957.869873046875,
      "pressure_drop_pred": 1189.317626953125,
      "pressure_drop_rel_error": 0.39254511072164044,
      "inlet_flux_truth": 0.9993339531855148,
      "inlet_flux_pred": 0.9984458301200357,
      "outlet_flux_truth": 0.9985859180816705,
      "outlet_flux_pred": 1.009183541464496
    }
  ],
  "source_run_config": "/root/dev/pinn-platform-v4/model/results/pinn/contraction_strict_geometry_uniform5_stagepde_20260503/config.json"
}