{
  "family": "contraction_2d",
  "run_name": "contraction_strict_geometry_uniform5_stagepde_20260503",
  "split_name": "val_dense",
  "eval_cases": [
    "C-val"
  ],
  "eval_source": "dense",
  "feature_mode": "geometry",
  "feature_cols": [
    "x_star",
    "y_star",
    "beta",
    "lc_over_w",
    "wall_distance_frac",
    "region_id_norm",
    "eta_norm_star",
    "axial_frac_star",
    "segment_id_norm",
    "center_proximity_star",
    "wall_proximity_star",
    "half_width_ratio_star",
    "inv_half_width_ratio_star",
    "contraction_rate_star"
  ],
  "summary": {
    "num_cases": 1,
    "mean_rel_l2_u": 0.025931958109140396,
    "max_rel_l2_u": 0.025931958109140396,
    "mean_rel_l2_v": 0.10641016066074371,
    "max_rel_l2_v": 0.10641016066074371,
    "mean_rel_l2_p": 0.10210397839546204,
    "max_rel_l2_p": 0.10210397839546204,
    "mean_rel_l2_speed": 0.025919124484062195,
    "max_rel_l2_speed": 0.025919124484062195,
    "mean_mae_u": 0.024459224194288254,
    "max_mae_u": 0.024459224194288254,
    "mean_mae_v": 0.0008994360105134547,
    "max_mae_v": 0.0008994360105134547,
    "mean_mae_p": 79.16421508789062,
    "max_mae_p": 79.16421508789062,
    "mean_pressure_drop_rel_error": 0.1300370114496072,
    "max_pressure_drop_rel_error": 0.1300370114496072,
    "mean_wall_max_abs_u_pred": 4.23169149144087e-05,
    "max_wall_max_abs_u_pred": 4.23169149144087e-05,
    "mean_wall_max_abs_v_pred": 1.3152814517525258e-06,
    "max_wall_max_abs_v_pred": 1.3152814517525258e-06
  },
  "global_metrics": {
    "rel_l2_u": 0.025931958109140396,
    "rel_l2_v": 0.10641016066074371,
    "rel_l2_p": 0.10210397839546204,
    "rel_l2_speed": 0.025919124484062195,
    "max_speed_err_over_speed_max": 0.09172894805669785,
    "max_p_err_over_p_range": 0.15299828350543976,
    "p95_speed_err_over_speed_max": 0.027425603941082954,
    "p95_p_err_over_p_range": 0.11826898157596588
  },
  "case_metrics": [
    {
      "case_id": "C-val",
      "num_points": 1689,
      "rel_l2_u": 0.025931958109140396,
      "rel_l2_v": 0.10641016066074371,
      "rel_l2_p": 0.10210397839546204,
      "rel_l2_speed": 0.025919124484062195,
      "mae_u": 0.024459224194288254,
      "mae_v": 0.0008994360105134547,
      "mae_p": 79.16421508789062,
      "wall_max_abs_u_pred": 4.23169149144087e-05,
      "wall_max_abs_v_pred": 1.3152814517525258e-06,
      "pressure_drop_truth": 1069.1700439453125,
      "pressure_drop_pred": 930.1383666992188,
      "pressure_drop_rel_error": 0.1300370114496072,
      "inlet_flux_truth": 0.9993339531855148,
      "inlet_flux_pred": 0.9993944009991336,
      "outlet_flux_truth": 0.9985914423065942,
      "outlet_flux_pred": 1.02650788174928
    }
  ],
  "source_run_config": "/root/dev/pinn-platform-v4/model/results/pinn/contraction_strict_geometry_uniform5_stagepde_20260503/config.json"
}