{
  "速度阶段验证指标": {
    "rel_l2_u": 0.059511709958314896,
    "rel_l2_v": 0.0365767739713192,
    "rel_l2_p": 0.5016282796859741,
    "rel_l2_speed": 0.03559621796011925,
    "max_speed_err_over_speed_max": 0.174874410033226,
    "max_p_err_over_p_range": 0.548345685005188,
    "p95_speed_err_over_speed_max": 0.04683808982372284,
    "p95_p_err_over_p_range": 0.497587651014328
  },
  "压力阶段验证指标": {
    "rel_l2_u": 0.059511709958314896,
    "rel_l2_v": 0.0365767739713192,
    "rel_l2_p": 0.019561996683478355,
    "rel_l2_speed": 0.03559621796011925,
    "max_speed_err_over_speed_max": 0.174874410033226,
    "max_p_err_over_p_range": 0.04346572235226631,
    "p95_speed_err_over_speed_max": 0.04683808982372284,
    "p95_p_err_over_p_range": 0.022096164524555206
  },
  "最终训练指标": {
    "rel_l2_u": 0.03144087642431259,
    "rel_l2_v": 0.016790859401226044,
    "rel_l2_p": 0.013067254796624184,
    "rel_l2_speed": 0.020034171640872955,
    "max_speed_err_over_speed_max": 0.14537028968334198,
    "max_p_err_over_p_range": 0.03937508910894394,
    "p95_speed_err_over_speed_max": 0.021105671301484108,
    "p95_p_err_over_p_range": 0.014707713387906551
  },
  "最终验证指标": {
    "rel_l2_u": 0.04013800621032715,
    "rel_l2_v": 0.019590817391872406,
    "rel_l2_p": 0.030695796012878418,
    "rel_l2_speed": 0.02371908910572529,
    "max_speed_err_over_speed_max": 0.15212424099445343,
    "max_p_err_over_p_range": 0.04217785969376564,
    "p95_speed_err_over_speed_max": 0.02843502163887024,
    "p95_p_err_over_p_range": 0.030544335022568703
  },
  "训练工况指标": [
    {
      "case_id": "B-base__ip_blunted",
      "num_points": 10493,
      "rel_l2_u": 0.0299203060567379,
      "rel_l2_v": 0.016456060111522675,
      "rel_l2_p": 0.012160396203398705,
      "rel_l2_speed": 0.019362574443221092,
      "mae_u": 0.012543856166303158,
      "mae_v": 0.008841654285788536,
      "mae_p": 1.2295442819595337,
      "wall_max_abs_u_pred": 9.429280908079818e-05,
      "wall_max_abs_v_pred": 0.0001688310003373772,
      "pressure_drop_truth": 234.82809448242188,
      "pressure_drop_pred": 227.11805725097656,
      "pressure_drop_rel_error": 0.032832686601825735,
      "inlet_flux_truth": 0.9986742110685451,
      "inlet_flux_pred": 0.9828237946923459,
      "outlet_flux_truth": 0.9992386690341846,
      "outlet_flux_pred": 0.9970703814715733
    },
    {
      "case_id": "B-train-1__ip_blunted",
      "num_points": 10493,
      "rel_l2_u": 0.0299203060567379,
      "rel_l2_v": 0.016456060111522675,
      "rel_l2_p": 0.012160396203398705,
      "rel_l2_speed": 0.019362574443221092,
      "mae_u": 0.012543856166303158,
      "mae_v": 0.008841654285788536,
      "mae_p": 1.2295442819595337,
      "wall_max_abs_u_pred": 9.429280908079818e-05,
      "wall_max_abs_v_pred": 0.0001688310003373772,
      "pressure_drop_truth": 234.82809448242188,
      "pressure_drop_pred": 227.11805725097656,
      "pressure_drop_rel_error": 0.032832686601825735,
      "inlet_flux_truth": 0.9986742110685451,
      "inlet_flux_pred": 0.9828237946923459,
      "outlet_flux_truth": 0.9992386690341846,
      "outlet_flux_pred": 0.9970703814715733
    },
    {
      "case_id": "B-train-2__ip_blunted",
      "num_points": 9672,
      "rel_l2_u": 0.03184567391872406,
      "rel_l2_v": 0.01677096076309681,
      "rel_l2_p": 0.011717665940523148,
      "rel_l2_speed": 0.020158477127552032,
      "mae_u": 0.013331705704331398,
      "mae_v": 0.00908300094306469,
      "mae_p": 1.1479511260986328,
      "wall_max_abs_u_pred": 4.1081693780142814e-05,
      "wall_max_abs_v_pred": 5.763414810644463e-05,
      "pressure_drop_truth": 215.9958038330078,
      "pressure_drop_pred": 209.71815490722656,
      "pressure_drop_rel_error": 0.02906375408401286,
      "inlet_flux_truth": 0.9986742110685451,
      "inlet_flux_pred": 0.9849100151309176,
      "outlet_flux_truth": 0.9992260705256228,
      "outlet_flux_pred": 1.0009966219090103
    },
    {
      "case_id": "B-train-3__ip_blunted",
      "num_points": 9126,
      "rel_l2_u": 0.034338295459747314,
      "rel_l2_v": 0.017537185922265053,
      "rel_l2_p": 0.01698295772075653,
      "rel_l2_speed": 0.021365679800510406,
      "mae_u": 0.014781235717236996,
      "mae_v": 0.009667625650763512,
      "mae_p": 1.5258004665374756,
      "wall_max_abs_u_pred": 4.995779454475269e-05,
      "wall_max_abs_v_pred": 5.865784260095097e-05,
      "pressure_drop_truth": 197.17335510253906,
      "pressure_drop_pred": 195.1414794921875,
      "pressure_drop_rel_error": 0.01030502123014991,
      "inlet_flux_truth": 0.9986742110685451,
      "inlet_flux_pred": 0.9751830430550892,
      "outlet_flux_truth": 0.9992261097282835,
      "outlet_flux_pred": 1.0008753967510522
    }
  ],
  "验证工况指标": [
    {
      "case_id": "B-val__ip_blunted",
      "num_points": 8385,
      "rel_l2_u": 0.04013800621032715,
      "rel_l2_v": 0.019590817391872406,
      "rel_l2_p": 0.030695796012878418,
      "rel_l2_speed": 0.02371908910572529,
      "mae_u": 0.018361758440732956,
      "mae_v": 0.010942245833575726,
      "mae_p": 2.9444587230682373,
      "wall_max_abs_u_pred": 5.342393342289142e-05,
      "wall_max_abs_v_pred": 5.858488293597475e-05,
      "pressure_drop_truth": 187.7733917236328,
      "pressure_drop_pred": 189.0658416748047,
      "pressure_drop_rel_error": 0.006883030334106719,
      "inlet_flux_truth": 0.9986742110685451,
      "inlet_flux_pred": 0.9661342148641867,
      "outlet_flux_truth": 0.9992261489309442,
      "outlet_flux_pred": 0.9991761028051194
    }
  ]
}