{
  "速度阶段验证指标": {
    "rel_l2_u": 0.03567943722009659,
    "rel_l2_v": 0.48735472559928894,
    "rel_l2_p": 0.699371337890625,
    "rel_l2_speed": 0.03566038981080055,
    "max_speed_err_over_speed_max": 0.11107134819030762,
    "max_p_err_over_p_range": 0.7644085884094238,
    "p95_speed_err_over_speed_max": 0.04414704814553261,
    "p95_p_err_over_p_range": 0.7261157035827637
  },
  "压力阶段验证指标": {
    "rel_l2_u": 0.03567943722009659,
    "rel_l2_v": 0.48735472559928894,
    "rel_l2_p": 0.17555689811706543,
    "rel_l2_speed": 0.03566038981080055,
    "max_speed_err_over_speed_max": 0.11107134819030762,
    "max_p_err_over_p_range": 0.2437228560447693,
    "p95_speed_err_over_speed_max": 0.04414704814553261,
    "p95_p_err_over_p_range": 0.20222052931785583
  },
  "最终训练指标": {
    "rel_l2_u": 0.02496880106627941,
    "rel_l2_v": 0.2883027195930481,
    "rel_l2_p": 0.09507828950881958,
    "rel_l2_speed": 0.02496108040213585,
    "max_speed_err_over_speed_max": 0.08144918829202652,
    "max_p_err_over_p_range": 0.2189934104681015,
    "p95_speed_err_over_speed_max": 0.02328292466700077,
    "p95_p_err_over_p_range": 0.0751347541809082
  },
  "最终验证指标": {
    "rel_l2_u": 0.03576188534498215,
    "rel_l2_v": 0.48154759407043457,
    "rel_l2_p": 0.17421096563339233,
    "rel_l2_speed": 0.03574424609541893,
    "max_speed_err_over_speed_max": 0.0931144580245018,
    "max_p_err_over_p_range": 0.23857542872428894,
    "p95_speed_err_over_speed_max": 0.045127030462026596,
    "p95_p_err_over_p_range": 0.19876405596733093
  },
  "训练工况指标": [
    {
      "case_id": "C-base",
      "num_points": 2113,
      "rel_l2_u": 0.02414572611451149,
      "rel_l2_v": 0.24602608382701874,
      "rel_l2_p": 0.10203154385089874,
      "rel_l2_speed": 0.024142788723111153,
      "mae_u": 0.021933535113930702,
      "mae_v": 0.001550068729557097,
      "mae_p": 23.711902618408203,
      "wall_max_abs_u_pred": 1.6916805179789662e-05,
      "wall_max_abs_v_pred": 1.0023767345046508e-06,
      "pressure_drop_truth": 415.0580139160156,
      "pressure_drop_pred": 456.0710144042969,
      "pressure_drop_rel_error": 0.09881269392037295,
      "inlet_flux_truth": 0.9993344694501207,
      "inlet_flux_pred": 1.002537623021723,
      "outlet_flux_truth": 0.9986057934544448,
      "outlet_flux_pred": 0.9904956434785837
    },
    {
      "case_id": "C-train-1",
      "num_points": 2339,
      "rel_l2_u": 0.025993233546614647,
      "rel_l2_v": 0.45909976959228516,
      "rel_l2_p": 0.11336524039506912,
      "rel_l2_speed": 0.0259952824562788,
      "mae_u": 0.020185327157378197,
      "mae_v": 0.0014939968241378665,
      "mae_p": 14.700973510742188,
      "wall_max_abs_u_pred": 7.985488082340453e-06,
      "wall_max_abs_v_pred": 2.182141543016769e-07,
      "pressure_drop_truth": 266.37799072265625,
      "pressure_drop_pred": 238.3385009765625,
      "pressure_drop_rel_error": 0.10526203636428585,
      "inlet_flux_truth": 0.9993344694501207,
      "inlet_flux_pred": 0.9958156449406512,
      "outlet_flux_truth": 0.9987080622554707,
      "outlet_flux_pred": 0.997787295525102
    },
    {
      "case_id": "C-train-2",
      "num_points": 2113,
      "rel_l2_u": 0.02414572611451149,
      "rel_l2_v": 0.24602608382701874,
      "rel_l2_p": 0.10203154385089874,
      "rel_l2_speed": 0.024142788723111153,
      "mae_u": 0.021933535113930702,
      "mae_v": 0.001550068729557097,
      "mae_p": 23.711902618408203,
      "wall_max_abs_u_pred": 1.6916805179789662e-05,
      "wall_max_abs_v_pred": 1.0023767345046508e-06,
      "pressure_drop_truth": 415.0580139160156,
      "pressure_drop_pred": 456.0710144042969,
      "pressure_drop_rel_error": 0.09881269392037295,
      "inlet_flux_truth": 0.9993344694501207,
      "inlet_flux_pred": 1.002537623021723,
      "outlet_flux_truth": 0.9986057934544448,
      "outlet_flux_pred": 0.9904956434785837
    },
    {
      "case_id": "C-train-3",
      "num_points": 1843,
      "rel_l2_u": 0.029653053730726242,
      "rel_l2_v": 0.2731207311153412,
      "rel_l2_p": 0.09836599975824356,
      "rel_l2_speed": 0.02962598204612732,
      "mae_u": 0.027777859941124916,
      "mae_v": 0.0021714691538363695,
      "mae_p": 60.04985046386719,
      "wall_max_abs_u_pred": 7.369866216322407e-05,
      "wall_max_abs_v_pred": 4.494662789511494e-06,
      "pressure_drop_truth": 985.2530517578125,
      "pressure_drop_pred": 886.32470703125,
      "pressure_drop_rel_error": 0.10040907211610467,
      "inlet_flux_truth": 0.9993344694501207,
      "inlet_flux_pred": 1.0047770227898734,
      "outlet_flux_truth": 0.9985955240666415,
      "outlet_flux_pred": 0.9830705579466215
    },
    {
      "case_id": "C-train-4",
      "num_points": 2176,
      "rel_l2_u": 0.021575383841991425,
      "rel_l2_v": 0.6051647067070007,
      "rel_l2_p": 0.08566564321517944,
      "rel_l2_speed": 0.021576587110757828,
      "mae_u": 0.018377868458628654,
      "mae_v": 0.0014193309471011162,
      "mae_p": 12.889456748962402,
      "wall_max_abs_u_pred": 4.965464540873654e-06,
      "wall_max_abs_v_pred": 1.5242848405705445e-07,
      "pressure_drop_truth": 297.37701416015625,
      "pressure_drop_pred": 266.1695251464844,
      "pressure_drop_rel_error": 0.10494250573403285,
      "inlet_flux_truth": 0.9993339531855148,
      "inlet_flux_pred": 0.9843229658724352,
      "outlet_flux_truth": 0.998607746543279,
      "outlet_flux_pred": 1.000277961122158
    },
    {
      "case_id": "C-train-5",
      "num_points": 1914,
      "rel_l2_u": 0.021261483430862427,
      "rel_l2_v": 0.3131959140300751,
      "rel_l2_p": 0.049360789358615875,
      "rel_l2_speed": 0.02125771902501583,
      "mae_u": 0.019126057624816895,
      "mae_v": 0.0015177427558228374,
      "mae_p": 12.75090217590332,
      "wall_max_abs_u_pred": 7.084167009452358e-06,
      "wall_max_abs_v_pred": 5.725697747038794e-07,
      "pressure_drop_truth": 458.4859924316406,
      "pressure_drop_pred": 467.3115234375,
      "pressure_drop_rel_error": 0.0192492925662832,
      "inlet_flux_truth": 0.9993339531855148,
      "inlet_flux_pred": 0.993781617002635,
      "outlet_flux_truth": 0.9986025291565177,
      "outlet_flux_pred": 0.9933484935592944
    }
  ],
  "验证工况指标": [
    {
      "case_id": "C-val",
      "num_points": 1689,
      "rel_l2_u": 0.03576188534498215,
      "rel_l2_v": 0.48154759407043457,
      "rel_l2_p": 0.17421096563339233,
      "rel_l2_speed": 0.03574424609541893,
      "mae_u": 0.03521543741226196,
      "mae_v": 0.0033632705453783274,
      "mae_p": 137.7990264892578,
      "wall_max_abs_u_pred": 3.797381941694766e-05,
      "wall_max_abs_v_pred": 2.098959612339968e-06,
      "pressure_drop_truth": 1069.1700439453125,
      "pressure_drop_pred": 847.2437133789062,
      "pressure_drop_rel_error": 0.2075687883542662,
      "inlet_flux_truth": 0.9993339531855148,
      "inlet_flux_pred": 1.0018080957320998,
      "outlet_flux_truth": 0.9985914423065942,
      "outlet_flux_pred": 0.989397265416885
    }
  ]
}