{
  "best_epoch": 1500,
  "best_val_total": 0.00023772539861965925,
  "stop_epoch": 1500,
  "train_case_metrics": [
    {
      "case_id": "B-base",
      "num_points": 10493,
      "rel_l2_u": 0.0050736949779093266,
      "rel_l2_v": 0.004209370352327824,
      "rel_l2_p": 0.003453692886978388,
      "rel_l2_speed": 0.003866657381877303,
      "mae_u": 0.002738590817898512,
      "mae_v": 0.0026055218186229467,
      "mae_p": 0.3633369207382202,
      "wall_max_abs_u_pred": 0.02361518144607544,
      "wall_max_abs_v_pred": 0.015775680541992188,
      "pressure_drop_truth": 233.19903564453125,
      "pressure_drop_pred": 233.0664520263672,
      "pressure_drop_rel_error": 0.0005685427377416822,
      "inlet_flux_truth": 0.9992260762213103,
      "inlet_flux_pred": 0.9983391174112128,
      "outlet_flux_truth": 0.9992386690341846,
      "outlet_flux_pred": 0.9983838502999873
    },
    {
      "case_id": "B-train-1",
      "num_points": 10493,
      "rel_l2_u": 0.0050736949779093266,
      "rel_l2_v": 0.004209370352327824,
      "rel_l2_p": 0.003453692886978388,
      "rel_l2_speed": 0.003866657381877303,
      "mae_u": 0.002738590817898512,
      "mae_v": 0.0026055218186229467,
      "mae_p": 0.3633369207382202,
      "wall_max_abs_u_pred": 0.02361518144607544,
      "wall_max_abs_v_pred": 0.015775680541992188,
      "pressure_drop_truth": 233.19903564453125,
      "pressure_drop_pred": 233.0664520263672,
      "pressure_drop_rel_error": 0.0005685427377416822,
      "inlet_flux_truth": 0.9992260762213103,
      "inlet_flux_pred": 0.9983391174112128,
      "outlet_flux_truth": 0.9992386690341846,
      "outlet_flux_pred": 0.9983838502999873
    },
    {
      "case_id": "B-train-2",
      "num_points": 9672,
      "rel_l2_u": 0.005475664045661688,
      "rel_l2_v": 0.004385447129607201,
      "rel_l2_p": 0.004230658523738384,
      "rel_l2_speed": 0.003961158916354179,
      "mae_u": 0.0028473848942667246,
      "mae_v": 0.00266454741358757,
      "mae_p": 0.41129639744758606,
      "wall_max_abs_u_pred": 0.01895052194595337,
      "wall_max_abs_v_pred": 0.016139864921569824,
      "pressure_drop_truth": 214.36801147460938,
      "pressure_drop_pred": 214.8417510986328,
      "pressure_drop_rel_error": 0.0022099361782788518,
      "inlet_flux_truth": 0.9992260762213103,
      "inlet_flux_pred": 0.9984344240729697,
      "outlet_flux_truth": 0.9992261264389128,
      "outlet_flux_pred": 0.9990212089295483
    },
    {
      "case_id": "B-train-3",
      "num_points": 9126,
      "rel_l2_u": 0.006085338536649942,
      "rel_l2_v": 0.004969418048858643,
      "rel_l2_p": 0.005719142034649849,
      "rel_l2_speed": 0.004329470451921225,
      "mae_u": 0.003133233170956373,
      "mae_v": 0.0029391769785434008,
      "mae_p": 0.5139450430870056,
      "wall_max_abs_u_pred": 0.021370232105255127,
      "wall_max_abs_v_pred": 0.01920098066329956,
      "pressure_drop_truth": 195.54698181152344,
      "pressure_drop_pred": 196.75648498535156,
      "pressure_drop_rel_error": 0.0061852305907430976,
      "inlet_flux_truth": 0.9992260762213103,
      "inlet_flux_pred": 0.9983153517493624,
      "outlet_flux_truth": 0.9992261656413319,
      "outlet_flux_pred": 0.9985865852655564
    }
  ],
  "val_case_metrics": [
    {
      "case_id": "B-val",
      "num_points": 8385,
      "rel_l2_u": 0.007945945486426353,
      "rel_l2_v": 0.006369839422404766,
      "rel_l2_p": 0.009844738990068436,
      "rel_l2_speed": 0.005290264263749123,
      "mae_u": 0.00418996112421155,
      "mae_v": 0.003854768117889762,
      "mae_p": 0.8316082954406738,
      "wall_max_abs_u_pred": 0.025544941425323486,
      "wall_max_abs_v_pred": 0.02418595552444458,
      "pressure_drop_truth": 186.1420135498047,
      "pressure_drop_pred": 187.9700927734375,
      "pressure_drop_rel_error": 0.009820884542777747,
      "inlet_flux_truth": 0.9992260762213103,
      "inlet_flux_pred": 0.9977952771853658,
      "outlet_flux_truth": 0.999226204843751,
      "outlet_flux_pred": 0.9971759054202494
    }
  ],
  "train_extreme_metrics": {
    "max_speed_err_over_speed_max": 0.018755197525024414,
    "max_p_err_over_p_range": 0.011619172058999538,
    "p95_speed_err_over_speed_max": 0.005860467907041311,
    "p95_p_err_over_p_range": 0.004588268231600523
  },
  "val_extreme_metrics": {
    "max_speed_err_over_speed_max": 0.02127717062830925,
    "max_p_err_over_p_range": 0.021589716896414757,
    "p95_speed_err_over_speed_max": 0.007380628492683172,
    "p95_p_err_over_p_range": 0.012482545338571072
  }
}