{
  "速度阶段验证指标": {
    "rel_l2_u": 0.5955141186714172,
    "rel_l2_v": 0.6201554536819458,
    "rel_l2_p": 0.4981328248977661,
    "rel_l2_speed": 0.27484917640686035,
    "max_speed_err_over_speed_max": 0.7404524087905884,
    "max_p_err_over_p_range": 0.5403895974159241,
    "p95_speed_err_over_speed_max": 0.3112850785255432,
    "p95_p_err_over_p_range": 0.49027740955352783
  },
  "压力阶段验证指标": {
    "rel_l2_u": 0.5955141186714172,
    "rel_l2_v": 0.6201554536819458,
    "rel_l2_p": 0.16028305888175964,
    "rel_l2_speed": 0.27484917640686035,
    "max_speed_err_over_speed_max": 0.7404524087905884,
    "max_p_err_over_p_range": 0.23238308727741241,
    "p95_speed_err_over_speed_max": 0.3112850785255432,
    "p95_p_err_over_p_range": 0.17370449006557465
  },
  "最终训练指标": {
    "rel_l2_u": 0.5438145995140076,
    "rel_l2_v": 0.5919855833053589,
    "rel_l2_p": 0.14780500531196594,
    "rel_l2_speed": 0.2932468354701996,
    "max_speed_err_over_speed_max": 0.695361316204071,
    "max_p_err_over_p_range": 0.185684934258461,
    "p95_speed_err_over_speed_max": 0.3295787572860718,
    "p95_p_err_over_p_range": 0.15073640644550323
  },
  "最终验证指标": {
    "rel_l2_u": 0.5746104121208191,
    "rel_l2_v": 0.6194552779197693,
    "rel_l2_p": 0.16579569876194,
    "rel_l2_speed": 0.3004438281059265,
    "max_speed_err_over_speed_max": 0.6736741065979004,
    "max_p_err_over_p_range": 0.2048885077238083,
    "p95_speed_err_over_speed_max": 0.34201157093048096,
    "p95_p_err_over_p_range": 0.15346741676330566
  },
  "训练工况指标": [
    {
      "case_id": "B-base__ip_blunted",
      "num_points": 10493,
      "rel_l2_u": 0.533037543296814,
      "rel_l2_v": 0.5843714475631714,
      "rel_l2_p": 0.1491456925868988,
      "rel_l2_speed": 0.2939337491989136,
      "mae_u": 0.2955276370048523,
      "mae_v": 0.39240190386772156,
      "mae_p": 16.678932189941406,
      "wall_max_abs_u_pred": 0.005334973335266113,
      "wall_max_abs_v_pred": 0.00984656810760498,
      "pressure_drop_truth": 234.82809448242188,
      "pressure_drop_pred": 234.48809814453125,
      "pressure_drop_rel_error": 0.0014478520495599136,
      "inlet_flux_truth": 0.9986742110685451,
      "inlet_flux_pred": 0.9980748880082713,
      "outlet_flux_truth": 0.9992386690341846,
      "outlet_flux_pred": 0.4881273450273369
    },
    {
      "case_id": "B-train-1__ip_blunted",
      "num_points": 10493,
      "rel_l2_u": 0.533037543296814,
      "rel_l2_v": 0.5843714475631714,
      "rel_l2_p": 0.1491456925868988,
      "rel_l2_speed": 0.2939337491989136,
      "mae_u": 0.2955276370048523,
      "mae_v": 0.39240190386772156,
      "mae_p": 16.678932189941406,
      "wall_max_abs_u_pred": 0.005334973335266113,
      "wall_max_abs_v_pred": 0.00984656810760498,
      "pressure_drop_truth": 234.82809448242188,
      "pressure_drop_pred": 234.48809814453125,
      "pressure_drop_rel_error": 0.0014478520495599136,
      "inlet_flux_truth": 0.9986742110685451,
      "inlet_flux_pred": 0.9980748880082713,
      "outlet_flux_truth": 0.9992386690341846,
      "outlet_flux_pred": 0.4881273450273369
    },
    {
      "case_id": "B-train-2__ip_blunted",
      "num_points": 9672,
      "rel_l2_u": 0.5474574565887451,
      "rel_l2_v": 0.5940057039260864,
      "rel_l2_p": 0.14134082198143005,
      "rel_l2_speed": 0.29105478525161743,
      "mae_u": 0.3014473617076874,
      "mae_v": 0.40191248059272766,
      "mae_p": 14.755069732666016,
      "wall_max_abs_u_pred": 0.005064785480499268,
      "wall_max_abs_v_pred": 0.009932756423950195,
      "pressure_drop_truth": 215.9958038330078,
      "pressure_drop_pred": 215.6529083251953,
      "pressure_drop_rel_error": 0.0015875100429154642,
      "inlet_flux_truth": 0.9986742110685451,
      "inlet_flux_pred": 1.00009360713173,
      "outlet_flux_truth": 0.9992260705256228,
      "outlet_flux_pred": 0.4831942874289865
    },
    {
      "case_id": "B-train-3__ip_blunted",
      "num_points": 9126,
      "rel_l2_u": 0.564444363117218,
      "rel_l2_v": 0.6066447496414185,
      "rel_l2_p": 0.1514245569705963,
      "rel_l2_speed": 0.29397308826446533,
      "mae_u": 0.3103023171424866,
      "mae_v": 0.41823163628578186,
      "mae_p": 14.880352020263672,
      "wall_max_abs_u_pred": 0.01043480634689331,
      "wall_max_abs_v_pred": 0.015579164028167725,
      "pressure_drop_truth": 197.17335510253906,
      "pressure_drop_pred": 198.8240966796875,
      "pressure_drop_rel_error": 0.008372031689017864,
      "inlet_flux_truth": 0.9986742110685451,
      "inlet_flux_pred": 0.9976654271000269,
      "outlet_flux_truth": 0.9992261097282835,
      "outlet_flux_pred": 0.4667819922182801
    }
  ],
  "验证工况指标": [
    {
      "case_id": "B-val__ip_blunted",
      "num_points": 8385,
      "rel_l2_u": 0.5746104121208191,
      "rel_l2_v": 0.6194552779197693,
      "rel_l2_p": 0.16579569876194,
      "rel_l2_speed": 0.3004438281059265,
      "mae_u": 0.31189319491386414,
      "mae_v": 0.42950239777565,
      "mae_p": 15.702616691589355,
      "wall_max_abs_u_pred": 0.013821184635162354,
      "wall_max_abs_v_pred": 0.03192484378814697,
      "pressure_drop_truth": 187.7733917236328,
      "pressure_drop_pred": 191.21595764160156,
      "pressure_drop_rel_error": 0.0183336195100291,
      "inlet_flux_truth": 0.9986742110685451,
      "inlet_flux_pred": 0.9948515984032,
      "outlet_flux_truth": 0.9992261489309442,
      "outlet_flux_pred": 0.45368295046297646
    }
  ]
}