{
  "速度阶段验证指标": {
    "rel_l2_u": 0.07614875584840775,
    "rel_l2_v": 0.04892322048544884,
    "rel_l2_p": 0.4979248046875,
    "rel_l2_speed": 0.045332156121730804,
    "max_speed_err_over_speed_max": 0.1767464429140091,
    "max_p_err_over_p_range": 0.5482000708580017,
    "p95_speed_err_over_speed_max": 0.05868535488843918,
    "p95_p_err_over_p_range": 0.49737975001335144
  },
  "压力阶段验证指标": {
    "rel_l2_u": 0.07614875584840775,
    "rel_l2_v": 0.04892322048544884,
    "rel_l2_p": 0.025467408820986748,
    "rel_l2_speed": 0.045332156121730804,
    "max_speed_err_over_speed_max": 0.1767464429140091,
    "max_p_err_over_p_range": 0.04495307803153992,
    "p95_speed_err_over_speed_max": 0.05868535488843918,
    "p95_p_err_over_p_range": 0.027166370302438736
  },
  "最终训练指标": {
    "rel_l2_u": 0.044471949338912964,
    "rel_l2_v": 0.02178402990102768,
    "rel_l2_p": 0.010894929990172386,
    "rel_l2_speed": 0.028640715405344963,
    "max_speed_err_over_speed_max": 0.1383233517408371,
    "max_p_err_over_p_range": 0.030676156282424927,
    "p95_speed_err_over_speed_max": 0.032386843115091324,
    "p95_p_err_over_p_range": 0.012797147035598755
  },
  "最终验证指标": {
    "rel_l2_u": 0.05410699173808098,
    "rel_l2_v": 0.0264320969581604,
    "rel_l2_p": 0.023879218846559525,
    "rel_l2_speed": 0.03286852687597275,
    "max_speed_err_over_speed_max": 0.12999291718006134,
    "max_p_err_over_p_range": 0.03853442519903183,
    "p95_speed_err_over_speed_max": 0.03831157460808754,
    "p95_p_err_over_p_range": 0.02766118198633194
  },
  "训练工况指标": [
    {
      "case_id": "B-base__ip_skewed_top",
      "num_points": 10493,
      "rel_l2_u": 0.04252155125141144,
      "rel_l2_v": 0.02109670266509056,
      "rel_l2_p": 0.0092441625893116,
      "rel_l2_speed": 0.027783023193478584,
      "mae_u": 0.02098492905497551,
      "mae_v": 0.012971395626664162,
      "mae_p": 0.92020583152771,
      "wall_max_abs_u_pred": 0.07009062170982361,
      "wall_max_abs_v_pred": 0.04964554309844971,
      "pressure_drop_truth": 233.1982879638672,
      "pressure_drop_pred": 231.80564880371094,
      "pressure_drop_rel_error": 0.005971909881139548,
      "inlet_flux_truth": 0.9992262694577136,
      "inlet_flux_pred": 0.9970474540861538,
      "outlet_flux_truth": 0.9992386690341846,
      "outlet_flux_pred": 0.9974048621616163
    },
    {
      "case_id": "B-train-1__ip_skewed_top",
      "num_points": 10493,
      "rel_l2_u": 0.04252155125141144,
      "rel_l2_v": 0.02109670266509056,
      "rel_l2_p": 0.0092441625893116,
      "rel_l2_speed": 0.027783023193478584,
      "mae_u": 0.02098492905497551,
      "mae_v": 0.012971395626664162,
      "mae_p": 0.92020583152771,
      "wall_max_abs_u_pred": 0.07009062170982361,
      "wall_max_abs_v_pred": 0.04964554309844971,
      "pressure_drop_truth": 233.1982879638672,
      "pressure_drop_pred": 231.80564880371094,
      "pressure_drop_rel_error": 0.005971909881139548,
      "inlet_flux_truth": 0.9992262694577136,
      "inlet_flux_pred": 0.9970474540861538,
      "outlet_flux_truth": 0.9992386690341846,
      "outlet_flux_pred": 0.9974048621616163
    },
    {
      "case_id": "B-train-2__ip_skewed_top",
      "num_points": 9672,
      "rel_l2_u": 0.0453985296189785,
      "rel_l2_v": 0.021684475243091583,
      "rel_l2_p": 0.01040637120604515,
      "rel_l2_speed": 0.029091041535139084,
      "mae_u": 0.021925093606114388,
      "mae_v": 0.013401779346168041,
      "mae_p": 0.9599805474281311,
      "wall_max_abs_u_pred": 0.07930454611778259,
      "wall_max_abs_v_pred": 0.04850137233734131,
      "pressure_drop_truth": 214.36827087402344,
      "pressure_drop_pred": 212.2936553955078,
      "pressure_drop_rel_error": 0.009677810387036207,
      "inlet_flux_truth": 0.9992262694577136,
      "inlet_flux_pred": 1.000724735715392,
      "outlet_flux_truth": 0.9992261264389128,
      "outlet_flux_pred": 1.0010395968736532
    },
    {
      "case_id": "B-train-3__ip_skewed_top",
      "num_points": 9126,
      "rel_l2_u": 0.047800462692976,
      "rel_l2_v": 0.023346034809947014,
      "rel_l2_p": 0.015521775931119919,
      "rel_l2_speed": 0.03005599044263363,
      "mae_u": 0.023915989324450493,
      "mae_v": 0.014600034803152084,
      "mae_p": 1.3807647228240967,
      "wall_max_abs_u_pred": 0.10452708601951599,
      "wall_max_abs_v_pred": 0.06699132919311523,
      "pressure_drop_truth": 195.54676818847656,
      "pressure_drop_pred": 194.86729431152344,
      "pressure_drop_rel_error": 0.003474738464090671,
      "inlet_flux_truth": 0.9992262694577136,
      "inlet_flux_pred": 0.990444832286316,
      "outlet_flux_truth": 0.9992261656413319,
      "outlet_flux_pred": 1.002766228725676
    }
  ],
  "验证工况指标": [
    {
      "case_id": "B-val__ip_skewed_top",
      "num_points": 8385,
      "rel_l2_u": 0.05410699173808098,
      "rel_l2_v": 0.0264320969581604,
      "rel_l2_p": 0.023879218846559525,
      "rel_l2_speed": 0.03286852687597275,
      "mae_u": 0.028064334765076637,
      "mae_v": 0.016735943034291267,
      "mae_p": 2.1068649291992188,
      "wall_max_abs_u_pred": 0.12273314595222473,
      "wall_max_abs_v_pred": 0.07820707559585571,
      "pressure_drop_truth": 186.14190673828125,
      "pressure_drop_pred": 187.04476928710938,
      "pressure_drop_rel_error": 0.0048503991639967485,
      "inlet_flux_truth": 0.9992262694577136,
      "inlet_flux_pred": 0.9804776080011948,
      "outlet_flux_truth": 0.999226204843751,
      "outlet_flux_pred": 1.0025205795004268
    }
  ]
}