{
  "速度阶段验证指标": {
    "rel_l2_u": 0.29357102513313293,
    "rel_l2_v": 0.9697232842445374,
    "rel_l2_p": 0.7003747224807739,
    "rel_l2_speed": 0.2935847043991089,
    "max_speed_err_over_speed_max": 0.41058990359306335,
    "max_p_err_over_p_range": 0.7248623371124268,
    "p95_speed_err_over_speed_max": 0.387992262840271,
    "p95_p_err_over_p_range": 0.7171414494514465
  },
  "压力阶段验证指标": {
    "rel_l2_u": 0.29357102513313293,
    "rel_l2_v": 0.9697232842445374,
    "rel_l2_p": 0.1835426539182663,
    "rel_l2_speed": 0.2935847043991089,
    "max_speed_err_over_speed_max": 0.41058990359306335,
    "max_p_err_over_p_range": 0.27469152212142944,
    "p95_speed_err_over_speed_max": 0.387992262840271,
    "p95_p_err_over_p_range": 0.2668852210044861
  },
  "最终训练指标": {
    "rel_l2_u": 0.7048077583312988,
    "rel_l2_v": 0.9914286136627197,
    "rel_l2_p": 0.17827287316322327,
    "rel_l2_speed": 0.7047760486602783,
    "max_speed_err_over_speed_max": 1.1287304162979126,
    "max_p_err_over_p_range": 0.2726219892501831,
    "p95_speed_err_over_speed_max": 0.6712062358856201,
    "p95_p_err_over_p_range": 0.14926932752132416
  },
  "最终验证指标": {
    "rel_l2_u": 0.7543349862098694,
    "rel_l2_v": 0.9577757120132446,
    "rel_l2_p": 0.1627063900232315,
    "rel_l2_speed": 0.7542903423309326,
    "max_speed_err_over_speed_max": 0.915135383605957,
    "max_p_err_over_p_range": 0.22983291745185852,
    "p95_speed_err_over_speed_max": 0.847108781337738,
    "p95_p_err_over_p_range": 0.22064250707626343
  },
  "训练工况指标": [
    {
      "case_id": "C-base",
      "num_points": 2113,
      "rel_l2_u": 0.7180910706520081,
      "rel_l2_v": 1.0045545101165771,
      "rel_l2_p": 0.2279793918132782,
      "rel_l2_speed": 0.7180635333061218,
      "mae_u": 0.6738517880439758,
      "mae_v": 0.007876371964812279,
      "mae_p": 45.08207321166992,
      "wall_max_abs_u_pred": 2.28938364982605,
      "wall_max_abs_v_pred": 0.02092744968831539,
      "pressure_drop_truth": 415.0580139160156,
      "pressure_drop_pred": 564.1726684570312,
      "pressure_drop_rel_error": 0.35926219839520473,
      "inlet_flux_truth": 0.9993344694501207,
      "inlet_flux_pred": 1.511079029779145,
      "outlet_flux_truth": 0.9986057934544448,
      "outlet_flux_pred": 1.3326783047077528
    },
    {
      "case_id": "C-train-1",
      "num_points": 2339,
      "rel_l2_u": 0.578999400138855,
      "rel_l2_v": 1.220263957977295,
      "rel_l2_p": 0.09390831738710403,
      "rel_l2_speed": 0.5789978504180908,
      "mae_u": 0.5071161985397339,
      "mae_v": 0.00443409476429224,
      "mae_p": 15.293684005737305,
      "wall_max_abs_u_pred": 1.5678133964538574,
      "wall_max_abs_v_pred": 0.01952374167740345,
      "pressure_drop_truth": 266.37799072265625,
      "pressure_drop_pred": 274.12640380859375,
      "pressure_drop_rel_error": 0.02908803788525027,
      "inlet_flux_truth": 0.9993344694501207,
      "inlet_flux_pred": 1.2922229080760843,
      "outlet_flux_truth": 0.9987080622554707,
      "outlet_flux_pred": 1.3978014369663225
    },
    {
      "case_id": "C-train-2",
      "num_points": 2113,
      "rel_l2_u": 0.7180910706520081,
      "rel_l2_v": 1.0045545101165771,
      "rel_l2_p": 0.2279793918132782,
      "rel_l2_speed": 0.7180635333061218,
      "mae_u": 0.6738517880439758,
      "mae_v": 0.007876371964812279,
      "mae_p": 45.08207321166992,
      "wall_max_abs_u_pred": 2.28938364982605,
      "wall_max_abs_v_pred": 0.02092744968831539,
      "pressure_drop_truth": 415.0580139160156,
      "pressure_drop_pred": 564.1726684570312,
      "pressure_drop_rel_error": 0.35926219839520473,
      "inlet_flux_truth": 0.9993344694501207,
      "inlet_flux_pred": 1.511079029779145,
      "outlet_flux_truth": 0.9986057934544448,
      "outlet_flux_pred": 1.3326783047077528
    },
    {
      "case_id": "C-train-3",
      "num_points": 1843,
      "rel_l2_u": 0.8964149951934814,
      "rel_l2_v": 0.9399822354316711,
      "rel_l2_p": 0.16498982906341553,
      "rel_l2_speed": 0.8963144421577454,
      "mae_u": 1.05616295337677,
      "mae_v": 0.013484868220984936,
      "mae_p": 107.60533142089844,
      "wall_max_abs_u_pred": 3.386169910430908,
      "wall_max_abs_v_pred": 0.03101695328950882,
      "pressure_drop_truth": 985.2530517578125,
      "pressure_drop_pred": 1221.89111328125,
      "pressure_drop_rel_error": 0.2401799833060612,
      "inlet_flux_truth": 0.9993344694501207,
      "inlet_flux_pred": 1.9258866188952037,
      "outlet_flux_truth": 0.9985955240666415,
      "outlet_flux_pred": 1.163670989349102
    },
    {
      "case_id": "C-train-4",
      "num_points": 2176,
      "rel_l2_u": 0.5184584856033325,
      "rel_l2_v": 1.4322983026504517,
      "rel_l2_p": 0.08964893966913223,
      "rel_l2_speed": 0.5184623599052429,
      "mae_u": 0.4487623870372772,
      "mae_v": 0.003953691106289625,
      "mae_p": 16.021265029907227,
      "wall_max_abs_u_pred": 1.4621893167495728,
      "wall_max_abs_v_pred": 0.015406901948153973,
      "pressure_drop_truth": 297.37701416015625,
      "pressure_drop_pred": 312.4228820800781,
      "pressure_drop_rel_error": 0.050595261918322566,
      "inlet_flux_truth": 0.9993339531855148,
      "inlet_flux_pred": 1.2224882648834066,
      "outlet_flux_truth": 0.998607746543279,
      "outlet_flux_pred": 1.35895333350575
    },
    {
      "case_id": "C-train-5",
      "num_points": 1914,
      "rel_l2_u": 0.6322706341743469,
      "rel_l2_v": 1.0077743530273438,
      "rel_l2_p": 0.19333003461360931,
      "rel_l2_speed": 0.6322616338729858,
      "mae_u": 0.58329176902771,
      "mae_v": 0.0062922025099396706,
      "mae_p": 41.74464416503906,
      "wall_max_abs_u_pred": 1.9279240369796753,
      "wall_max_abs_v_pred": 0.018641050904989243,
      "pressure_drop_truth": 458.4859924316406,
      "pressure_drop_pred": 599.4734497070312,
      "pressure_drop_rel_error": 0.3075065751248906,
      "inlet_flux_truth": 0.9993339531855148,
      "inlet_flux_pred": 1.3651176244557466,
      "outlet_flux_truth": 0.9986025291565177,
      "outlet_flux_pred": 1.2713955330739921
    }
  ],
  "验证工况指标": [
    {
      "case_id": "C-val",
      "num_points": 1689,
      "rel_l2_u": 0.7543349862098694,
      "rel_l2_v": 0.9577757120132446,
      "rel_l2_p": 0.1627063900232315,
      "rel_l2_speed": 0.7542903423309326,
      "mae_u": 0.8832460641860962,
      "mae_v": 0.011043326929211617,
      "mae_p": 119.22535705566406,
      "wall_max_abs_u_pred": 2.745400905609131,
      "wall_max_abs_v_pred": 0.02864566631615162,
      "pressure_drop_truth": 1069.1700439453125,
      "pressure_drop_pred": 1241.3355712890625,
      "pressure_drop_rel_error": 0.16102726438953244,
      "inlet_flux_truth": 0.9993339531855148,
      "inlet_flux_pred": 1.6452204569520343,
      "outlet_flux_truth": 0.9985914423065942,
      "outlet_flux_pred": 1.0787609515224226
    }
  ]
}