{
  "family": "bend_2d",
  "run_name": "bend_strict_blunted_sparse5_stagepde_20260503",
  "split_name": "test_dense",
  "eval_cases": [
    "B-test-1__ip_blunted"
  ],
  "eval_source": "dense",
  "feature_mode": "geometry",
  "feature_cols": [
    "x_star",
    "y_star",
    "rc_over_w",
    "theta_over_90",
    "wall_distance_frac",
    "region_id_norm",
    "eta_norm_star",
    "axial_frac_star",
    "tangent_x_star",
    "tangent_y_star",
    "segment_id_norm",
    "center_proximity_star",
    "wall_proximity_star",
    "curvature_star"
  ],
  "summary": {
    "num_cases": 1,
    "mean_rel_l2_u": 0.05128102749586105,
    "max_rel_l2_u": 0.05128102749586105,
    "mean_rel_l2_v": 0.024443326517939568,
    "max_rel_l2_v": 0.024443326517939568,
    "mean_rel_l2_p": 0.05628395825624466,
    "max_rel_l2_p": 0.05628395825624466,
    "mean_rel_l2_speed": 0.02737458422780037,
    "max_rel_l2_speed": 0.02737458422780037,
    "mean_mae_u": 0.027320146560668945,
    "max_mae_u": 0.027320146560668945,
    "mean_mae_v": 0.014440281316637993,
    "max_mae_v": 0.014440281316637993,
    "mean_mae_p": 5.343496799468994,
    "max_mae_p": 5.343496799468994,
    "mean_pressure_drop_rel_error": 0.03311420585744175,
    "max_pressure_drop_rel_error": 0.03311420585744175,
    "mean_wall_max_abs_u_pred": 6.371848576236516e-05,
    "max_wall_max_abs_u_pred": 6.371848576236516e-05,
    "mean_wall_max_abs_v_pred": 5.9162364777876064e-05,
    "max_wall_max_abs_v_pred": 5.9162364777876064e-05
  },
  "global_metrics": {
    "rel_l2_u": 0.05128102749586105,
    "rel_l2_v": 0.024443326517939568,
    "rel_l2_p": 0.05628395825624466,
    "rel_l2_speed": 0.02737458422780037,
    "max_speed_err_over_speed_max": 0.14360485970973969,
    "max_p_err_over_p_range": 0.06467768549919128,
    "p95_speed_err_over_speed_max": 0.03680441528558731,
    "p95_p_err_over_p_range": 0.05143970251083374
  },
  "case_metrics": [
    {
      "case_id": "B-test-1__ip_blunted",
      "num_points": 8015,
      "rel_l2_u": 0.05128102749586105,
      "rel_l2_v": 0.024443326517939568,
      "rel_l2_p": 0.05628395825624466,
      "rel_l2_speed": 0.02737458422780037,
      "mae_u": 0.027320146560668945,
      "mae_v": 0.014440281316637993,
      "mae_p": 5.343496799468994,
      "wall_max_abs_u_pred": 6.371848576236516e-05,
      "wall_max_abs_v_pred": 5.9162364777876064e-05,
      "pressure_drop_truth": 178.37290954589844,
      "pressure_drop_pred": 184.2795867919922,
      "pressure_drop_rel_error": 0.03311420585744175,
      "inlet_flux_truth": 0.9986742110685451,
      "inlet_flux_pred": 0.9698027464011827,
      "outlet_flux_truth": 0.9992261489309442,
      "outlet_flux_pred": 0.996267586205601
    }
  ],
  "source_run_config": "/root/dev/pinn-platform-v4/model/results/pinn/bend_strict_blunted_sparse5_stagepde_20260503/config.json"
}