{
  "family": "contraction_2d",
  "run_name": "contraction_independent_geometry_sparse1clean_stagepde_v4_ratecheck_20260502",
  "split_name": "test",
  "eval_cases": [
    "C-test-1",
    "C-test-2"
  ],
  "eval_source": "dense",
  "feature_mode": "geometry",
  "feature_cols": [
    "x_star",
    "y_star",
    "beta",
    "lc_over_w",
    "wall_distance_frac",
    "region_id_norm",
    "eta_norm_star",
    "axial_frac_star",
    "segment_id_norm",
    "center_proximity_star",
    "wall_proximity_star",
    "half_width_ratio_star",
    "inv_half_width_ratio_star",
    "contraction_rate_star"
  ],
  "summary": {
    "num_cases": 2,
    "mean_rel_l2_u": 0.04153565410524607,
    "max_rel_l2_u": 0.05574902519583702,
    "mean_rel_l2_v": 0.43147382885217667,
    "max_rel_l2_v": 0.6161914467811584,
    "mean_rel_l2_p": 0.24813717976212502,
    "max_rel_l2_p": 0.4071967899799347,
    "mean_rel_l2_speed": 0.04151885863393545,
    "max_rel_l2_speed": 0.0557335801422596,
    "mean_mae_u": 0.04081040155142546,
    "max_mae_u": 0.05720333382487297,
    "mean_mae_v": 0.0030615724972449243,
    "max_mae_v": 0.004742806777358055,
    "mean_mae_p": 332.79004096984863,
    "max_mae_p": 630.6796875,
    "mean_pressure_drop_rel_error": 0.20344157347662115,
    "max_pressure_drop_rel_error": 0.3804709434018729,
    "mean_wall_max_abs_u_pred": 5.780705396318808e-05,
    "max_wall_max_abs_u_pred": 6.988902168814093e-05,
    "mean_wall_max_abs_v_pred": 2.1001542904741655e-06,
    "max_wall_max_abs_v_pred": 2.520456064303289e-06
  },
  "global_metrics": {
    "rel_l2_u": 0.04543231055140495,
    "rel_l2_v": 0.5215218663215637,
    "rel_l2_p": 0.3874644637107849,
    "rel_l2_speed": 0.0454171784222126,
    "max_speed_err_over_speed_max": 0.13291460275650024,
    "max_p_err_over_p_range": 0.4776543080806732,
    "p95_speed_err_over_speed_max": 0.03707867115736008,
    "p95_p_err_over_p_range": 0.4150788187980652
  },
  "case_metrics": [
    {
      "case_id": "C-test-1",
      "num_points": 1900,
      "rel_l2_u": 0.027322283014655113,
      "rel_l2_v": 0.24675621092319489,
      "rel_l2_p": 0.08907756954431534,
      "rel_l2_speed": 0.027304137125611305,
      "mae_u": 0.024417469277977943,
      "mae_v": 0.0013803382171317935,
      "mae_p": 34.900394439697266,
      "wall_max_abs_u_pred": 4.5725086238235235e-05,
      "wall_max_abs_v_pred": 1.6798525166450418e-06,
      "pressure_drop_truth": 638.3499755859375,
      "pressure_drop_pred": 655.210205078125,
      "pressure_drop_rel_error": 0.026412203551369407,
      "inlet_flux_truth": 0.9993342202681574,
      "inlet_flux_pred": 0.9900343975453979,
      "outlet_flux_truth": 0.9985988031622166,
      "outlet_flux_pred": 0.999995520939867
    },
    {
      "case_id": "C-test-2",
      "num_points": 1545,
      "rel_l2_u": 0.05574902519583702,
      "rel_l2_v": 0.6161914467811584,
      "rel_l2_p": 0.4071967899799347,
      "rel_l2_speed": 0.0557335801422596,
      "mae_u": 0.05720333382487297,
      "mae_v": 0.004742806777358055,
      "mae_p": 630.6796875,
      "wall_max_abs_u_pred": 6.988902168814093e-05,
      "wall_max_abs_v_pred": 2.520456064303289e-06,
      "pressure_drop_truth": 1957.869873046875,
      "pressure_drop_pred": 1212.957275390625,
      "pressure_drop_rel_error": 0.3804709434018729,
      "inlet_flux_truth": 0.9993339531855148,
      "inlet_flux_pred": 0.97946675801496,
      "outlet_flux_truth": 0.9985859180816705,
      "outlet_flux_pred": 0.9972349981190818
    }
  ],
  "source_run_config": "/root/dev/pinn-platform-v4/model/results/pinn/contraction_independent_geometry_sparse1clean_stagepde_v4_ratecheck_20260502/config.json"
}