{
  "速度阶段验证指标": {
    "rel_l2_u": 0.020899565890431404,
    "rel_l2_v": 0.0680856704711914,
    "rel_l2_p": 0.709028422832489,
    "rel_l2_speed": 0.020900120958685875,
    "max_speed_err_over_speed_max": 0.06566866487264633,
    "max_p_err_over_p_range": 0.7787478566169739,
    "p95_speed_err_over_speed_max": 0.01863786205649376,
    "p95_p_err_over_p_range": 0.7384809851646423
  },
  "压力阶段验证指标": {
    "rel_l2_u": 0.020899565890431404,
    "rel_l2_v": 0.0680856704711914,
    "rel_l2_p": 0.08339611440896988,
    "rel_l2_speed": 0.020900120958685875,
    "max_speed_err_over_speed_max": 0.06566866487264633,
    "max_p_err_over_p_range": 0.10451775789260864,
    "p95_speed_err_over_speed_max": 0.01863786205649376,
    "p95_p_err_over_p_range": 0.09536920487880707
  },
  "最终训练指标": {
    "rel_l2_u": 0.01765788532793522,
    "rel_l2_v": 0.07832146435976028,
    "rel_l2_p": 0.02506997622549534,
    "rel_l2_speed": 0.017654981464147568,
    "max_speed_err_over_speed_max": 0.07025488466024399,
    "max_p_err_over_p_range": 0.07902909070253372,
    "p95_speed_err_over_speed_max": 0.015611800365149975,
    "p95_p_err_over_p_range": 0.018721843138337135
  },
  "最终验证指标": {
    "rel_l2_u": 0.028050949797034264,
    "rel_l2_v": 0.0664750337600708,
    "rel_l2_p": 0.08216091245412827,
    "rel_l2_speed": 0.028050512075424194,
    "max_speed_err_over_speed_max": 0.0736796036362648,
    "max_p_err_over_p_range": 0.11156810820102692,
    "p95_speed_err_over_speed_max": 0.029009945690631866,
    "p95_p_err_over_p_range": 0.09435195475816727
  },
  "训练工况指标": [
    {
      "case_id": "C-base",
      "num_points": 2113,
      "rel_l2_u": 0.01613660715520382,
      "rel_l2_v": 0.053960129618644714,
      "rel_l2_p": 0.024593476206064224,
      "rel_l2_speed": 0.01613280363380909,
      "mae_u": 0.015405547805130482,
      "mae_v": 0.00028260290855541825,
      "mae_p": 5.710967063903809,
      "wall_max_abs_u_pred": 1.5427884136443026e-05,
      "wall_max_abs_v_pred": 7.636093641849584e-07,
      "pressure_drop_truth": 415.0580139160156,
      "pressure_drop_pred": 430.00970458984375,
      "pressure_drop_rel_error": 0.036023134531871656,
      "inlet_flux_truth": 0.9993344694501207,
      "inlet_flux_pred": 1.001932367467011,
      "outlet_flux_truth": 0.9986057934544448,
      "outlet_flux_pred": 1.000489709304624
    },
    {
      "case_id": "C-train-1",
      "num_points": 2339,
      "rel_l2_u": 0.01545927207916975,
      "rel_l2_v": 0.12441886961460114,
      "rel_l2_p": 0.03392350673675537,
      "rel_l2_speed": 0.01545980479568243,
      "mae_u": 0.013919667340815067,
      "mae_v": 0.0002772162260953337,
      "mae_p": 5.030602931976318,
      "wall_max_abs_u_pred": 7.921092219476122e-06,
      "wall_max_abs_v_pred": 1.7225710280399653e-07,
      "pressure_drop_truth": 266.37799072265625,
      "pressure_drop_pred": 258.0195617675781,
      "pressure_drop_rel_error": 0.03137807644093467,
      "inlet_flux_truth": 0.9993344694501207,
      "inlet_flux_pred": 0.9932980353092755,
      "outlet_flux_truth": 0.9987080622554707,
      "outlet_flux_pred": 0.9929417593662762
    },
    {
      "case_id": "C-train-2",
      "num_points": 2113,
      "rel_l2_u": 0.01613660715520382,
      "rel_l2_v": 0.053960129618644714,
      "rel_l2_p": 0.024593476206064224,
      "rel_l2_speed": 0.01613280363380909,
      "mae_u": 0.015405547805130482,
      "mae_v": 0.00028260290855541825,
      "mae_p": 5.710967063903809,
      "wall_max_abs_u_pred": 1.5427884136443026e-05,
      "wall_max_abs_v_pred": 7.636093641849584e-07,
      "pressure_drop_truth": 415.0580139160156,
      "pressure_drop_pred": 430.00970458984375,
      "pressure_drop_rel_error": 0.036023134531871656,
      "inlet_flux_truth": 0.9993344694501207,
      "inlet_flux_pred": 1.001932367467011,
      "outlet_flux_truth": 0.9986057934544448,
      "outlet_flux_pred": 1.000489709304624
    },
    {
      "case_id": "C-train-3",
      "num_points": 1843,
      "rel_l2_u": 0.024551253765821457,
      "rel_l2_v": 0.07972583919763565,
      "rel_l2_p": 0.02481008693575859,
      "rel_l2_speed": 0.024545034393668175,
      "mae_u": 0.02410987578332424,
      "mae_v": 0.0005803146632388234,
      "mae_p": 13.60633373260498,
      "wall_max_abs_u_pred": 7.810960960341617e-05,
      "wall_max_abs_v_pred": 3.033678922292893e-06,
      "pressure_drop_truth": 985.2530517578125,
      "pressure_drop_pred": 944.2343139648438,
      "pressure_drop_rel_error": 0.04163269296125116,
      "inlet_flux_truth": 0.9993344694501207,
      "inlet_flux_pred": 1.0062234739943297,
      "outlet_flux_truth": 0.9985955240666415,
      "outlet_flux_pred": 0.9945961562205041
    },
    {
      "case_id": "C-train-4",
      "num_points": 2176,
      "rel_l2_u": 0.01416112668812275,
      "rel_l2_v": 0.1692921370267868,
      "rel_l2_p": 0.02328670769929886,
      "rel_l2_speed": 0.014161217957735062,
      "mae_u": 0.01164503488689661,
      "mae_v": 0.0003260171797592193,
      "mae_p": 3.812429189682007,
      "wall_max_abs_u_pred": 4.567978521663463e-06,
      "wall_max_abs_v_pred": 1.3446759794533136e-07,
      "pressure_drop_truth": 297.37701416015625,
      "pressure_drop_pred": 294.6915588378906,
      "pressure_drop_rel_error": 0.009030473756856436,
      "inlet_flux_truth": 0.9993339531855148,
      "inlet_flux_pred": 0.9951551133850771,
      "outlet_flux_truth": 0.998607746543279,
      "outlet_flux_pred": 1.0020232752283422
    },
    {
      "case_id": "C-train-5",
      "num_points": 1914,
      "rel_l2_u": 0.013978633098304272,
      "rel_l2_v": 0.0871935710310936,
      "rel_l2_p": 0.024441806599497795,
      "rel_l2_speed": 0.013977300375699997,
      "mae_u": 0.012052041478455067,
      "mae_v": 0.0003493019612506032,
      "mae_p": 6.338895797729492,
      "wall_max_abs_u_pred": 6.693584509775974e-06,
      "wall_max_abs_v_pred": 4.371102306777175e-07,
      "pressure_drop_truth": 458.4859924316406,
      "pressure_drop_pred": 467.640380859375,
      "pressure_drop_rel_error": 0.019966560764883685,
      "inlet_flux_truth": 0.9993339531855148,
      "inlet_flux_pred": 1.0017019822660929,
      "outlet_flux_truth": 0.9986025291565177,
      "outlet_flux_pred": 1.0058542652000657
    }
  ],
  "验证工况指标": [
    {
      "case_id": "C-val",
      "num_points": 1689,
      "rel_l2_u": 0.028050949797034264,
      "rel_l2_v": 0.0664750337600708,
      "rel_l2_p": 0.08216091245412827,
      "rel_l2_speed": 0.028050512075424194,
      "mae_u": 0.027026662603020668,
      "mae_v": 0.0005242164479568601,
      "mae_p": 63.8094367980957,
      "wall_max_abs_u_pred": 4.0654071199242026e-05,
      "wall_max_abs_v_pred": 1.3054078635832411e-06,
      "pressure_drop_truth": 1069.1700439453125,
      "pressure_drop_pred": 936.8683471679688,
      "pressure_drop_rel_error": 0.12374242762090593,
      "inlet_flux_truth": 0.9993339531855148,
      "inlet_flux_pred": 1.005405207061671,
      "outlet_flux_truth": 0.9985914423065942,
      "outlet_flux_pred": 0.9971547747156893
    }
  ]
}