{
  "family": "contraction_2d",
  "run_name": "contraction_independent_geometry_sparse5clean_stagepde_v4",
  "split_name": "test",
  "eval_cases": [
    "C-test-1",
    "C-test-2"
  ],
  "eval_source": "dense",
  "feature_mode": "geometry",
  "feature_cols": [
    "x_star",
    "y_star",
    "beta",
    "lc_over_w",
    "wall_distance_frac",
    "region_id_norm",
    "eta_norm_star",
    "axial_frac_star",
    "segment_id_norm",
    "center_proximity_star",
    "wall_proximity_star",
    "half_width_ratio_star",
    "inv_half_width_ratio_star",
    "contraction_rate_star"
  ],
  "summary": {
    "num_cases": 2,
    "mean_rel_l2_u": 0.0337099889293313,
    "max_rel_l2_u": 0.04829036071896553,
    "mean_rel_l2_v": 0.08236819878220558,
    "max_rel_l2_v": 0.09637632966041565,
    "mean_rel_l2_p": 0.19239028356969357,
    "max_rel_l2_p": 0.33016324043273926,
    "mean_rel_l2_speed": 0.03370740357786417,
    "max_rel_l2_speed": 0.04828675463795662,
    "mean_mae_u": 0.03405792638659477,
    "max_mae_u": 0.04923321306705475,
    "mean_mae_v": 0.0008337247127201408,
    "max_mae_v": 0.001178119913674891,
    "mean_mae_p": 264.95712089538574,
    "max_mae_p": 507.6867370605469,
    "mean_pressure_drop_rel_error": 0.19945266536741152,
    "max_pressure_drop_rel_error": 0.34406700721434846,
    "mean_wall_max_abs_u_pred": 6.270480662351474e-05,
    "max_wall_max_abs_u_pred": 7.687220931984484e-05,
    "mean_wall_max_abs_v_pred": 1.2716695891867857e-06,
    "max_wall_max_abs_v_pred": 1.4456547887675697e-06
  },
  "global_metrics": {
    "rel_l2_u": 0.03824782744050026,
    "rel_l2_v": 0.08791547268629074,
    "rel_l2_p": 0.3138105571269989,
    "rel_l2_speed": 0.03824520483613014,
    "max_speed_err_over_speed_max": 0.10267747193574905,
    "max_p_err_over_p_range": 0.3735497295856476,
    "p95_speed_err_over_speed_max": 0.043007660657167435,
    "p95_p_err_over_p_range": 0.3392605483531952
  },
  "case_metrics": [
    {
      "case_id": "C-test-1",
      "num_points": 1900,
      "rel_l2_u": 0.019129617139697075,
      "rel_l2_v": 0.06836006790399551,
      "rel_l2_p": 0.05461732670664787,
      "rel_l2_speed": 0.01912805251777172,
      "mae_u": 0.018882639706134796,
      "mae_v": 0.0004893295117653906,
      "mae_p": 22.22750473022461,
      "wall_max_abs_u_pred": 4.853740392718464e-05,
      "wall_max_abs_v_pred": 1.0976843896060018e-06,
      "pressure_drop_truth": 638.3499755859375,
      "pressure_drop_pred": 673.3560180664062,
      "pressure_drop_rel_error": 0.05483832352047459,
      "inlet_flux_truth": 0.9993342202681574,
      "inlet_flux_pred": 0.9943263007398112,
      "outlet_flux_truth": 0.9985988031622166,
      "outlet_flux_pred": 0.9863511744712317
    },
    {
      "case_id": "C-test-2",
      "num_points": 1545,
      "rel_l2_u": 0.04829036071896553,
      "rel_l2_v": 0.09637632966041565,
      "rel_l2_p": 0.33016324043273926,
      "rel_l2_speed": 0.04828675463795662,
      "mae_u": 0.04923321306705475,
      "mae_v": 0.001178119913674891,
      "mae_p": 507.6867370605469,
      "wall_max_abs_u_pred": 7.687220931984484e-05,
      "wall_max_abs_v_pred": 1.4456547887675697e-06,
      "pressure_drop_truth": 1957.869873046875,
      "pressure_drop_pred": 1284.2314453125,
      "pressure_drop_rel_error": 0.34406700721434846,
      "inlet_flux_truth": 0.9993339531855148,
      "inlet_flux_pred": 0.9856353981885648,
      "outlet_flux_truth": 0.9985859180816705,
      "outlet_flux_pred": 0.9668448327112822
    }
  ],
  "source_run_config": "model/results/pinn/contraction_independent_geometry_sparse5clean_stagepde_v4/config.json"
}