{
  "family": "bend_2d",
  "run_name": "bend_strict_blunted_sparse15_stagepde_20260503",
  "split_name": "val_dense",
  "eval_cases": [
    "B-val__ip_blunted"
  ],
  "eval_source": "dense",
  "feature_mode": "geometry",
  "feature_cols": [
    "x_star",
    "y_star",
    "rc_over_w",
    "theta_over_90",
    "wall_distance_frac",
    "region_id_norm",
    "eta_norm_star",
    "axial_frac_star",
    "tangent_x_star",
    "tangent_y_star",
    "segment_id_norm",
    "center_proximity_star",
    "wall_proximity_star",
    "curvature_star"
  ],
  "summary": {
    "num_cases": 1,
    "mean_rel_l2_u": 0.03784579411149025,
    "max_rel_l2_u": 0.03784579411149025,
    "mean_rel_l2_v": 0.01978144980967045,
    "max_rel_l2_v": 0.01978144980967045,
    "mean_rel_l2_p": 0.030403105542063713,
    "max_rel_l2_p": 0.030403105542063713,
    "mean_rel_l2_speed": 0.02277345210313797,
    "max_rel_l2_speed": 0.02277345210313797,
    "mean_mae_u": 0.01731826737523079,
    "max_mae_u": 0.01731826737523079,
    "mean_mae_v": 0.011255234479904175,
    "max_mae_v": 0.011255234479904175,
    "mean_mae_p": 2.903278350830078,
    "max_mae_p": 2.903278350830078,
    "mean_pressure_drop_rel_error": 0.005504831537544065,
    "max_pressure_drop_rel_error": 0.005504831537544065,
    "mean_wall_max_abs_u_pred": 5.327001417754218e-05,
    "max_wall_max_abs_u_pred": 5.327001417754218e-05,
    "mean_wall_max_abs_v_pred": 5.8371770137455314e-05,
    "max_wall_max_abs_v_pred": 5.8371770137455314e-05
  },
  "global_metrics": {
    "rel_l2_u": 0.03784579411149025,
    "rel_l2_v": 0.01978144980967045,
    "rel_l2_p": 0.030403105542063713,
    "rel_l2_speed": 0.02277345210313797,
    "max_speed_err_over_speed_max": 0.13961073756217957,
    "max_p_err_over_p_range": 0.04197545349597931,
    "p95_speed_err_over_speed_max": 0.02522769756615162,
    "p95_p_err_over_p_range": 0.0313384048640728
  },
  "case_metrics": [
    {
      "case_id": "B-val__ip_blunted",
      "num_points": 8385,
      "rel_l2_u": 0.03784579411149025,
      "rel_l2_v": 0.01978144980967045,
      "rel_l2_p": 0.030403105542063713,
      "rel_l2_speed": 0.02277345210313797,
      "mae_u": 0.01731826737523079,
      "mae_v": 0.011255234479904175,
      "mae_p": 2.903278350830078,
      "wall_max_abs_u_pred": 5.327001417754218e-05,
      "wall_max_abs_v_pred": 5.8371770137455314e-05,
      "pressure_drop_truth": 187.7733917236328,
      "pressure_drop_pred": 188.8070526123047,
      "pressure_drop_rel_error": 0.005504831537544065,
      "inlet_flux_truth": 0.9986742110685451,
      "inlet_flux_pred": 0.9787384447140095,
      "outlet_flux_truth": 0.9992261489309442,
      "outlet_flux_pred": 0.9993151065228716
    }
  ],
  "source_run_config": "/root/dev/pinn-platform-v4/model/results/pinn/bend_strict_blunted_sparse15_stagepde_20260503/config.json"
}