{
  "速度阶段验证指标": {
    "rel_l2_u": 0.06077665463089943,
    "rel_l2_v": 0.035508785396814346,
    "rel_l2_p": 0.4981328248977661,
    "rel_l2_speed": 0.03658809885382652,
    "max_speed_err_over_speed_max": 0.1563352346420288,
    "max_p_err_over_p_range": 0.5403895974159241,
    "p95_speed_err_over_speed_max": 0.048889271914958954,
    "p95_p_err_over_p_range": 0.49027740955352783
  },
  "压力阶段验证指标": {
    "rel_l2_u": 0.06077665463089943,
    "rel_l2_v": 0.035508785396814346,
    "rel_l2_p": 0.02073831297457218,
    "rel_l2_speed": 0.03658809885382652,
    "max_speed_err_over_speed_max": 0.1563352346420288,
    "max_p_err_over_p_range": 0.04949182644486427,
    "p95_speed_err_over_speed_max": 0.048889271914958954,
    "p95_p_err_over_p_range": 0.02277177758514881
  },
  "最终训练指标": {
    "rel_l2_u": 0.03572649508714676,
    "rel_l2_v": 0.02187950536608696,
    "rel_l2_p": 0.010521644726395607,
    "rel_l2_speed": 0.02396451123058796,
    "max_speed_err_over_speed_max": 0.14529412984848022,
    "max_p_err_over_p_range": 0.03690880164504051,
    "p95_speed_err_over_speed_max": 0.0284102875739336,
    "p95_p_err_over_p_range": 0.012106281705200672
  },
  "最终验证指标": {
    "rel_l2_u": 0.044433724135160446,
    "rel_l2_v": 0.02529279515147209,
    "rel_l2_p": 0.022993389517068863,
    "rel_l2_speed": 0.027815818786621094,
    "max_speed_err_over_speed_max": 0.1341075450181961,
    "max_p_err_over_p_range": 0.03983684256672859,
    "p95_speed_err_over_speed_max": 0.03495502844452858,
    "p95_p_err_over_p_range": 0.02544759027659893
  },
  "训练工况指标": [
    {
      "case_id": "B-base__ip_blunted",
      "num_points": 10493,
      "rel_l2_u": 0.03389503434300423,
      "rel_l2_v": 0.021504154428839684,
      "rel_l2_p": 0.008998346514999866,
      "rel_l2_speed": 0.022951046004891396,
      "mae_u": 0.016226669773459435,
      "mae_v": 0.012407278642058372,
      "mae_p": 0.846276044845581,
      "wall_max_abs_u_pred": 0.07806676626205444,
      "wall_max_abs_v_pred": 0.052637338638305664,
      "pressure_drop_truth": 234.82809448242188,
      "pressure_drop_pred": 233.1813201904297,
      "pressure_drop_rel_error": 0.007012680044190583,
      "inlet_flux_truth": 0.9986742110685451,
      "inlet_flux_pred": 0.9968478247024666,
      "outlet_flux_truth": 0.9992386690341846,
      "outlet_flux_pred": 0.9963326306273927
    },
    {
      "case_id": "B-train-1__ip_blunted",
      "num_points": 10493,
      "rel_l2_u": 0.03389503434300423,
      "rel_l2_v": 0.021504154428839684,
      "rel_l2_p": 0.008998346514999866,
      "rel_l2_speed": 0.022951046004891396,
      "mae_u": 0.016226669773459435,
      "mae_v": 0.012407278642058372,
      "mae_p": 0.846276044845581,
      "wall_max_abs_u_pred": 0.07806676626205444,
      "wall_max_abs_v_pred": 0.052637338638305664,
      "pressure_drop_truth": 234.82809448242188,
      "pressure_drop_pred": 233.1813201904297,
      "pressure_drop_rel_error": 0.007012680044190583,
      "inlet_flux_truth": 0.9986742110685451,
      "inlet_flux_pred": 0.9968478247024666,
      "outlet_flux_truth": 0.9992386690341846,
      "outlet_flux_pred": 0.9963326306273927
    },
    {
      "case_id": "B-train-2__ip_blunted",
      "num_points": 9672,
      "rel_l2_u": 0.03645612671971321,
      "rel_l2_v": 0.021689973771572113,
      "rel_l2_p": 0.009928518906235695,
      "rel_l2_speed": 0.024411801248788834,
      "mae_u": 0.017110522836446762,
      "mae_v": 0.012578366324305534,
      "mae_p": 0.891146719455719,
      "wall_max_abs_u_pred": 0.08505207300186157,
      "wall_max_abs_v_pred": 0.05151700973510742,
      "pressure_drop_truth": 215.9958038330078,
      "pressure_drop_pred": 213.79847717285156,
      "pressure_drop_rel_error": 0.010173006239764975,
      "inlet_flux_truth": 0.9986742110685451,
      "inlet_flux_pred": 1.0008413996292522,
      "outlet_flux_truth": 0.9992260705256228,
      "outlet_flux_pred": 0.9985434869947767
    },
    {
      "case_id": "B-train-3__ip_blunted",
      "num_points": 9126,
      "rel_l2_u": 0.03896123170852661,
      "rel_l2_v": 0.022885628044605255,
      "rel_l2_p": 0.014953399077057838,
      "rel_l2_speed": 0.025691375136375427,
      "mae_u": 0.018931390717625618,
      "mae_v": 0.01346338726580143,
      "mae_p": 1.3374840021133423,
      "wall_max_abs_u_pred": 0.10209834575653076,
      "wall_max_abs_v_pred": 0.0670015811920166,
      "pressure_drop_truth": 197.17335510253906,
      "pressure_drop_pred": 196.47552490234375,
      "pressure_drop_rel_error": 0.0035391708977737164,
      "inlet_flux_truth": 0.9986742110685451,
      "inlet_flux_pred": 0.9918334639489403,
      "outlet_flux_truth": 0.9992261097282835,
      "outlet_flux_pred": 0.998552967506491
    }
  ],
  "验证工况指标": [
    {
      "case_id": "B-val__ip_blunted",
      "num_points": 8385,
      "rel_l2_u": 0.044433724135160446,
      "rel_l2_v": 0.02529279515147209,
      "rel_l2_p": 0.022993389517068863,
      "rel_l2_speed": 0.027815818786621094,
      "mae_u": 0.022411247715353966,
      "mae_v": 0.015128130093216896,
      "mae_p": 2.0669150352478027,
      "wall_max_abs_u_pred": 0.11597979068756104,
      "wall_max_abs_v_pred": 0.07904046773910522,
      "pressure_drop_truth": 187.7733917236328,
      "pressure_drop_pred": 188.6968536376953,
      "pressure_drop_rel_error": 0.0049179593849040006,
      "inlet_flux_truth": 0.9986742110685451,
      "inlet_flux_pred": 0.9829350421243022,
      "outlet_flux_truth": 0.9992261489309442,
      "outlet_flux_pred": 0.9972297831164312
    }
  ]
}