{
  "速度阶段验证指标": {
    "rel_l2_u": 0.027460582554340363,
    "rel_l2_v": 0.0847291499376297,
    "rel_l2_p": 0.7103986144065857,
    "rel_l2_speed": 0.027460139244794846,
    "max_speed_err_over_speed_max": 0.0916670560836792,
    "max_p_err_over_p_range": 0.7714226841926575,
    "p95_speed_err_over_speed_max": 0.021437255665659904,
    "p95_p_err_over_p_range": 0.7363949418067932
  },
  "压力阶段验证指标": {
    "rel_l2_u": 0.027460582554340363,
    "rel_l2_v": 0.0847291499376297,
    "rel_l2_p": 0.17832320928573608,
    "rel_l2_speed": 0.027460139244794846,
    "max_speed_err_over_speed_max": 0.0916670560836792,
    "max_p_err_over_p_range": 0.31338679790496826,
    "p95_speed_err_over_speed_max": 0.021437255665659904,
    "p95_p_err_over_p_range": 0.24496141076087952
  },
  "最终训练指标": {
    "rel_l2_u": 0.017786147072911263,
    "rel_l2_v": 0.05535927042365074,
    "rel_l2_p": 0.06082766875624657,
    "rel_l2_speed": 0.017783639952540398,
    "max_speed_err_over_speed_max": 0.0700269564986229,
    "max_p_err_over_p_range": 0.147442027926445,
    "p95_speed_err_over_speed_max": 0.015129526145756245,
    "p95_p_err_over_p_range": 0.04966813325881958
  },
  "最终验证指标": {
    "rel_l2_u": 0.02282060496509075,
    "rel_l2_v": 0.0808902457356453,
    "rel_l2_p": 0.11679359525442123,
    "rel_l2_speed": 0.02282065898180008,
    "max_speed_err_over_speed_max": 0.07777699083089828,
    "max_p_err_over_p_range": 0.1755141019821167,
    "p95_speed_err_over_speed_max": 0.017381055280566216,
    "p95_p_err_over_p_range": 0.1461392045021057
  },
  "训练工况指标": [
    {
      "case_id": "C-base",
      "num_points": 2113,
      "rel_l2_u": 0.01755598559975624,
      "rel_l2_v": 0.0473514087498188,
      "rel_l2_p": 0.05446554720401764,
      "rel_l2_speed": 0.017553279176354408,
      "mae_u": 0.016637004911899567,
      "mae_v": 0.0002455254434607923,
      "mae_p": 11.98859691619873,
      "wall_max_abs_u_pred": 1.6215040886891074e-05,
      "wall_max_abs_v_pred": 7.47976685033791e-07,
      "pressure_drop_truth": 415.0580139160156,
      "pressure_drop_pred": 442.6234130859375,
      "pressure_drop_rel_error": 0.0664133645073999,
      "inlet_flux_truth": 0.9993344694501207,
      "inlet_flux_pred": 1.0006267742402544,
      "outlet_flux_truth": 0.9986057934544448,
      "outlet_flux_pred": 0.9947870149364932
    },
    {
      "case_id": "C-train-1",
      "num_points": 2339,
      "rel_l2_u": 0.01835455559194088,
      "rel_l2_v": 0.10191043466329575,
      "rel_l2_p": 0.07926647365093231,
      "rel_l2_speed": 0.01835477724671364,
      "mae_u": 0.016567284241318703,
      "mae_v": 0.00025982523220591247,
      "mae_p": 10.600730895996094,
      "wall_max_abs_u_pred": 8.738866199564654e-06,
      "wall_max_abs_v_pred": 1.789362187309962e-07,
      "pressure_drop_truth": 266.37799072265625,
      "pressure_drop_pred": 249.01353454589844,
      "pressure_drop_rel_error": 0.06518727815931696,
      "inlet_flux_truth": 0.9993344694501207,
      "inlet_flux_pred": 0.9997894306612174,
      "outlet_flux_truth": 0.9987080622554707,
      "outlet_flux_pred": 0.9895164346746632
    },
    {
      "case_id": "C-train-2",
      "num_points": 2113,
      "rel_l2_u": 0.01755598559975624,
      "rel_l2_v": 0.0473514087498188,
      "rel_l2_p": 0.05446554720401764,
      "rel_l2_speed": 0.017553279176354408,
      "mae_u": 0.016637004911899567,
      "mae_v": 0.0002455254434607923,
      "mae_p": 11.98859691619873,
      "wall_max_abs_u_pred": 1.6215040886891074e-05,
      "wall_max_abs_v_pred": 7.47976685033791e-07,
      "pressure_drop_truth": 415.0580139160156,
      "pressure_drop_pred": 442.6234130859375,
      "pressure_drop_rel_error": 0.0664133645073999,
      "inlet_flux_truth": 0.9993344694501207,
      "inlet_flux_pred": 1.0006267742402544,
      "outlet_flux_truth": 0.9986057934544448,
      "outlet_flux_pred": 0.9947870149364932
    },
    {
      "case_id": "C-train-3",
      "num_points": 1843,
      "rel_l2_u": 0.020302895456552505,
      "rel_l2_v": 0.04738654941320419,
      "rel_l2_p": 0.06579475104808807,
      "rel_l2_speed": 0.02029629610478878,
      "mae_u": 0.019387252628803253,
      "mae_v": 0.000455519329989329,
      "mae_p": 40.56441116333008,
      "wall_max_abs_u_pred": 8.206096390495077e-05,
      "wall_max_abs_v_pred": 2.8917804684169823e-06,
      "pressure_drop_truth": 985.2530517578125,
      "pressure_drop_pred": 973.7550048828125,
      "pressure_drop_rel_error": 0.01167014591275415,
      "inlet_flux_truth": 0.9993344694501207,
      "inlet_flux_pred": 0.9974262822401176,
      "outlet_flux_truth": 0.9985955240666415,
      "outlet_flux_pred": 1.0017234566234898
    },
    {
      "case_id": "C-train-4",
      "num_points": 2176,
      "rel_l2_u": 0.0164541807025671,
      "rel_l2_v": 0.14500170946121216,
      "rel_l2_p": 0.04432649165391922,
      "rel_l2_speed": 0.01645425520837307,
      "mae_u": 0.014319360256195068,
      "mae_v": 0.0003362452262081206,
      "mae_p": 6.760677337646484,
      "wall_max_abs_u_pred": 5.116241027280921e-06,
      "wall_max_abs_v_pred": 1.4436993467370485e-07,
      "pressure_drop_truth": 297.37701416015625,
      "pressure_drop_pred": 283.6385498046875,
      "pressure_drop_rel_error": 0.046198810605010895,
      "inlet_flux_truth": 0.9993339531855148,
      "inlet_flux_pred": 0.9957489789645756,
      "outlet_flux_truth": 0.998607746543279,
      "outlet_flux_pred": 1.0020119751412337
    },
    {
      "case_id": "C-train-5",
      "num_points": 1914,
      "rel_l2_u": 0.014916147105395794,
      "rel_l2_v": 0.06118021905422211,
      "rel_l2_p": 0.037081360816955566,
      "rel_l2_speed": 0.014915356412529945,
      "mae_u": 0.012956719845533371,
      "mae_v": 0.0002900968538597226,
      "mae_p": 9.226927757263184,
      "wall_max_abs_u_pred": 7.189029474830022e-06,
      "wall_max_abs_v_pred": 4.722253947875288e-07,
      "pressure_drop_truth": 458.4859924316406,
      "pressure_drop_pred": 473.4516296386719,
      "pressure_drop_rel_error": 0.03264142733709049,
      "inlet_flux_truth": 0.9993339531855148,
      "inlet_flux_pred": 0.995625015901544,
      "outlet_flux_truth": 0.9986025291565177,
      "outlet_flux_pred": 1.0037909330068944
    }
  ],
  "验证工况指标": [
    {
      "case_id": "C-val",
      "num_points": 1689,
      "rel_l2_u": 0.02282060496509075,
      "rel_l2_v": 0.0808902457356453,
      "rel_l2_p": 0.11679359525442123,
      "rel_l2_speed": 0.02282065898180008,
      "mae_u": 0.02373605966567993,
      "mae_v": 0.0007405719952657819,
      "mae_p": 89.74626922607422,
      "wall_max_abs_u_pred": 4.2901454435195774e-05,
      "wall_max_abs_v_pred": 1.3734550066146767e-06,
      "pressure_drop_truth": 1069.1700439453125,
      "pressure_drop_pred": 961.1930541992188,
      "pressure_drop_rel_error": 0.10099140951204635,
      "inlet_flux_truth": 0.9993339531855148,
      "inlet_flux_pred": 0.9917955649533025,
      "outlet_flux_truth": 0.9985914423065942,
      "outlet_flux_pred": 1.0080027086445171
    }
  ]
}