{
  "速度阶段验证指标": {
    "rel_l2_u": 0.06193230673670769,
    "rel_l2_v": 0.42352914810180664,
    "rel_l2_p": 0.7103986144065857,
    "rel_l2_speed": 0.061933524906635284,
    "max_speed_err_over_speed_max": 0.12005352973937988,
    "max_p_err_over_p_range": 0.7714226841926575,
    "p95_speed_err_over_speed_max": 0.06500101089477539,
    "p95_p_err_over_p_range": 0.7363949418067932
  },
  "压力阶段验证指标": {
    "rel_l2_u": 0.06193230673670769,
    "rel_l2_v": 0.42352914810180664,
    "rel_l2_p": 0.20201869308948517,
    "rel_l2_speed": 0.061933524906635284,
    "max_speed_err_over_speed_max": 0.12005352973937988,
    "max_p_err_over_p_range": 0.30792179703712463,
    "p95_speed_err_over_speed_max": 0.06500101089477539,
    "p95_p_err_over_p_range": 0.25448930263519287
  },
  "最终训练指标": {
    "rel_l2_u": 0.02891482040286064,
    "rel_l2_v": 0.3497472107410431,
    "rel_l2_p": 0.09438111633062363,
    "rel_l2_speed": 0.02892354317009449,
    "max_speed_err_over_speed_max": 0.08891288191080093,
    "max_p_err_over_p_range": 0.21042516827583313,
    "p95_speed_err_over_speed_max": 0.02740912325680256,
    "p95_p_err_over_p_range": 0.08319862931966782
  },
  "最终验证指标": {
    "rel_l2_u": 0.05744499713182449,
    "rel_l2_v": 0.35404133796691895,
    "rel_l2_p": 0.1721464991569519,
    "rel_l2_speed": 0.05744704231619835,
    "max_speed_err_over_speed_max": 0.1092076301574707,
    "max_p_err_over_p_range": 0.27458277344703674,
    "p95_speed_err_over_speed_max": 0.05973626673221588,
    "p95_p_err_over_p_range": 0.21514423191547394
  },
  "训练工况指标": [
    {
      "case_id": "C-base",
      "num_points": 2113,
      "rel_l2_u": 0.024908876046538353,
      "rel_l2_v": 0.31315043568611145,
      "rel_l2_p": 0.09492358565330505,
      "rel_l2_speed": 0.024903632700443268,
      "mae_u": 0.023249076679348946,
      "mae_v": 0.0011098962277173996,
      "mae_p": 20.79957389831543,
      "wall_max_abs_u_pred": 1.6531632354599424e-05,
      "wall_max_abs_v_pred": 1.591614704921085e-06,
      "pressure_drop_truth": 415.0580139160156,
      "pressure_drop_pred": 451.9122619628906,
      "pressure_drop_rel_error": 0.08879300437825574,
      "inlet_flux_truth": 0.9993344694501207,
      "inlet_flux_pred": 1.0028598135970803,
      "outlet_flux_truth": 0.9986057934544448,
      "outlet_flux_pred": 0.9903410306125171
    },
    {
      "case_id": "C-train-1",
      "num_points": 2339,
      "rel_l2_u": 0.02786656841635704,
      "rel_l2_v": 0.372680127620697,
      "rel_l2_p": 0.09656301140785217,
      "rel_l2_speed": 0.027858087792992592,
      "mae_u": 0.024252330884337425,
      "mae_v": 0.000748107151594013,
      "mae_p": 13.68647575378418,
      "wall_max_abs_u_pred": 7.595378519908991e-06,
      "wall_max_abs_v_pred": 3.9371440152535797e-07,
      "pressure_drop_truth": 266.37799072265625,
      "pressure_drop_pred": 252.90345764160156,
      "pressure_drop_rel_error": 0.05058425827336412,
      "inlet_flux_truth": 0.9993344694501207,
      "inlet_flux_pred": 1.0097295496958407,
      "outlet_flux_truth": 0.9987080622554707,
      "outlet_flux_pred": 0.9916693357877691
    },
    {
      "case_id": "C-train-2",
      "num_points": 2113,
      "rel_l2_u": 0.024908876046538353,
      "rel_l2_v": 0.31315043568611145,
      "rel_l2_p": 0.09492358565330505,
      "rel_l2_speed": 0.024903632700443268,
      "mae_u": 0.023249076679348946,
      "mae_v": 0.0011098962277173996,
      "mae_p": 20.79957389831543,
      "wall_max_abs_u_pred": 1.6531632354599424e-05,
      "wall_max_abs_v_pred": 1.591614704921085e-06,
      "pressure_drop_truth": 415.0580139160156,
      "pressure_drop_pred": 451.9122619628906,
      "pressure_drop_rel_error": 0.08879300437825574,
      "inlet_flux_truth": 0.9993344694501207,
      "inlet_flux_pred": 1.0028598135970803,
      "outlet_flux_truth": 0.9986057934544448,
      "outlet_flux_pred": 0.9903410306125171
    },
    {
      "case_id": "C-train-3",
      "num_points": 1843,
      "rel_l2_u": 0.04024942219257355,
      "rel_l2_v": 0.3755590319633484,
      "rel_l2_p": 0.10156629234552383,
      "rel_l2_speed": 0.04028577357530594,
      "mae_u": 0.04230394586920738,
      "mae_v": 0.0027243411168456078,
      "mae_p": 66.75595092773438,
      "wall_max_abs_u_pred": 8.012980833882466e-05,
      "wall_max_abs_v_pred": 4.9885220505530015e-06,
      "pressure_drop_truth": 985.2530517578125,
      "pressure_drop_pred": 927.7791748046875,
      "pressure_drop_rel_error": 0.05833412730930849,
      "inlet_flux_truth": 0.9993344694501207,
      "inlet_flux_pred": 0.9860342198207341,
      "outlet_flux_truth": 0.9985955240666415,
      "outlet_flux_pred": 0.964635147678067
    },
    {
      "case_id": "C-train-4",
      "num_points": 2176,
      "rel_l2_u": 0.02482571266591549,
      "rel_l2_v": 0.3321078419685364,
      "rel_l2_p": 0.06325004249811172,
      "rel_l2_speed": 0.024825988337397575,
      "mae_u": 0.02175927720963955,
      "mae_v": 0.0006852931110188365,
      "mae_p": 9.838362693786621,
      "wall_max_abs_u_pred": 4.657368663174566e-06,
      "wall_max_abs_v_pred": 2.050782228479875e-07,
      "pressure_drop_truth": 297.37701416015625,
      "pressure_drop_pred": 283.7973327636719,
      "pressure_drop_rel_error": 0.04566486564146755,
      "inlet_flux_truth": 0.9993339531855148,
      "inlet_flux_pred": 0.9995346504106241,
      "outlet_flux_truth": 0.998607746543279,
      "outlet_flux_pred": 1.0187760707254645
    },
    {
      "case_id": "C-train-5",
      "num_points": 1914,
      "rel_l2_u": 0.02198145166039467,
      "rel_l2_v": 0.3101970851421356,
      "rel_l2_p": 0.05275020748376846,
      "rel_l2_speed": 0.021984336897730827,
      "mae_u": 0.020231956616044044,
      "mae_v": 0.0011723422212526202,
      "mae_p": 13.27122688293457,
      "wall_max_abs_u_pred": 7.073695996950846e-06,
      "wall_max_abs_v_pred": 7.209688419607119e-07,
      "pressure_drop_truth": 458.4859924316406,
      "pressure_drop_pred": 474.9064025878906,
      "pressure_drop_rel_error": 0.03581442056530923,
      "inlet_flux_truth": 0.9993339531855148,
      "inlet_flux_pred": 0.9956755402967069,
      "outlet_flux_truth": 0.9986025291565177,
      "outlet_flux_pred": 0.998153066107001
    }
  ],
  "验证工况指标": [
    {
      "case_id": "C-val",
      "num_points": 1689,
      "rel_l2_u": 0.05744499713182449,
      "rel_l2_v": 0.35404133796691895,
      "rel_l2_p": 0.1721464991569519,
      "rel_l2_speed": 0.05744704231619835,
      "mae_u": 0.0613228902220726,
      "mae_v": 0.002440966432914138,
      "mae_p": 131.39833068847656,
      "wall_max_abs_u_pred": 3.871119042742066e-05,
      "wall_max_abs_v_pred": 1.9072938357567182e-06,
      "pressure_drop_truth": 1069.1700439453125,
      "pressure_drop_pred": 912.7937622070312,
      "pressure_drop_rel_error": 0.14625950532736745,
      "inlet_flux_truth": 0.9993339531855148,
      "inlet_flux_pred": 0.987659216143547,
      "outlet_flux_truth": 0.9985914423065942,
      "outlet_flux_pred": 0.9468487042595666
    }
  ]
}