{
  "family": "contraction_2d",
  "run_name": "contraction_independent_geometry_sparse10clean_stagepde_v4_ratecheck_20260502",
  "split_name": "test",
  "eval_cases": [
    "C-test-1",
    "C-test-2"
  ],
  "eval_source": "dense",
  "feature_mode": "geometry",
  "feature_cols": [
    "x_star",
    "y_star",
    "beta",
    "lc_over_w",
    "wall_distance_frac",
    "region_id_norm",
    "eta_norm_star",
    "axial_frac_star",
    "segment_id_norm",
    "center_proximity_star",
    "wall_proximity_star",
    "half_width_ratio_star",
    "inv_half_width_ratio_star",
    "contraction_rate_star"
  ],
  "summary": {
    "num_cases": 2,
    "mean_rel_l2_u": 0.02785756252706051,
    "max_rel_l2_u": 0.038102686405181885,
    "mean_rel_l2_v": 0.07721748948097229,
    "max_rel_l2_v": 0.08840309083461761,
    "mean_rel_l2_p": 0.1874693837016821,
    "max_rel_l2_p": 0.32572314143180847,
    "mean_rel_l2_speed": 0.02785729616880417,
    "max_rel_l2_speed": 0.038101665675640106,
    "mean_mae_u": 0.028605324216187,
    "max_mae_u": 0.04028496891260147,
    "mean_mae_v": 0.000669687709887512,
    "max_mae_v": 0.0009147091768682003,
    "mean_mae_p": 259.4232864379883,
    "max_mae_p": 499.5172424316406,
    "mean_pressure_drop_rel_error": 0.1977333221216925,
    "max_pressure_drop_rel_error": 0.3447295850642843,
    "mean_wall_max_abs_u_pred": 6.261368616833352e-05,
    "max_wall_max_abs_u_pred": 7.721672591287643e-05,
    "mean_wall_max_abs_v_pred": 1.323145113474311e-06,
    "max_wall_max_abs_v_pred": 1.5344602388722706e-06
  },
  "global_metrics": {
    "rel_l2_u": 0.03077615424990654,
    "rel_l2_v": 0.08153452724218369,
    "rel_l2_p": 0.3095132112503052,
    "rel_l2_speed": 0.03077576495707035,
    "max_speed_err_over_speed_max": 0.10541398078203201,
    "max_p_err_over_p_range": 0.35944032669067383,
    "p95_speed_err_over_speed_max": 0.02858816832304001,
    "p95_p_err_over_p_range": 0.3359836935997009
  },
  "case_metrics": [
    {
      "case_id": "C-test-1",
      "num_points": 1900,
      "rel_l2_u": 0.017612438648939133,
      "rel_l2_v": 0.06603188812732697,
      "rel_l2_p": 0.04921562597155571,
      "rel_l2_speed": 0.01761292666196823,
      "mae_u": 0.01692567951977253,
      "mae_v": 0.00042466624290682375,
      "mae_p": 19.329330444335938,
      "wall_max_abs_u_pred": 4.8010646423790604e-05,
      "wall_max_abs_v_pred": 1.1118299880763516e-06,
      "pressure_drop_truth": 638.3499755859375,
      "pressure_drop_pred": 670.7379760742188,
      "pressure_drop_rel_error": 0.0507370591791007,
      "inlet_flux_truth": 0.9993342202681574,
      "inlet_flux_pred": 0.9929830905649951,
      "outlet_flux_truth": 0.9985988031622166,
      "outlet_flux_pred": 1.00185287387226
    },
    {
      "case_id": "C-test-2",
      "num_points": 1545,
      "rel_l2_u": 0.038102686405181885,
      "rel_l2_v": 0.08840309083461761,
      "rel_l2_p": 0.32572314143180847,
      "rel_l2_speed": 0.038101665675640106,
      "mae_u": 0.04028496891260147,
      "mae_v": 0.0009147091768682003,
      "mae_p": 499.5172424316406,
      "wall_max_abs_u_pred": 7.721672591287643e-05,
      "wall_max_abs_v_pred": 1.5344602388722706e-06,
      "pressure_drop_truth": 1957.869873046875,
      "pressure_drop_pred": 1282.9342041015625,
      "pressure_drop_rel_error": 0.3447295850642843,
      "inlet_flux_truth": 0.9993339531855148,
      "inlet_flux_pred": 0.9832959900935618,
      "outlet_flux_truth": 0.9985859180816705,
      "outlet_flux_pred": 0.9911559800063623
    }
  ],
  "source_run_config": "/root/dev/pinn-platform-v4/model/results/pinn/contraction_independent_geometry_sparse10clean_stagepde_v4_ratecheck_20260502/config.json"
}