{
  "速度阶段验证指标": {
    "rel_l2_u": 0.061924245208501816,
    "rel_l2_v": 0.03413672372698784,
    "rel_l2_p": 0.4981328248977661,
    "rel_l2_speed": 0.0361131951212883,
    "max_speed_err_over_speed_max": 0.15612702071666718,
    "max_p_err_over_p_range": 0.5403895974159241,
    "p95_speed_err_over_speed_max": 0.04820360988378525,
    "p95_p_err_over_p_range": 0.49027740955352783
  },
  "压力阶段验证指标": {
    "rel_l2_u": 0.061924245208501816,
    "rel_l2_v": 0.03413672372698784,
    "rel_l2_p": 0.02053079567849636,
    "rel_l2_speed": 0.0361131951212883,
    "max_speed_err_over_speed_max": 0.15612702071666718,
    "max_p_err_over_p_range": 0.050543494522571564,
    "p95_speed_err_over_speed_max": 0.04820360988378525,
    "p95_p_err_over_p_range": 0.02183106355369091
  },
  "最终训练指标": {
    "rel_l2_u": 0.03714120388031006,
    "rel_l2_v": 0.02202540636062622,
    "rel_l2_p": 0.010347055271267891,
    "rel_l2_speed": 0.024150431156158447,
    "max_speed_err_over_speed_max": 0.1436191201210022,
    "max_p_err_over_p_range": 0.037518564611673355,
    "p95_speed_err_over_speed_max": 0.028662346303462982,
    "p95_p_err_over_p_range": 0.011676887981593609
  },
  "最终验证指标": {
    "rel_l2_u": 0.04578307643532753,
    "rel_l2_v": 0.02533935196697712,
    "rel_l2_p": 0.02270922064781189,
    "rel_l2_speed": 0.027958646416664124,
    "max_speed_err_over_speed_max": 0.1375052034854889,
    "max_p_err_over_p_range": 0.042607735842466354,
    "p95_speed_err_over_speed_max": 0.03534497320652008,
    "p95_p_err_over_p_range": 0.02404160611331463
  },
  "训练工况指标": [
    {
      "case_id": "B-base__ip_blunted",
      "num_points": 10493,
      "rel_l2_u": 0.0354633629322052,
      "rel_l2_v": 0.021683411672711372,
      "rel_l2_p": 0.008687240071594715,
      "rel_l2_speed": 0.02322275936603546,
      "mae_u": 0.01694491319358349,
      "mae_v": 0.012484826147556305,
      "mae_p": 0.8118712306022644,
      "wall_max_abs_u_pred": 0.07832634449005127,
      "wall_max_abs_v_pred": 0.055056631565093994,
      "pressure_drop_truth": 234.82809448242188,
      "pressure_drop_pred": 233.18568420410156,
      "pressure_drop_rel_error": 0.00699409617891035,
      "inlet_flux_truth": 0.9986742110685451,
      "inlet_flux_pred": 0.994052200420029,
      "outlet_flux_truth": 0.9992386690341846,
      "outlet_flux_pred": 0.9966159244783483
    },
    {
      "case_id": "B-train-1__ip_blunted",
      "num_points": 10493,
      "rel_l2_u": 0.0354633629322052,
      "rel_l2_v": 0.021683411672711372,
      "rel_l2_p": 0.008687240071594715,
      "rel_l2_speed": 0.02322275936603546,
      "mae_u": 0.01694491319358349,
      "mae_v": 0.012484826147556305,
      "mae_p": 0.8118712306022644,
      "wall_max_abs_u_pred": 0.07832634449005127,
      "wall_max_abs_v_pred": 0.055056631565093994,
      "pressure_drop_truth": 234.82809448242188,
      "pressure_drop_pred": 233.18568420410156,
      "pressure_drop_rel_error": 0.00699409617891035,
      "inlet_flux_truth": 0.9986742110685451,
      "inlet_flux_pred": 0.994052200420029,
      "outlet_flux_truth": 0.9992386690341846,
      "outlet_flux_pred": 0.9966159244783483
    },
    {
      "case_id": "B-train-2__ip_blunted",
      "num_points": 9672,
      "rel_l2_u": 0.037638019770383835,
      "rel_l2_v": 0.021867088973522186,
      "rel_l2_p": 0.009865802712738514,
      "rel_l2_speed": 0.024529414251446724,
      "mae_u": 0.017562832683324814,
      "mae_v": 0.012637960724532604,
      "mae_p": 0.8867726922035217,
      "wall_max_abs_u_pred": 0.08640533685684204,
      "wall_max_abs_v_pred": 0.051918745040893555,
      "pressure_drop_truth": 215.9958038330078,
      "pressure_drop_pred": 213.8228302001953,
      "pressure_drop_rel_error": 0.010060258552487782,
      "inlet_flux_truth": 0.9986742110685451,
      "inlet_flux_pred": 0.9980470958319128,
      "outlet_flux_truth": 0.9992260705256228,
      "outlet_flux_pred": 0.9987799070623851
    },
    {
      "case_id": "B-train-3__ip_blunted",
      "num_points": 9126,
      "rel_l2_u": 0.040303196758031845,
      "rel_l2_v": 0.022930484265089035,
      "rel_l2_p": 0.01493256725370884,
      "rel_l2_speed": 0.02577071078121662,
      "mae_u": 0.019712265580892563,
      "mae_v": 0.013418637216091156,
      "mae_p": 1.3470325469970703,
      "wall_max_abs_u_pred": 0.10406625270843506,
      "wall_max_abs_v_pred": 0.0709221363067627,
      "pressure_drop_truth": 197.17335510253906,
      "pressure_drop_pred": 196.4890594482422,
      "pressure_drop_rel_error": 0.0034705280231246602,
      "inlet_flux_truth": 0.9986742110685451,
      "inlet_flux_pred": 0.9890624882298447,
      "outlet_flux_truth": 0.9992261097282835,
      "outlet_flux_pred": 0.9989861956814465
    }
  ],
  "验证工况指标": [
    {
      "case_id": "B-val__ip_blunted",
      "num_points": 8385,
      "rel_l2_u": 0.04578307643532753,
      "rel_l2_v": 0.02533935196697712,
      "rel_l2_p": 0.02270922064781189,
      "rel_l2_speed": 0.027958646416664124,
      "mae_u": 0.023182962089776993,
      "mae_v": 0.015135381370782852,
      "mae_p": 2.0615267753601074,
      "wall_max_abs_u_pred": 0.11808419227600098,
      "wall_max_abs_v_pred": 0.08417487144470215,
      "pressure_drop_truth": 187.7733917236328,
      "pressure_drop_pred": 188.69924926757812,
      "pressure_drop_rel_error": 0.004930717475178785,
      "inlet_flux_truth": 0.9986742110685451,
      "inlet_flux_pred": 0.9801906198015944,
      "outlet_flux_truth": 0.9992261489309442,
      "outlet_flux_pred": 0.9978581623594494
    }
  ]
}