{
  "速度阶段验证指标": {
    "rel_l2_u": 0.02057838626205921,
    "rel_l2_v": 0.09508504718542099,
    "rel_l2_p": 0.6935182809829712,
    "rel_l2_speed": 0.020577626302838326,
    "max_speed_err_over_speed_max": 0.06726423650979996,
    "max_p_err_over_p_range": 0.7579041123390198,
    "p95_speed_err_over_speed_max": 0.019095832481980324,
    "p95_p_err_over_p_range": 0.7200796604156494
  },
  "压力阶段验证指标": {
    "rel_l2_u": 0.02057838626205921,
    "rel_l2_v": 0.09508504718542099,
    "rel_l2_p": 0.07617402821779251,
    "rel_l2_speed": 0.020577626302838326,
    "max_speed_err_over_speed_max": 0.06726423650979996,
    "max_p_err_over_p_range": 0.09843838959932327,
    "p95_speed_err_over_speed_max": 0.019095832481980324,
    "p95_p_err_over_p_range": 0.09096580743789673
  },
  "最终训练指标": {
    "rel_l2_u": 0.01673894189298153,
    "rel_l2_v": 0.07830560952425003,
    "rel_l2_p": 0.02058049663901329,
    "rel_l2_speed": 0.016736509278416634,
    "max_speed_err_over_speed_max": 0.06993317604064941,
    "max_p_err_over_p_range": 0.06548087298870087,
    "p95_speed_err_over_speed_max": 0.013524931855499744,
    "p95_p_err_over_p_range": 0.01423729956150055
  },
  "最终验证指标": {
    "rel_l2_u": 0.02570343390107155,
    "rel_l2_v": 0.09127505123615265,
    "rel_l2_p": 0.07840403914451599,
    "rel_l2_speed": 0.025702226907014847,
    "max_speed_err_over_speed_max": 0.07631126791238785,
    "max_p_err_over_p_range": 0.10379498451948166,
    "p95_speed_err_over_speed_max": 0.025651613250374794,
    "p95_p_err_over_p_range": 0.09093251824378967
  },
  "训练工况指标": [
    {
      "case_id": "C-base",
      "num_points": 2113,
      "rel_l2_u": 0.015539688989520073,
      "rel_l2_v": 0.06260261684656143,
      "rel_l2_p": 0.022142738103866577,
      "rel_l2_speed": 0.015537966974079609,
      "mae_u": 0.01548977755010128,
      "mae_v": 0.0003498292644508183,
      "mae_p": 5.670846462249756,
      "wall_max_abs_u_pred": 1.5254180652846117e-05,
      "wall_max_abs_v_pred": 7.393943519673485e-07,
      "pressure_drop_truth": 415.0580139160156,
      "pressure_drop_pred": 430.0072021484375,
      "pressure_drop_rel_error": 0.03601710539540796,
      "inlet_flux_truth": 0.9993344694501207,
      "inlet_flux_pred": 0.9964946790745575,
      "outlet_flux_truth": 0.9986057934544448,
      "outlet_flux_pred": 0.996005072055141
    },
    {
      "case_id": "C-train-1",
      "num_points": 2339,
      "rel_l2_u": 0.016576476395130157,
      "rel_l2_v": 0.14479175209999084,
      "rel_l2_p": 0.032734695822000504,
      "rel_l2_speed": 0.01657673344016075,
      "mae_u": 0.015490979887545109,
      "mae_v": 0.00038137249066494405,
      "mae_p": 4.894275188446045,
      "wall_max_abs_u_pred": 7.900162017904222e-06,
      "wall_max_abs_v_pred": 1.802410167783819e-07,
      "pressure_drop_truth": 266.37799072265625,
      "pressure_drop_pred": 257.3586120605469,
      "pressure_drop_rel_error": 0.03385932387897622,
      "inlet_flux_truth": 0.9993344694501207,
      "inlet_flux_pred": 0.989009360313744,
      "outlet_flux_truth": 0.9987080622554707,
      "outlet_flux_pred": 0.9866531431632918
    },
    {
      "case_id": "C-train-2",
      "num_points": 2113,
      "rel_l2_u": 0.015539688989520073,
      "rel_l2_v": 0.06260261684656143,
      "rel_l2_p": 0.022142738103866577,
      "rel_l2_speed": 0.015537966974079609,
      "mae_u": 0.01548977755010128,
      "mae_v": 0.0003498292644508183,
      "mae_p": 5.670846462249756,
      "wall_max_abs_u_pred": 1.5254180652846117e-05,
      "wall_max_abs_v_pred": 7.393943519673485e-07,
      "pressure_drop_truth": 415.0580139160156,
      "pressure_drop_pred": 430.0072021484375,
      "pressure_drop_rel_error": 0.03601710539540796,
      "inlet_flux_truth": 0.9993344694501207,
      "inlet_flux_pred": 0.9964946790745575,
      "outlet_flux_truth": 0.9986057934544448,
      "outlet_flux_pred": 0.996005072055141
    },
    {
      "case_id": "C-train-3",
      "num_points": 1843,
      "rel_l2_u": 0.0206469539552927,
      "rel_l2_v": 0.06646231561899185,
      "rel_l2_p": 0.0191563181579113,
      "rel_l2_speed": 0.02063939906656742,
      "mae_u": 0.019206758588552475,
      "mae_v": 0.0006749774911440909,
      "mae_p": 10.842391014099121,
      "wall_max_abs_u_pred": 7.696341344853863e-05,
      "wall_max_abs_v_pred": 2.8847946396126645e-06,
      "pressure_drop_truth": 985.2530517578125,
      "pressure_drop_pred": 947.27490234375,
      "pressure_drop_rel_error": 0.03854659404130216,
      "inlet_flux_truth": 0.9993344694501207,
      "inlet_flux_pred": 0.9985734484736608,
      "outlet_flux_truth": 0.9985955240666415,
      "outlet_flux_pred": 0.9956708053297318
    },
    {
      "case_id": "C-train-4",
      "num_points": 2176,
      "rel_l2_u": 0.015684399753808975,
      "rel_l2_v": 0.20300433039665222,
      "rel_l2_p": 0.020154587924480438,
      "rel_l2_speed": 0.015684418380260468,
      "mae_u": 0.013532644137740135,
      "mae_v": 0.000434597342973575,
      "mae_p": 3.301975965499878,
      "wall_max_abs_u_pred": 4.545967385638505e-06,
      "wall_max_abs_v_pred": 1.4341759424496558e-07,
      "pressure_drop_truth": 297.37701416015625,
      "pressure_drop_pred": 302.9424133300781,
      "pressure_drop_rel_error": 0.018714960823853512,
      "inlet_flux_truth": 0.9993339531855148,
      "inlet_flux_pred": 0.9854174400438124,
      "outlet_flux_truth": 0.998607746543279,
      "outlet_flux_pred": 0.9989829931184773
    },
    {
      "case_id": "C-train-5",
      "num_points": 1914,
      "rel_l2_u": 0.014107467606663704,
      "rel_l2_v": 0.10085411369800568,
      "rel_l2_p": 0.019951587542891502,
      "rel_l2_speed": 0.014107156544923782,
      "mae_u": 0.012530473992228508,
      "mae_v": 0.0004622353590093553,
      "mae_p": 5.184845924377441,
      "wall_max_abs_u_pred": 6.6224956754012965e-06,
      "wall_max_abs_v_pred": 4.416555441366654e-07,
      "pressure_drop_truth": 458.4859924316406,
      "pressure_drop_pred": 474.6793212890625,
      "pressure_drop_rel_error": 0.035319135425574064,
      "inlet_flux_truth": 0.9993339531855148,
      "inlet_flux_pred": 0.9934087373454248,
      "outlet_flux_truth": 0.9986025291565177,
      "outlet_flux_pred": 1.0034734358574715
    }
  ],
  "验证工况指标": [
    {
      "case_id": "C-val",
      "num_points": 1689,
      "rel_l2_u": 0.02570343390107155,
      "rel_l2_v": 0.09127505123615265,
      "rel_l2_p": 0.07840403914451599,
      "rel_l2_speed": 0.025702226907014847,
      "mae_u": 0.025486452504992485,
      "mae_v": 0.0008774327579885721,
      "mae_p": 60.0076904296875,
      "wall_max_abs_u_pred": 3.968739474657923e-05,
      "wall_max_abs_v_pred": 1.2063073882018216e-06,
      "pressure_drop_truth": 1069.1700439453125,
      "pressure_drop_pred": 940.9308471679688,
      "pressure_drop_rel_error": 0.11994275139259608,
      "inlet_flux_truth": 0.9993339531855148,
      "inlet_flux_pred": 0.9971073289791308,
      "outlet_flux_truth": 0.9985914423065942,
      "outlet_flux_pred": 0.996542185223716
    }
  ]
}