{
  "速度阶段验证指标": {
    "rel_l2_u": 0.03007368929684162,
    "rel_l2_v": 0.0795825645327568,
    "rel_l2_p": 0.7103986144065857,
    "rel_l2_speed": 0.03006930463016033,
    "max_speed_err_over_speed_max": 0.07422015815973282,
    "max_p_err_over_p_range": 0.7714226841926575,
    "p95_speed_err_over_speed_max": 0.028275353834033012,
    "p95_p_err_over_p_range": 0.7363949418067932
  },
  "压力阶段验证指标": {
    "rel_l2_u": 0.03007368929684162,
    "rel_l2_v": 0.0795825645327568,
    "rel_l2_p": 0.1743888407945633,
    "rel_l2_speed": 0.03006930463016033,
    "max_speed_err_over_speed_max": 0.07422015815973282,
    "max_p_err_over_p_range": 0.3159402310848236,
    "p95_speed_err_over_speed_max": 0.028275353834033012,
    "p95_p_err_over_p_range": 0.23852072656154633
  },
  "最终训练指标": {
    "rel_l2_u": 0.013838544487953186,
    "rel_l2_v": 0.07404477149248123,
    "rel_l2_p": 0.055085744708776474,
    "rel_l2_speed": 0.013839015737175941,
    "max_speed_err_over_speed_max": 0.06116626039147377,
    "max_p_err_over_p_range": 0.12935276329517365,
    "p95_speed_err_over_speed_max": 0.012617480009794235,
    "p95_p_err_over_p_range": 0.044293440878391266
  },
  "最终验证指标": {
    "rel_l2_u": 0.023691585287451744,
    "rel_l2_v": 0.07547317445278168,
    "rel_l2_p": 0.10789201408624649,
    "rel_l2_speed": 0.023689555004239082,
    "max_speed_err_over_speed_max": 0.057779375463724136,
    "max_p_err_over_p_range": 0.15703320503234863,
    "p95_speed_err_over_speed_max": 0.021055109798908234,
    "p95_p_err_over_p_range": 0.13137935101985931
  },
  "训练工况指标": [
    {
      "case_id": "C-base",
      "num_points": 2113,
      "rel_l2_u": 0.012521178461611271,
      "rel_l2_v": 0.07237797975540161,
      "rel_l2_p": 0.05957799032330513,
      "rel_l2_speed": 0.012522080913186073,
      "mae_u": 0.012395134195685387,
      "mae_v": 0.00043626243132166564,
      "mae_p": 13.936566352844238,
      "wall_max_abs_u_pred": 0.09525597095489502,
      "wall_max_abs_v_pred": 0.0031078672036528587,
      "pressure_drop_truth": 415.0580139160156,
      "pressure_drop_pred": 442.3907470703125,
      "pressure_drop_rel_error": 0.06585280186838512,
      "inlet_flux_truth": 0.9993344694501207,
      "inlet_flux_pred": 1.0014184594414761,
      "outlet_flux_truth": 0.9986057934544448,
      "outlet_flux_pred": 1.0015739781297874
    },
    {
      "case_id": "C-train-1",
      "num_points": 2339,
      "rel_l2_u": 0.011585494503378868,
      "rel_l2_v": 0.12901443243026733,
      "rel_l2_p": 0.08406510204076767,
      "rel_l2_speed": 0.011585547588765621,
      "mae_u": 0.010812908411026001,
      "mae_v": 0.0003870020736940205,
      "mae_p": 11.105476379394531,
      "wall_max_abs_u_pred": 0.06592917442321777,
      "wall_max_abs_v_pred": 0.001470681163482368,
      "pressure_drop_truth": 266.37799072265625,
      "pressure_drop_pred": 247.8156280517578,
      "pressure_drop_rel_error": 0.06968429569027296,
      "inlet_flux_truth": 0.9993344694501207,
      "inlet_flux_pred": 0.9970790232951341,
      "outlet_flux_truth": 0.9987080622554707,
      "outlet_flux_pred": 0.9997909190637364
    },
    {
      "case_id": "C-train-2",
      "num_points": 2113,
      "rel_l2_u": 0.012521178461611271,
      "rel_l2_v": 0.07237797975540161,
      "rel_l2_p": 0.05957799032330513,
      "rel_l2_speed": 0.012522080913186073,
      "mae_u": 0.012395134195685387,
      "mae_v": 0.00043626243132166564,
      "mae_p": 13.936566352844238,
      "wall_max_abs_u_pred": 0.09525597095489502,
      "wall_max_abs_v_pred": 0.0031078672036528587,
      "pressure_drop_truth": 415.0580139160156,
      "pressure_drop_pred": 442.3907470703125,
      "pressure_drop_rel_error": 0.06585280186838512,
      "inlet_flux_truth": 0.9993344694501207,
      "inlet_flux_pred": 1.0014184594414761,
      "outlet_flux_truth": 0.9986057934544448,
      "outlet_flux_pred": 1.0015739781297874
    },
    {
      "case_id": "C-train-3",
      "num_points": 1843,
      "rel_l2_u": 0.018425002694129944,
      "rel_l2_v": 0.05831863731145859,
      "rel_l2_p": 0.054198749363422394,
      "rel_l2_speed": 0.018424594774842262,
      "mae_u": 0.019688328728079796,
      "mae_v": 0.0006469170330092311,
      "mae_p": 33.8231315612793,
      "wall_max_abs_u_pred": 0.18349862098693848,
      "wall_max_abs_v_pred": 0.0033989292569458485,
      "pressure_drop_truth": 985.2530517578125,
      "pressure_drop_pred": 982.3181762695312,
      "pressure_drop_rel_error": 0.0029788037530511257,
      "inlet_flux_truth": 0.9993344694501207,
      "inlet_flux_pred": 1.0006981582756627,
      "outlet_flux_truth": 0.9985955240666415,
      "outlet_flux_pred": 0.9983083504891637
    },
    {
      "case_id": "C-train-4",
      "num_points": 2176,
      "rel_l2_u": 0.011653468012809753,
      "rel_l2_v": 0.1855829507112503,
      "rel_l2_p": 0.04899575933814049,
      "rel_l2_speed": 0.011654235422611237,
      "mae_u": 0.011159207671880722,
      "mae_v": 0.0004591123142745346,
      "mae_p": 7.814600467681885,
      "wall_max_abs_u_pred": 0.04356861114501953,
      "wall_max_abs_v_pred": 0.0012684182729572058,
      "pressure_drop_truth": 297.37701416015625,
      "pressure_drop_pred": 283.1220703125,
      "pressure_drop_rel_error": 0.047935594107414825,
      "inlet_flux_truth": 0.9993339531855148,
      "inlet_flux_pred": 0.9942861544970831,
      "outlet_flux_truth": 0.998607746543279,
      "outlet_flux_pred": 1.0030846811721172
    },
    {
      "case_id": "C-train-5",
      "num_points": 1914,
      "rel_l2_u": 0.013071172870695591,
      "rel_l2_v": 0.08588725328445435,
      "rel_l2_p": 0.03875884413719177,
      "rel_l2_speed": 0.013071716763079166,
      "mae_u": 0.012736932374536991,
      "mae_v": 0.0004547176940832287,
      "mae_p": 9.25319766998291,
      "wall_max_abs_u_pred": 0.07372033596038818,
      "wall_max_abs_v_pred": 0.0022957860492169857,
      "pressure_drop_truth": 458.4859924316406,
      "pressure_drop_pred": 474.5380554199219,
      "pressure_drop_rel_error": 0.03501102160863627,
      "inlet_flux_truth": 0.9993339531855148,
      "inlet_flux_pred": 1.001113851216161,
      "outlet_flux_truth": 0.9986025291565177,
      "outlet_flux_pred": 0.9998065065926252
    }
  ],
  "验证工况指标": [
    {
      "case_id": "C-val",
      "num_points": 1689,
      "rel_l2_u": 0.023691585287451744,
      "rel_l2_v": 0.07547317445278168,
      "rel_l2_p": 0.10789201408624649,
      "rel_l2_speed": 0.023689555004239082,
      "mae_u": 0.028214652091264725,
      "mae_v": 0.0007644341676495969,
      "mae_p": 82.77608489990234,
      "wall_max_abs_u_pred": 0.1733379364013672,
      "wall_max_abs_v_pred": 0.002560214838013053,
      "pressure_drop_truth": 1069.1700439453125,
      "pressure_drop_pred": 968.8106689453125,
      "pressure_drop_rel_error": 0.09386661697859283,
      "inlet_flux_truth": 0.9993339531855148,
      "inlet_flux_pred": 1.0050067935094928,
      "outlet_flux_truth": 0.9985914423065942,
      "outlet_flux_pred": 0.9902675784397523
    }
  ]
}