{
  "family": "contraction_2d",
  "run_name": "contraction_independent_geometry_notemplate_stagepde_mainline_v4",
  "split_name": "test",
  "eval_cases": [
    "C-test-1",
    "C-test-2"
  ],
  "eval_source": "dense",
  "feature_mode": "geometry",
  "feature_cols": [
    "x_star",
    "y_star",
    "beta",
    "lc_over_w",
    "wall_distance_frac",
    "region_id_norm",
    "eta_norm_star",
    "axial_frac_star",
    "segment_id_norm",
    "center_proximity_star",
    "wall_proximity_star",
    "half_width_ratio_star",
    "inv_half_width_ratio_star",
    "contraction_rate_star"
  ],
  "summary": {
    "num_cases": 2,
    "mean_rel_l2_u": 0.02796985488384962,
    "max_rel_l2_u": 0.039743904024362564,
    "mean_rel_l2_v": 0.0649059098213911,
    "max_rel_l2_v": 0.0736246258020401,
    "mean_rel_l2_p": 0.18095440976321697,
    "max_rel_l2_p": 0.31267014145851135,
    "mean_rel_l2_speed": 0.02796809282153845,
    "max_rel_l2_speed": 0.03974192962050438,
    "mean_mae_u": 0.02799582201987505,
    "max_mae_u": 0.04024115949869156,
    "mean_mae_v": 0.0006110448885010555,
    "max_mae_v": 0.0008608023053966463,
    "mean_mae_p": 247.60791110992432,
    "max_mae_p": 476.7995910644531,
    "mean_pressure_drop_rel_error": 0.19403193377468114,
    "max_pressure_drop_rel_error": 0.3330796371564828,
    "mean_wall_max_abs_u_pred": 6.057946120563429e-05,
    "max_wall_max_abs_u_pred": 7.371952233370394e-05,
    "mean_wall_max_abs_v_pred": 1.2632317520910874e-06,
    "max_wall_max_abs_v_pred": 1.449849150958471e-06
  },
  "global_metrics": {
    "rel_l2_u": 0.03157985582947731,
    "rel_l2_v": 0.06823370605707169,
    "rel_l2_p": 0.29714199900627136,
    "rel_l2_speed": 0.03157832846045494,
    "max_speed_err_over_speed_max": 0.09878311306238174,
    "max_p_err_over_p_range": 0.3455056846141815,
    "p95_speed_err_over_speed_max": 0.03242802992463112,
    "p95_p_err_over_p_range": 0.32345378398895264
  },
  "case_metrics": [
    {
      "case_id": "C-test-1",
      "num_points": 1900,
      "rel_l2_u": 0.016195805743336678,
      "rel_l2_v": 0.05618719384074211,
      "rel_l2_p": 0.04923867806792259,
      "rel_l2_speed": 0.016194256022572517,
      "mae_u": 0.01575048454105854,
      "mae_v": 0.0003612874716054648,
      "mae_p": 18.416231155395508,
      "wall_max_abs_u_pred": 4.743940007756464e-05,
      "wall_max_abs_v_pred": 1.0766143532237038e-06,
      "pressure_drop_truth": 638.3499755859375,
      "pressure_drop_pred": 673.4491577148438,
      "pressure_drop_rel_error": 0.0549842303928795,
      "inlet_flux_truth": 0.9993342202681574,
      "inlet_flux_pred": 0.9941240532560826,
      "outlet_flux_truth": 0.9985988031622166,
      "outlet_flux_pred": 1.0012852496774347
    },
    {
      "case_id": "C-test-2",
      "num_points": 1545,
      "rel_l2_u": 0.039743904024362564,
      "rel_l2_v": 0.0736246258020401,
      "rel_l2_p": 0.31267014145851135,
      "rel_l2_speed": 0.03974192962050438,
      "mae_u": 0.04024115949869156,
      "mae_v": 0.0008608023053966463,
      "mae_p": 476.7995910644531,
      "wall_max_abs_u_pred": 7.371952233370394e-05,
      "wall_max_abs_v_pred": 1.449849150958471e-06,
      "pressure_drop_truth": 1957.869873046875,
      "pressure_drop_pred": 1305.7432861328125,
      "pressure_drop_rel_error": 0.3330796371564828,
      "inlet_flux_truth": 0.9993339531855148,
      "inlet_flux_pred": 0.9880985233726389,
      "outlet_flux_truth": 0.9985859180816705,
      "outlet_flux_pred": 0.9881256818576354
    }
  ],
  "source_run_config": "model/results/pinn/contraction_independent_geometry_notemplate_stagepde_mainline_v4/config.json"
}