{
  "速度阶段验证指标": {
    "rel_l2_u": 0.030896611511707306,
    "rel_l2_v": 0.10298050194978714,
    "rel_l2_p": 0.7103986144065857,
    "rel_l2_speed": 0.030896058306097984,
    "max_speed_err_over_speed_max": 0.0823148861527443,
    "max_p_err_over_p_range": 0.7714226841926575,
    "p95_speed_err_over_speed_max": 0.029457787051796913,
    "p95_p_err_over_p_range": 0.7363949418067932
  },
  "压力阶段验证指标": {
    "rel_l2_u": 0.030896611511707306,
    "rel_l2_v": 0.10298050194978714,
    "rel_l2_p": 0.19451315701007843,
    "rel_l2_speed": 0.030896058306097984,
    "max_speed_err_over_speed_max": 0.0823148861527443,
    "max_p_err_over_p_range": 0.35344237089157104,
    "p95_speed_err_over_speed_max": 0.029457787051796913,
    "p95_p_err_over_p_range": 0.28059250116348267
  },
  "最终训练指标": {
    "rel_l2_u": 0.018412362784147263,
    "rel_l2_v": 0.05676553398370743,
    "rel_l2_p": 0.06795439124107361,
    "rel_l2_speed": 0.018409935757517815,
    "max_speed_err_over_speed_max": 0.06833505630493164,
    "max_p_err_over_p_range": 0.17465269565582275,
    "p95_speed_err_over_speed_max": 0.015796273946762085,
    "p95_p_err_over_p_range": 0.051356133073568344
  },
  "最终验证指标": {
    "rel_l2_u": 0.029383443295955658,
    "rel_l2_v": 0.10678041726350784,
    "rel_l2_p": 0.1266179084777832,
    "rel_l2_speed": 0.029383419081568718,
    "max_speed_err_over_speed_max": 0.07113528251647949,
    "max_p_err_over_p_range": 0.198808491230011,
    "p95_speed_err_over_speed_max": 0.03301338851451874,
    "p95_p_err_over_p_range": 0.15698112547397614
  },
  "训练工况指标": [
    {
      "case_id": "C-base",
      "num_points": 2113,
      "rel_l2_u": 0.016678985208272934,
      "rel_l2_v": 0.04979795590043068,
      "rel_l2_p": 0.05829974263906479,
      "rel_l2_speed": 0.01667649857699871,
      "mae_u": 0.015314512886106968,
      "mae_v": 0.0002547525509726256,
      "mae_p": 12.94987678527832,
      "wall_max_abs_u_pred": 1.6092079022200778e-05,
      "wall_max_abs_v_pred": 7.345726658058993e-07,
      "pressure_drop_truth": 415.0580139160156,
      "pressure_drop_pred": 444.05938720703125,
      "pressure_drop_rel_error": 0.0698730594727989,
      "inlet_flux_truth": 0.9993344694501207,
      "inlet_flux_pred": 1.001873277177263,
      "outlet_flux_truth": 0.9986057934544448,
      "outlet_flux_pred": 0.9876466503152319
    },
    {
      "case_id": "C-train-1",
      "num_points": 2339,
      "rel_l2_u": 0.017955709248781204,
      "rel_l2_v": 0.12228544056415558,
      "rel_l2_p": 0.07846420258283615,
      "rel_l2_speed": 0.01795606128871441,
      "mae_u": 0.015031857416033745,
      "mae_v": 0.0003124899812974036,
      "mae_p": 10.486387252807617,
      "wall_max_abs_u_pred": 8.410243026446551e-06,
      "wall_max_abs_v_pred": 1.7278912878282426e-07,
      "pressure_drop_truth": 266.37799072265625,
      "pressure_drop_pred": 249.3463592529297,
      "pressure_drop_rel_error": 0.06393783294003165,
      "inlet_flux_truth": 0.9993344694501207,
      "inlet_flux_pred": 1.0003033480366197,
      "outlet_flux_truth": 0.9987080622554707,
      "outlet_flux_pred": 0.9956023267846115
    },
    {
      "case_id": "C-train-2",
      "num_points": 2113,
      "rel_l2_u": 0.016678985208272934,
      "rel_l2_v": 0.04979795590043068,
      "rel_l2_p": 0.05829974263906479,
      "rel_l2_speed": 0.01667649857699871,
      "mae_u": 0.015314512886106968,
      "mae_v": 0.0002547525509726256,
      "mae_p": 12.94987678527832,
      "wall_max_abs_u_pred": 1.6092079022200778e-05,
      "wall_max_abs_v_pred": 7.345726658058993e-07,
      "pressure_drop_truth": 415.0580139160156,
      "pressure_drop_pred": 444.05938720703125,
      "pressure_drop_rel_error": 0.0698730594727989,
      "inlet_flux_truth": 0.9993344694501207,
      "inlet_flux_pred": 1.001873277177263,
      "outlet_flux_truth": 0.9986057934544448,
      "outlet_flux_pred": 0.9876466503152319
    },
    {
      "case_id": "C-train-3",
      "num_points": 1843,
      "rel_l2_u": 0.023669376969337463,
      "rel_l2_v": 0.03785715997219086,
      "rel_l2_p": 0.07553047686815262,
      "rel_l2_speed": 0.023662960156798363,
      "mae_u": 0.022668855264782906,
      "mae_v": 0.0004410034161992371,
      "mae_p": 44.7937126159668,
      "wall_max_abs_u_pred": 8.044006244745106e-05,
      "wall_max_abs_v_pred": 2.900241042880225e-06,
      "pressure_drop_truth": 985.2530517578125,
      "pressure_drop_pred": 976.37109375,
      "pressure_drop_rel_error": 0.009014900275585025,
      "inlet_flux_truth": 0.9993344694501207,
      "inlet_flux_pred": 0.9958687752114292,
      "outlet_flux_truth": 0.9985955240666415,
      "outlet_flux_pred": 0.9830588138841434
    },
    {
      "case_id": "C-train-4",
      "num_points": 2176,
      "rel_l2_u": 0.016018906608223915,
      "rel_l2_v": 0.18029995262622833,
      "rel_l2_p": 0.04364003986120224,
      "rel_l2_speed": 0.01601898856461048,
      "mae_u": 0.01372219156473875,
      "mae_v": 0.0004191618354525417,
      "mae_p": 6.74751091003418,
      "wall_max_abs_u_pred": 5.029574822401628e-06,
      "wall_max_abs_v_pred": 1.4120145408469398e-07,
      "pressure_drop_truth": 297.37701416015625,
      "pressure_drop_pred": 282.7904968261719,
      "pressure_drop_rel_error": 0.04905058777047431,
      "inlet_flux_truth": 0.9993339531855148,
      "inlet_flux_pred": 0.9938024634018542,
      "outlet_flux_truth": 0.998607746543279,
      "outlet_flux_pred": 1.004731127794418
    },
    {
      "case_id": "C-train-5",
      "num_points": 1914,
      "rel_l2_u": 0.01608273759484291,
      "rel_l2_v": 0.0700099915266037,
      "rel_l2_p": 0.03741881623864174,
      "rel_l2_speed": 0.016081981360912323,
      "mae_u": 0.014965266920626163,
      "mae_v": 0.0003137768362648785,
      "mae_p": 9.42757511138916,
      "wall_max_abs_u_pred": 7.064054443617351e-06,
      "wall_max_abs_v_pred": 4.4988081526753376e-07,
      "pressure_drop_truth": 458.4859924316406,
      "pressure_drop_pred": 471.6211853027344,
      "pressure_drop_rel_error": 0.028649060359356895,
      "inlet_flux_truth": 0.9993339531855148,
      "inlet_flux_pred": 0.9944887628004062,
      "outlet_flux_truth": 0.9986025291565177,
      "outlet_flux_pred": 0.9915959137892805
    }
  ],
  "验证工况指标": [
    {
      "case_id": "C-val",
      "num_points": 1689,
      "rel_l2_u": 0.029383443295955658,
      "rel_l2_v": 0.10678041726350784,
      "rel_l2_p": 0.1266179084777832,
      "rel_l2_speed": 0.029383419081568718,
      "mae_u": 0.030760983005166054,
      "mae_v": 0.0009884194005280733,
      "mae_p": 97.71710205078125,
      "wall_max_abs_u_pred": 4.14379064750392e-05,
      "wall_max_abs_v_pred": 1.3108766552250017e-06,
      "pressure_drop_truth": 1069.1700439453125,
      "pressure_drop_pred": 955.7919311523438,
      "pressure_drop_rel_error": 0.10604310645909557,
      "inlet_flux_truth": 0.9993339531855148,
      "inlet_flux_pred": 0.9886322644200924,
      "outlet_flux_truth": 0.9985914423065942,
      "outlet_flux_pred": 0.9850954460897636
    }
  ]
}