{
  "family": "contraction_2d",
  "run_name": "contraction_strict_geometry_uniform15_stagepde_20260503",
  "split_name": "test_dense",
  "eval_cases": [
    "C-test-1",
    "C-test-2"
  ],
  "eval_source": "dense",
  "feature_mode": "geometry",
  "feature_cols": [
    "x_star",
    "y_star",
    "beta",
    "lc_over_w",
    "wall_distance_frac",
    "region_id_norm",
    "eta_norm_star",
    "axial_frac_star",
    "segment_id_norm",
    "center_proximity_star",
    "wall_proximity_star",
    "half_width_ratio_star",
    "inv_half_width_ratio_star",
    "contraction_rate_star"
  ],
  "summary": {
    "num_cases": 2,
    "mean_rel_l2_u": 0.03634532541036606,
    "max_rel_l2_u": 0.055567771196365356,
    "mean_rel_l2_v": 0.07409539446234703,
    "max_rel_l2_v": 0.09194709360599518,
    "mean_rel_l2_p": 0.16709822975099087,
    "max_rel_l2_p": 0.2995211184024811,
    "mean_rel_l2_speed": 0.03634313773363829,
    "max_rel_l2_speed": 0.055565834045410156,
    "mean_mae_u": 0.034126180689781904,
    "max_mae_u": 0.05333556979894638,
    "mean_mae_v": 0.000752291816752404,
    "max_mae_v": 0.0010921029606834054,
    "mean_mae_p": 233.944890499115,
    "max_mae_p": 453.41552734375,
    "mean_pressure_drop_rel_error": 0.21925691499831892,
    "max_pressure_drop_rel_error": 0.40408975195883484,
    "mean_wall_max_abs_u_pred": 6.191271495481487e-05,
    "max_wall_max_abs_u_pred": 7.479113264707848e-05,
    "mean_wall_max_abs_v_pred": 1.2775921618413122e-06,
    "max_wall_max_abs_v_pred": 1.5058058124850504e-06
  },
  "global_metrics": {
    "rel_l2_u": 0.04304013028740883,
    "rel_l2_v": 0.08165014535188675,
    "rel_l2_p": 0.28446754813194275,
    "rel_l2_speed": 0.043038636445999146,
    "max_speed_err_over_speed_max": 0.11690947413444519,
    "max_p_err_over_p_range": 0.36369940638542175,
    "p95_speed_err_over_speed_max": 0.04782174527645111,
    "p95_p_err_over_p_range": 0.31539514660835266
  },
  "case_metrics": [
    {
      "case_id": "C-test-1",
      "num_points": 1900,
      "rel_l2_u": 0.01712287962436676,
      "rel_l2_v": 0.05624369531869888,
      "rel_l2_p": 0.034675341099500656,
      "rel_l2_speed": 0.017120441421866417,
      "mae_u": 0.014916791580617428,
      "mae_v": 0.00041248067282140255,
      "mae_p": 14.47425365447998,
      "wall_max_abs_u_pred": 4.903429726255126e-05,
      "wall_max_abs_v_pred": 1.049378511197574e-06,
      "pressure_drop_truth": 638.3499755859375,
      "pressure_drop_pred": 660.3245849609375,
      "pressure_drop_rel_error": 0.03442407803780302,
      "inlet_flux_truth": 0.9993342202681574,
      "inlet_flux_pred": 0.9967916422320479,
      "outlet_flux_truth": 0.9985988031622166,
      "outlet_flux_pred": 1.0075471989417388
    },
    {
      "case_id": "C-test-2",
      "num_points": 1545,
      "rel_l2_u": 0.055567771196365356,
      "rel_l2_v": 0.09194709360599518,
      "rel_l2_p": 0.2995211184024811,
      "rel_l2_speed": 0.055565834045410156,
      "mae_u": 0.05333556979894638,
      "mae_v": 0.0010921029606834054,
      "mae_p": 453.41552734375,
      "wall_max_abs_u_pred": 7.479113264707848e-05,
      "wall_max_abs_v_pred": 1.5058058124850504e-06,
      "pressure_drop_truth": 1957.869873046875,
      "pressure_drop_pred": 1166.7147216796875,
      "pressure_drop_rel_error": 0.40408975195883484,
      "inlet_flux_truth": 0.9993339531855148,
      "inlet_flux_pred": 0.9952327267280919,
      "outlet_flux_truth": 0.9985859180816705,
      "outlet_flux_pred": 0.9765649154958531
    }
  ],
  "source_run_config": "/root/dev/pinn-platform-v4/model/results/pinn/contraction_strict_geometry_uniform15_stagepde_20260503/config.json"
}