{
  "速度阶段验证指标": {
    "rel_l2_u": 0.02681930921971798,
    "rel_l2_v": 0.06992696225643158,
    "rel_l2_p": 0.7103986144065857,
    "rel_l2_speed": 0.026818908751010895,
    "max_speed_err_over_speed_max": 0.08683246374130249,
    "max_p_err_over_p_range": 0.7714226841926575,
    "p95_speed_err_over_speed_max": 0.02122367173433304,
    "p95_p_err_over_p_range": 0.7363949418067932
  },
  "压力阶段验证指标": {
    "rel_l2_u": 0.02681930921971798,
    "rel_l2_v": 0.06992696225643158,
    "rel_l2_p": 0.1744460165500641,
    "rel_l2_speed": 0.026818908751010895,
    "max_speed_err_over_speed_max": 0.08683246374130249,
    "max_p_err_over_p_range": 0.31611353158950806,
    "p95_speed_err_over_speed_max": 0.02122367173433304,
    "p95_p_err_over_p_range": 0.23859119415283203
  },
  "最终训练指标": {
    "rel_l2_u": 0.015984375029802322,
    "rel_l2_v": 0.05001077800989151,
    "rel_l2_p": 0.05078576132655144,
    "rel_l2_speed": 0.015981582924723625,
    "max_speed_err_over_speed_max": 0.06418514251708984,
    "max_p_err_over_p_range": 0.11887970566749573,
    "p95_speed_err_over_speed_max": 0.013501834124326706,
    "p95_p_err_over_p_range": 0.04042188823223114
  },
  "最终验证指标": {
    "rel_l2_u": 0.02211248129606247,
    "rel_l2_v": 0.06820979714393616,
    "rel_l2_p": 0.10409148037433624,
    "rel_l2_speed": 0.022112878039479256,
    "max_speed_err_over_speed_max": 0.06896352767944336,
    "max_p_err_over_p_range": 0.1459893137216568,
    "p95_speed_err_over_speed_max": 0.01770896650850773,
    "p95_p_err_over_p_range": 0.126407191157341
  },
  "训练工况指标": [
    {
      "case_id": "C-base",
      "num_points": 2113,
      "rel_l2_u": 0.015459531918168068,
      "rel_l2_v": 0.047099847346544266,
      "rel_l2_p": 0.05674455314874649,
      "rel_l2_speed": 0.015456811524927616,
      "mae_u": 0.014770192094147205,
      "mae_v": 0.00021773306070826948,
      "mae_p": 13.580904960632324,
      "wall_max_abs_u_pred": 1.6496964235557243e-05,
      "wall_max_abs_v_pred": 7.074083328006964e-07,
      "pressure_drop_truth": 415.0580139160156,
      "pressure_drop_pred": 440.36309814453125,
      "pressure_drop_rel_error": 0.06096758375959436,
      "inlet_flux_truth": 0.9993344694501207,
      "inlet_flux_pred": 1.0017097838409874,
      "outlet_flux_truth": 0.9986057934544448,
      "outlet_flux_pred": 0.9985496102216078
    },
    {
      "case_id": "C-train-1",
      "num_points": 2339,
      "rel_l2_u": 0.01571211963891983,
      "rel_l2_v": 0.09571011364459991,
      "rel_l2_p": 0.07864084839820862,
      "rel_l2_speed": 0.01571240834891796,
      "mae_u": 0.0148141048848629,
      "mae_v": 0.00021605880465358496,
      "mae_p": 10.436589241027832,
      "wall_max_abs_u_pred": 7.960140465002041e-06,
      "wall_max_abs_v_pred": 1.7035000610121642e-07,
      "pressure_drop_truth": 266.37799072265625,
      "pressure_drop_pred": 248.75506591796875,
      "pressure_drop_rel_error": 0.06615758590594606,
      "inlet_flux_truth": 0.9993344694501207,
      "inlet_flux_pred": 0.9994890174965498,
      "outlet_flux_truth": 0.9987080622554707,
      "outlet_flux_pred": 0.9890727539674772
    },
    {
      "case_id": "C-train-2",
      "num_points": 2113,
      "rel_l2_u": 0.015459531918168068,
      "rel_l2_v": 0.047099847346544266,
      "rel_l2_p": 0.05674455314874649,
      "rel_l2_speed": 0.015456811524927616,
      "mae_u": 0.014770192094147205,
      "mae_v": 0.00021773306070826948,
      "mae_p": 13.580904960632324,
      "wall_max_abs_u_pred": 1.6496964235557243e-05,
      "wall_max_abs_v_pred": 7.074083328006964e-07,
      "pressure_drop_truth": 415.0580139160156,
      "pressure_drop_pred": 440.36309814453125,
      "pressure_drop_rel_error": 0.06096758375959436,
      "inlet_flux_truth": 0.9993344694501207,
      "inlet_flux_pred": 1.0017097838409874,
      "outlet_flux_truth": 0.9986057934544448,
      "outlet_flux_pred": 0.9985496102216078
    },
    {
      "case_id": "C-train-3",
      "num_points": 1843,
      "rel_l2_u": 0.01954071596264839,
      "rel_l2_v": 0.037383392453193665,
      "rel_l2_p": 0.04906338453292847,
      "rel_l2_speed": 0.019533246755599976,
      "mae_u": 0.018673336133360863,
      "mae_v": 0.0003497630241326988,
      "mae_p": 30.460268020629883,
      "wall_max_abs_u_pred": 7.904114318080246e-05,
      "wall_max_abs_v_pred": 2.743957111306372e-06,
      "pressure_drop_truth": 985.2530517578125,
      "pressure_drop_pred": 982.2735595703125,
      "pressure_drop_rel_error": 0.0030240882605582563,
      "inlet_flux_truth": 0.9993344694501207,
      "inlet_flux_pred": 0.9967791065428193,
      "outlet_flux_truth": 0.9985955240666415,
      "outlet_flux_pred": 1.003269590129443
    },
    {
      "case_id": "C-train-4",
      "num_points": 2176,
      "rel_l2_u": 0.014168044552206993,
      "rel_l2_v": 0.1389545500278473,
      "rel_l2_p": 0.046169597655534744,
      "rel_l2_speed": 0.0141681469976902,
      "mae_u": 0.012558257207274437,
      "mae_v": 0.0002784956304822117,
      "mae_p": 7.533662796020508,
      "wall_max_abs_u_pred": 4.912538770440733e-06,
      "wall_max_abs_v_pred": 1.348912945786651e-07,
      "pressure_drop_truth": 297.37701416015625,
      "pressure_drop_pred": 284.177490234375,
      "pressure_drop_rel_error": 0.04438649692902098,
      "inlet_flux_truth": 0.9993339531855148,
      "inlet_flux_pred": 0.997566572945888,
      "outlet_flux_truth": 0.998607746543279,
      "outlet_flux_pred": 0.9995558106947068
    },
    {
      "case_id": "C-train-5",
      "num_points": 1914,
      "rel_l2_u": 0.01323611382395029,
      "rel_l2_v": 0.05849228799343109,
      "rel_l2_p": 0.03611469268798828,
      "rel_l2_speed": 0.013235294260084629,
      "mae_u": 0.011369829997420311,
      "mae_v": 0.0002550786011852324,
      "mae_p": 8.629847526550293,
      "wall_max_abs_u_pred": 7.03894284015405e-06,
      "wall_max_abs_v_pred": 4.353805138634925e-07,
      "pressure_drop_truth": 458.4859924316406,
      "pressure_drop_pred": 472.78753662109375,
      "pressure_drop_rel_error": 0.03119297955778971,
      "inlet_flux_truth": 0.9993339531855148,
      "inlet_flux_pred": 0.9983360767498584,
      "outlet_flux_truth": 0.9986025291565177,
      "outlet_flux_pred": 1.004911355354304
    }
  ],
  "验证工况指标": [
    {
      "case_id": "C-val",
      "num_points": 1689,
      "rel_l2_u": 0.02211248129606247,
      "rel_l2_v": 0.06820979714393616,
      "rel_l2_p": 0.10409148037433624,
      "rel_l2_speed": 0.022112878039479256,
      "mae_u": 0.022474560886621475,
      "mae_v": 0.0005999123095534742,
      "mae_p": 79.7769546508789,
      "wall_max_abs_u_pred": 4.038109182147309e-05,
      "wall_max_abs_v_pred": 1.272906047233846e-06,
      "pressure_drop_truth": 1069.1700439453125,
      "pressure_drop_pred": 967.52197265625,
      "pressure_drop_rel_error": 0.09507194095522345,
      "inlet_flux_truth": 0.9993339531855148,
      "inlet_flux_pred": 0.9938982874811366,
      "outlet_flux_truth": 0.9985914423065942,
      "outlet_flux_pred": 1.0057874082243194
    }
  ]
}