{
  "family": "contraction_2d",
  "run_name": "contraction_strict_geometry_sparse15_stagepde_20260503",
  "split_name": "test_dense",
  "eval_cases": [
    "C-test-1",
    "C-test-2"
  ],
  "eval_source": "dense",
  "feature_mode": "geometry",
  "feature_cols": [
    "x_star",
    "y_star",
    "beta",
    "lc_over_w",
    "wall_distance_frac",
    "region_id_norm",
    "eta_norm_star",
    "axial_frac_star",
    "segment_id_norm",
    "center_proximity_star",
    "wall_proximity_star",
    "half_width_ratio_star",
    "inv_half_width_ratio_star",
    "contraction_rate_star"
  ],
  "summary": {
    "num_cases": 2,
    "mean_rel_l2_u": 0.03345108311623335,
    "max_rel_l2_u": 0.05127739906311035,
    "mean_rel_l2_v": 0.0925414226949215,
    "max_rel_l2_v": 0.11612085998058319,
    "mean_rel_l2_p": 0.15325597021728754,
    "max_rel_l2_p": 0.2772848904132843,
    "mean_rel_l2_speed": 0.03344992361962795,
    "max_rel_l2_speed": 0.05127657577395439,
    "mean_mae_u": 0.032877907156944275,
    "max_mae_u": 0.05091596767306328,
    "mean_mae_v": 0.0009335268114227802,
    "max_mae_v": 0.0013203439302742481,
    "mean_mae_p": 215.07070779800415,
    "max_mae_p": 417.39385986328125,
    "mean_pressure_drop_rel_error": 0.22552052333886538,
    "max_pressure_drop_rel_error": 0.40688040990418883,
    "mean_wall_max_abs_u_pred": 5.907114791625645e-05,
    "max_wall_max_abs_u_pred": 7.12904948159121e-05,
    "mean_wall_max_abs_v_pred": 1.2750122664328956e-06,
    "max_wall_max_abs_v_pred": 1.4602703686250607e-06
  },
  "global_metrics": {
    "rel_l2_u": 0.03968621417880058,
    "rel_l2_v": 0.10264122486114502,
    "rel_l2_p": 0.2633156478404999,
    "rel_l2_speed": 0.03968567028641701,
    "max_speed_err_over_speed_max": 0.11220257729291916,
    "max_p_err_over_p_range": 0.31002330780029297,
    "p95_speed_err_over_speed_max": 0.04165450483560562,
    "p95_p_err_over_p_range": 0.29047346115112305
  },
  "case_metrics": [
    {
      "case_id": "C-test-1",
      "num_points": 1900,
      "rel_l2_u": 0.015624767169356346,
      "rel_l2_v": 0.0689619854092598,
      "rel_l2_p": 0.02922705002129078,
      "rel_l2_speed": 0.015623271465301514,
      "mae_u": 0.014839846640825272,
      "mae_v": 0.0005467096925713122,
      "mae_p": 12.74755573272705,
      "wall_max_abs_u_pred": 4.68518010166008e-05,
      "wall_max_abs_v_pred": 1.0897541642407305e-06,
      "pressure_drop_truth": 638.3499755859375,
      "pressure_drop_pred": 666.5399169921875,
      "pressure_drop_rel_error": 0.04416063677354195,
      "inlet_flux_truth": 0.9993342202681574,
      "inlet_flux_pred": 0.9946621380162068,
      "outlet_flux_truth": 0.9985988031622166,
      "outlet_flux_pred": 0.997923764941941
    },
    {
      "case_id": "C-test-2",
      "num_points": 1545,
      "rel_l2_u": 0.05127739906311035,
      "rel_l2_v": 0.11612085998058319,
      "rel_l2_p": 0.2772848904132843,
      "rel_l2_speed": 0.05127657577395439,
      "mae_u": 0.05091596767306328,
      "mae_v": 0.0013203439302742481,
      "mae_p": 417.39385986328125,
      "wall_max_abs_u_pred": 7.12904948159121e-05,
      "wall_max_abs_v_pred": 1.4602703686250607e-06,
      "pressure_drop_truth": 1957.869873046875,
      "pressure_drop_pred": 1161.2509765625,
      "pressure_drop_rel_error": 0.40688040990418883,
      "inlet_flux_truth": 0.9993339531855148,
      "inlet_flux_pred": 0.9947106291359655,
      "outlet_flux_truth": 0.9985859180816705,
      "outlet_flux_pred": 0.9701611794841827
    }
  ],
  "source_run_config": "/root/dev/pinn-platform-v4/model/results/pinn/contraction_strict_geometry_sparse15_stagepde_20260503/config.json"
}