{
  "family": "contraction_2d",
  "run_name": "contraction_strict_geometry_sparse1_stagepde_20260503",
  "split_name": "val_dense",
  "eval_cases": [
    "C-val"
  ],
  "eval_source": "dense",
  "feature_mode": "geometry",
  "feature_cols": [
    "x_star",
    "y_star",
    "beta",
    "lc_over_w",
    "wall_distance_frac",
    "region_id_norm",
    "eta_norm_star",
    "axial_frac_star",
    "segment_id_norm",
    "center_proximity_star",
    "wall_proximity_star",
    "half_width_ratio_star",
    "inv_half_width_ratio_star",
    "contraction_rate_star"
  ],
  "summary": {
    "num_cases": 1,
    "mean_rel_l2_u": 0.03576188534498215,
    "max_rel_l2_u": 0.03576188534498215,
    "mean_rel_l2_v": 0.48154759407043457,
    "max_rel_l2_v": 0.48154759407043457,
    "mean_rel_l2_p": 0.17421096563339233,
    "max_rel_l2_p": 0.17421096563339233,
    "mean_rel_l2_speed": 0.03574424609541893,
    "max_rel_l2_speed": 0.03574424609541893,
    "mean_mae_u": 0.03521543741226196,
    "max_mae_u": 0.03521543741226196,
    "mean_mae_v": 0.0033632705453783274,
    "max_mae_v": 0.0033632705453783274,
    "mean_mae_p": 137.7990264892578,
    "max_mae_p": 137.7990264892578,
    "mean_pressure_drop_rel_error": 0.2075687883542662,
    "max_pressure_drop_rel_error": 0.2075687883542662,
    "mean_wall_max_abs_u_pred": 3.797381941694766e-05,
    "max_wall_max_abs_u_pred": 3.797381941694766e-05,
    "mean_wall_max_abs_v_pred": 2.098959612339968e-06,
    "max_wall_max_abs_v_pred": 2.098959612339968e-06
  },
  "global_metrics": {
    "rel_l2_u": 0.03576188534498215,
    "rel_l2_v": 0.48154759407043457,
    "rel_l2_p": 0.17421096563339233,
    "rel_l2_speed": 0.03574424609541893,
    "max_speed_err_over_speed_max": 0.0931144580245018,
    "max_p_err_over_p_range": 0.23857542872428894,
    "p95_speed_err_over_speed_max": 0.045127030462026596,
    "p95_p_err_over_p_range": 0.19876405596733093
  },
  "case_metrics": [
    {
      "case_id": "C-val",
      "num_points": 1689,
      "rel_l2_u": 0.03576188534498215,
      "rel_l2_v": 0.48154759407043457,
      "rel_l2_p": 0.17421096563339233,
      "rel_l2_speed": 0.03574424609541893,
      "mae_u": 0.03521543741226196,
      "mae_v": 0.0033632705453783274,
      "mae_p": 137.7990264892578,
      "wall_max_abs_u_pred": 3.797381941694766e-05,
      "wall_max_abs_v_pred": 2.098959612339968e-06,
      "pressure_drop_truth": 1069.1700439453125,
      "pressure_drop_pred": 847.2437133789062,
      "pressure_drop_rel_error": 0.2075687883542662,
      "inlet_flux_truth": 0.9993339531855148,
      "inlet_flux_pred": 1.0018080957320998,
      "outlet_flux_truth": 0.9985914423065942,
      "outlet_flux_pred": 0.989397265416885
    }
  ],
  "source_run_config": "/root/dev/pinn-platform-v4/model/results/pinn/contraction_strict_geometry_sparse1_stagepde_20260503/config.json"
}