{
  "family": "contraction_2d",
  "run_name": "contraction_strict_geometry_sparse1_stagepde_20260503",
  "split_name": "test_dense",
  "eval_cases": [
    "C-test-1",
    "C-test-2"
  ],
  "eval_source": "dense",
  "feature_mode": "geometry",
  "feature_cols": [
    "x_star",
    "y_star",
    "beta",
    "lc_over_w",
    "wall_distance_frac",
    "region_id_norm",
    "eta_norm_star",
    "axial_frac_star",
    "segment_id_norm",
    "center_proximity_star",
    "wall_proximity_star",
    "half_width_ratio_star",
    "inv_half_width_ratio_star",
    "contraction_rate_star"
  ],
  "summary": {
    "num_cases": 2,
    "mean_rel_l2_u": 0.03717038594186306,
    "max_rel_l2_u": 0.049439020454883575,
    "mean_rel_l2_v": 0.44901591539382935,
    "max_rel_l2_v": 0.637100875377655,
    "mean_rel_l2_p": 0.22303293272852898,
    "max_rel_l2_p": 0.3787139058113098,
    "mean_rel_l2_speed": 0.03715263772755861,
    "max_rel_l2_speed": 0.04941800236701965,
    "mean_mae_u": 0.03867363277822733,
    "max_mae_u": 0.05388908460736275,
    "mean_mae_v": 0.00355413876241073,
    "max_mae_v": 0.005452265497297049,
    "mean_mae_p": 303.3460292816162,
    "max_mae_p": 578.4266357421875,
    "mean_pressure_drop_rel_error": 0.26611622811434105,
    "max_pressure_drop_rel_error": 0.5036058338274452,
    "mean_wall_max_abs_u_pred": 5.747393697674852e-05,
    "max_wall_max_abs_u_pred": 7.036518218228593e-05,
    "mean_wall_max_abs_v_pred": 2.082493608668301e-06,
    "max_wall_max_abs_v_pred": 2.5357571757922415e-06
  },
  "global_metrics": {
    "rel_l2_u": 0.04047071188688278,
    "rel_l2_v": 0.5401560068130493,
    "rel_l2_p": 0.36004096269607544,
    "rel_l2_speed": 0.040452681481838226,
    "max_speed_err_over_speed_max": 0.09655113518238068,
    "max_p_err_over_p_range": 0.42986929416656494,
    "p95_speed_err_over_speed_max": 0.03887607529759407,
    "p95_p_err_over_p_range": 0.3935096561908722
  },
  "case_metrics": [
    {
      "case_id": "C-test-1",
      "num_points": 1900,
      "rel_l2_u": 0.024901751428842545,
      "rel_l2_v": 0.26093095541000366,
      "rel_l2_p": 0.06735195964574814,
      "rel_l2_speed": 0.024887273088097572,
      "mae_u": 0.02345818094909191,
      "mae_v": 0.0016560120275244117,
      "mae_p": 28.265422821044922,
      "wall_max_abs_u_pred": 4.45826917712111e-05,
      "wall_max_abs_v_pred": 1.6292300415443606e-06,
      "pressure_drop_truth": 638.3499755859375,
      "pressure_drop_pred": 656.623779296875,
      "pressure_drop_rel_error": 0.028626622401236968,
      "inlet_flux_truth": 0.9993342202681574,
      "inlet_flux_pred": 0.9988821477574414,
      "outlet_flux_truth": 0.9985988031622166,
      "outlet_flux_pred": 0.9858709479344336
    },
    {
      "case_id": "C-test-2",
      "num_points": 1545,
      "rel_l2_u": 0.049439020454883575,
      "rel_l2_v": 0.637100875377655,
      "rel_l2_p": 0.3787139058113098,
      "rel_l2_speed": 0.04941800236701965,
      "mae_u": 0.05388908460736275,
      "mae_v": 0.005452265497297049,
      "mae_p": 578.4266357421875,
      "wall_max_abs_u_pred": 7.036518218228593e-05,
      "wall_max_abs_v_pred": 2.5357571757922415e-06,
      "pressure_drop_truth": 1957.869873046875,
      "pressure_drop_pred": 971.8751831054688,
      "pressure_drop_rel_error": 0.5036058338274452,
      "inlet_flux_truth": 0.9993339531855148,
      "inlet_flux_pred": 1.002249137653528,
      "outlet_flux_truth": 0.9985859180816705,
      "outlet_flux_pred": 0.9767835231854591
    }
  ],
  "source_run_config": "/root/dev/pinn-platform-v4/model/results/pinn/contraction_strict_geometry_sparse1_stagepde_20260503/config.json"
}