{
  "速度阶段验证指标": {
    "rel_l2_u": 0.03263012692332268,
    "rel_l2_v": 0.0892358347773552,
    "rel_l2_p": 0.7103986144065857,
    "rel_l2_speed": 0.03262863680720329,
    "max_speed_err_over_speed_max": 0.09669534116983414,
    "max_p_err_over_p_range": 0.7714226841926575,
    "p95_speed_err_over_speed_max": 0.03201129287481308,
    "p95_p_err_over_p_range": 0.7363949418067932
  },
  "压力阶段验证指标": {
    "rel_l2_u": 0.03263012692332268,
    "rel_l2_v": 0.0892358347773552,
    "rel_l2_p": 0.18504321575164795,
    "rel_l2_speed": 0.03262863680720329,
    "max_speed_err_over_speed_max": 0.09669534116983414,
    "max_p_err_over_p_range": 0.3210606873035431,
    "p95_speed_err_over_speed_max": 0.03201129287481308,
    "p95_p_err_over_p_range": 0.252377986907959
  },
  "最终训练指标": {
    "rel_l2_u": 0.017433643341064453,
    "rel_l2_v": 0.05299001559615135,
    "rel_l2_p": 0.05749286711215973,
    "rel_l2_speed": 0.017430530861020088,
    "max_speed_err_over_speed_max": 0.07872223854064941,
    "max_p_err_over_p_range": 0.12543778121471405,
    "p95_speed_err_over_speed_max": 0.013760912232100964,
    "p95_p_err_over_p_range": 0.04746032506227493
  },
  "最终验证指标": {
    "rel_l2_u": 0.025242624804377556,
    "rel_l2_v": 0.09222254902124405,
    "rel_l2_p": 0.1153220385313034,
    "rel_l2_speed": 0.025241730734705925,
    "max_speed_err_over_speed_max": 0.08069316297769547,
    "max_p_err_over_p_range": 0.17023713886737823,
    "p95_speed_err_over_speed_max": 0.024511313065886497,
    "p95_p_err_over_p_range": 0.14356696605682373
  },
  "训练工况指标": [
    {
      "case_id": "C-base",
      "num_points": 2113,
      "rel_l2_u": 0.01695287972688675,
      "rel_l2_v": 0.04484386742115021,
      "rel_l2_p": 0.05936918407678604,
      "rel_l2_speed": 0.01694989576935768,
      "mae_u": 0.015784578397870064,
      "mae_v": 0.00021669828856829554,
      "mae_p": 14.201662063598633,
      "wall_max_abs_u_pred": 1.6412317563663237e-05,
      "wall_max_abs_v_pred": 7.06152320617548e-07,
      "pressure_drop_truth": 415.0580139160156,
      "pressure_drop_pred": 441.8237609863281,
      "pressure_drop_rel_error": 0.06448676130303152,
      "inlet_flux_truth": 0.9993344694501207,
      "inlet_flux_pred": 1.0003675302439128,
      "outlet_flux_truth": 0.9986057934544448,
      "outlet_flux_pred": 1.0002699975330713
    },
    {
      "case_id": "C-train-1",
      "num_points": 2339,
      "rel_l2_u": 0.01730169728398323,
      "rel_l2_v": 0.10061643272638321,
      "rel_l2_p": 0.08294627815485,
      "rel_l2_speed": 0.01730182021856308,
      "mae_u": 0.015758857131004333,
      "mae_v": 0.0002192242827732116,
      "mae_p": 10.829541206359863,
      "wall_max_abs_u_pred": 8.408950634475332e-06,
      "wall_max_abs_v_pred": 1.6111530953821784e-07,
      "pressure_drop_truth": 266.37799072265625,
      "pressure_drop_pred": 248.64382934570312,
      "pressure_drop_rel_error": 0.06657517510678,
      "inlet_flux_truth": 0.9993344694501207,
      "inlet_flux_pred": 0.9992170988286317,
      "outlet_flux_truth": 0.9987080622554707,
      "outlet_flux_pred": 0.9908088548789692
    },
    {
      "case_id": "C-train-2",
      "num_points": 2113,
      "rel_l2_u": 0.01695287972688675,
      "rel_l2_v": 0.04484386742115021,
      "rel_l2_p": 0.05936918407678604,
      "rel_l2_speed": 0.01694989576935768,
      "mae_u": 0.015784578397870064,
      "mae_v": 0.00021669828856829554,
      "mae_p": 14.201662063598633,
      "wall_max_abs_u_pred": 1.6412317563663237e-05,
      "wall_max_abs_v_pred": 7.06152320617548e-07,
      "pressure_drop_truth": 415.0580139160156,
      "pressure_drop_pred": 441.8237609863281,
      "pressure_drop_rel_error": 0.06448676130303152,
      "inlet_flux_truth": 0.9993344694501207,
      "inlet_flux_pred": 1.0003675302439128,
      "outlet_flux_truth": 0.9986057934544448,
      "outlet_flux_pred": 1.0002699975330713
    },
    {
      "case_id": "C-train-3",
      "num_points": 1843,
      "rel_l2_u": 0.020826082676649094,
      "rel_l2_v": 0.046624742448329926,
      "rel_l2_p": 0.058383870869874954,
      "rel_l2_speed": 0.020817827433347702,
      "mae_u": 0.017822518944740295,
      "mae_v": 0.0003723810368683189,
      "mae_p": 36.47484588623047,
      "wall_max_abs_u_pred": 8.062129199970514e-05,
      "wall_max_abs_v_pred": 2.745451865848736e-06,
      "pressure_drop_truth": 985.2530517578125,
      "pressure_drop_pred": 978.8713989257812,
      "pressure_drop_rel_error": 0.006477171342575991,
      "inlet_flux_truth": 0.9993344694501207,
      "inlet_flux_pred": 0.9971751561888196,
      "outlet_flux_truth": 0.9985955240666415,
      "outlet_flux_pred": 1.0048259743861094
    },
    {
      "case_id": "C-train-4",
      "num_points": 2176,
      "rel_l2_u": 0.015443055890500546,
      "rel_l2_v": 0.13319197297096252,
      "rel_l2_p": 0.051367342472076416,
      "rel_l2_speed": 0.01544304471462965,
      "mae_u": 0.013177625834941864,
      "mae_v": 0.00026724484632723033,
      "mae_p": 8.309992790222168,
      "wall_max_abs_u_pred": 5.012845576857217e-06,
      "wall_max_abs_v_pred": 1.267413125560779e-07,
      "pressure_drop_truth": 297.37701416015625,
      "pressure_drop_pred": 284.1076965332031,
      "pressure_drop_rel_error": 0.04462119462873723,
      "inlet_flux_truth": 0.9993339531855148,
      "inlet_flux_pred": 1.0012872497258778,
      "outlet_flux_truth": 0.998607746543279,
      "outlet_flux_pred": 1.0024059082405983
    },
    {
      "case_id": "C-train-5",
      "num_points": 1914,
      "rel_l2_u": 0.014999181032180786,
      "rel_l2_v": 0.05457084998488426,
      "rel_l2_p": 0.037160202860832214,
      "rel_l2_speed": 0.014998198486864567,
      "mae_u": 0.012633651494979858,
      "mae_v": 0.00024651395506225526,
      "mae_p": 8.898752212524414,
      "wall_max_abs_u_pred": 7.074633231241023e-06,
      "wall_max_abs_v_pred": 4.221381004754221e-07,
      "pressure_drop_truth": 458.4859924316406,
      "pressure_drop_pred": 473.0455322265625,
      "pressure_drop_rel_error": 0.03175569163564499,
      "inlet_flux_truth": 0.9993339531855148,
      "inlet_flux_pred": 0.9979137034068252,
      "outlet_flux_truth": 0.9986025291565177,
      "outlet_flux_pred": 1.0067804425774982
    }
  ],
  "验证工况指标": [
    {
      "case_id": "C-val",
      "num_points": 1689,
      "rel_l2_u": 0.025242624804377556,
      "rel_l2_v": 0.09222254902124405,
      "rel_l2_p": 0.1153220385313034,
      "rel_l2_speed": 0.025241730734705925,
      "mae_u": 0.02484017051756382,
      "mae_v": 0.0007263596635311842,
      "mae_p": 88.1429672241211,
      "wall_max_abs_u_pred": 4.1309329390060157e-05,
      "wall_max_abs_v_pred": 1.2298319234105293e-06,
      "pressure_drop_truth": 1069.1700439453125,
      "pressure_drop_pred": 961.6827392578125,
      "pressure_drop_rel_error": 0.1005334046686009,
      "inlet_flux_truth": 0.9993339531855148,
      "inlet_flux_pred": 0.9906030777644461,
      "outlet_flux_truth": 0.9985914423065942,
      "outlet_flux_pred": 1.0069443792814325
    }
  ]
}