{
  "速度阶段验证指标": {
    "rel_l2_u": 0.17316614091396332,
    "rel_l2_v": 0.5779297351837158,
    "rel_l2_p": 0.7103986144065857,
    "rel_l2_speed": 0.17323994636535645,
    "max_speed_err_over_speed_max": 0.30698877573013306,
    "max_p_err_over_p_range": 0.7714226841926575,
    "p95_speed_err_over_speed_max": 0.25952669978141785,
    "p95_p_err_over_p_range": 0.7363949418067932
  },
  "压力阶段验证指标": {
    "rel_l2_u": 0.17316614091396332,
    "rel_l2_v": 0.5779297351837158,
    "rel_l2_p": 0.19380687177181244,
    "rel_l2_speed": 0.17323994636535645,
    "max_speed_err_over_speed_max": 0.30698877573013306,
    "max_p_err_over_p_range": 0.35265693068504333,
    "p95_speed_err_over_speed_max": 0.25952669978141785,
    "p95_p_err_over_p_range": 0.28041931986808777
  },
  "最终训练指标": {
    "rel_l2_u": 0.08734937757253647,
    "rel_l2_v": 0.4767153561115265,
    "rel_l2_p": 0.06819124519824982,
    "rel_l2_speed": 0.08742161095142365,
    "max_speed_err_over_speed_max": 0.2625490128993988,
    "max_p_err_over_p_range": 0.1767204850912094,
    "p95_speed_err_over_speed_max": 0.09093436598777771,
    "p95_p_err_over_p_range": 0.04990488290786743
  },
  "最终验证指标": {
    "rel_l2_u": 0.15321552753448486,
    "rel_l2_v": 0.5796107649803162,
    "rel_l2_p": 0.1263335794210434,
    "rel_l2_speed": 0.15330128371715546,
    "max_speed_err_over_speed_max": 0.2763427197933197,
    "max_p_err_over_p_range": 0.20199018716812134,
    "p95_speed_err_over_speed_max": 0.22977913916110992,
    "p95_p_err_over_p_range": 0.15671496093273163
  },
  "训练工况指标": [
    {
      "case_id": "C-base",
      "num_points": 2113,
      "rel_l2_u": 0.06951255351305008,
      "rel_l2_v": 0.42299747467041016,
      "rel_l2_p": 0.05983825773000717,
      "rel_l2_speed": 0.06958170235157013,
      "mae_u": 0.047298576682806015,
      "mae_v": 0.0010385842761024833,
      "mae_p": 13.324076652526855,
      "wall_max_abs_u_pred": 0.3451232314109802,
      "wall_max_abs_v_pred": 0.0324862003326416,
      "pressure_drop_truth": 415.0580139160156,
      "pressure_drop_pred": 444.7637023925781,
      "pressure_drop_rel_error": 0.07156996728311138,
      "inlet_flux_truth": 0.9993344694501207,
      "inlet_flux_pred": 1.0036927165717877,
      "outlet_flux_truth": 0.9986057934544448,
      "outlet_flux_pred": 1.0010235774706748
    },
    {
      "case_id": "C-train-1",
      "num_points": 2339,
      "rel_l2_u": 0.047747381031513214,
      "rel_l2_v": 0.40152502059936523,
      "rel_l2_p": 0.07763616740703583,
      "rel_l2_speed": 0.04776991903781891,
      "mae_u": 0.03354718163609505,
      "mae_v": 0.0006318492232821882,
      "mae_p": 10.377985954284668,
      "wall_max_abs_u_pred": 0.19040673971176147,
      "wall_max_abs_v_pred": 0.01364186406135559,
      "pressure_drop_truth": 266.37799072265625,
      "pressure_drop_pred": 249.3122100830078,
      "pressure_drop_rel_error": 0.06406603110621359,
      "inlet_flux_truth": 0.9993344694501207,
      "inlet_flux_pred": 1.000951300258099,
      "outlet_flux_truth": 0.9987080622554707,
      "outlet_flux_pred": 1.0064494891705176
    },
    {
      "case_id": "C-train-2",
      "num_points": 2113,
      "rel_l2_u": 0.06951255351305008,
      "rel_l2_v": 0.42299747467041016,
      "rel_l2_p": 0.05983825773000717,
      "rel_l2_speed": 0.06958170235157013,
      "mae_u": 0.047298576682806015,
      "mae_v": 0.0010385842761024833,
      "mae_p": 13.324076652526855,
      "wall_max_abs_u_pred": 0.3451232314109802,
      "wall_max_abs_v_pred": 0.0324862003326416,
      "pressure_drop_truth": 415.0580139160156,
      "pressure_drop_pred": 444.7637023925781,
      "pressure_drop_rel_error": 0.07156996728311138,
      "inlet_flux_truth": 0.9993344694501207,
      "inlet_flux_pred": 1.0036927165717877,
      "outlet_flux_truth": 0.9986057934544448,
      "outlet_flux_pred": 1.0010235774706748
    },
    {
      "case_id": "C-train-3",
      "num_points": 1843,
      "rel_l2_u": 0.13741371035575867,
      "rel_l2_v": 0.5076138377189636,
      "rel_l2_p": 0.07553133368492126,
      "rel_l2_speed": 0.13753768801689148,
      "mae_u": 0.10060365498065948,
      "mae_v": 0.0022639536764472723,
      "mae_p": 44.25712203979492,
      "wall_max_abs_u_pred": 0.7876402139663696,
      "wall_max_abs_v_pred": 0.0721258595585823,
      "pressure_drop_truth": 985.2530517578125,
      "pressure_drop_pred": 978.3696899414062,
      "pressure_drop_rel_error": 0.00698638974436616,
      "inlet_flux_truth": 0.9993344694501207,
      "inlet_flux_pred": 0.9980072626081631,
      "outlet_flux_truth": 0.9985955240666415,
      "outlet_flux_pred": 1.0061577378905384
    },
    {
      "case_id": "C-train-4",
      "num_points": 2176,
      "rel_l2_u": 0.060452383011579514,
      "rel_l2_v": 0.507481575012207,
      "rel_l2_p": 0.04289771616458893,
      "rel_l2_speed": 0.06046741455793381,
      "mae_u": 0.04203777015209198,
      "mae_v": 0.0008131887880153954,
      "mae_p": 6.664241313934326,
      "wall_max_abs_u_pred": 0.22881418466567993,
      "wall_max_abs_v_pred": 0.010183276608586311,
      "pressure_drop_truth": 297.37701416015625,
      "pressure_drop_pred": 282.7407531738281,
      "pressure_drop_rel_error": 0.04921786247556284,
      "inlet_flux_truth": 0.9993339531855148,
      "inlet_flux_pred": 0.9961607571506037,
      "outlet_flux_truth": 0.998607746543279,
      "outlet_flux_pred": 1.0220169014343279
    },
    {
      "case_id": "C-train-5",
      "num_points": 1914,
      "rel_l2_u": 0.08457539975643158,
      "rel_l2_v": 0.4971473217010498,
      "rel_l2_p": 0.03782752901315689,
      "rel_l2_speed": 0.08462263643741608,
      "mae_u": 0.0567973256111145,
      "mae_v": 0.0012494532857090235,
      "mae_p": 9.500785827636719,
      "wall_max_abs_u_pred": 0.3830098509788513,
      "wall_max_abs_v_pred": 0.023354917764663696,
      "pressure_drop_truth": 458.4859924316406,
      "pressure_drop_pred": 472.27520751953125,
      "pressure_drop_rel_error": 0.030075542798500086,
      "inlet_flux_truth": 0.9993339531855148,
      "inlet_flux_pred": 0.9978209730632943,
      "outlet_flux_truth": 0.9986025291565177,
      "outlet_flux_pred": 1.0112653031527827
    }
  ],
  "验证工况指标": [
    {
      "case_id": "C-val",
      "num_points": 1689,
      "rel_l2_u": 0.15321552753448486,
      "rel_l2_v": 0.5796107649803162,
      "rel_l2_p": 0.1263335794210434,
      "rel_l2_speed": 0.15330128371715546,
      "mae_u": 0.12053155153989792,
      "mae_v": 0.002938759746029973,
      "mae_p": 97.64521026611328,
      "wall_max_abs_u_pred": 0.8290207982063293,
      "wall_max_abs_v_pred": 0.05019169673323631,
      "pressure_drop_truth": 1069.1700439453125,
      "pressure_drop_pred": 957.92431640625,
      "pressure_drop_rel_error": 0.10404867604460546,
      "inlet_flux_truth": 0.9993339531855148,
      "inlet_flux_pred": 0.9921127062672122,
      "outlet_flux_truth": 0.9985914423065942,
      "outlet_flux_pred": 1.0139977646619218
    }
  ]
}