{
  "速度阶段验证指标": {
    "rel_l2_u": 0.027850573882460594,
    "rel_l2_v": 0.08544008433818817,
    "rel_l2_p": 0.7103986144065857,
    "rel_l2_speed": 0.027851246297359467,
    "max_speed_err_over_speed_max": 0.0854368582367897,
    "max_p_err_over_p_range": 0.7714226841926575,
    "p95_speed_err_over_speed_max": 0.023021124303340912,
    "p95_p_err_over_p_range": 0.7363949418067932
  },
  "压力阶段验证指标": {
    "rel_l2_u": 0.027850573882460594,
    "rel_l2_v": 0.08544008433818817,
    "rel_l2_p": 0.18451301753520966,
    "rel_l2_speed": 0.027851246297359467,
    "max_speed_err_over_speed_max": 0.0854368582367897,
    "max_p_err_over_p_range": 0.3215438723564148,
    "p95_speed_err_over_speed_max": 0.023021124303340912,
    "p95_p_err_over_p_range": 0.2581041157245636
  },
  "最终训练指标": {
    "rel_l2_u": 0.016305619850754738,
    "rel_l2_v": 0.06550586968660355,
    "rel_l2_p": 0.05389939248561859,
    "rel_l2_speed": 0.016302404925227165,
    "max_speed_err_over_speed_max": 0.07312178611755371,
    "max_p_err_over_p_range": 0.11470919847488403,
    "p95_speed_err_over_speed_max": 0.013384941965341568,
    "p95_p_err_over_p_range": 0.042268056422472
  },
  "最终验证指标": {
    "rel_l2_u": 0.02264496497809887,
    "rel_l2_v": 0.07761423289775848,
    "rel_l2_p": 0.10970044136047363,
    "rel_l2_speed": 0.022646740078926086,
    "max_speed_err_over_speed_max": 0.0703483447432518,
    "max_p_err_over_p_range": 0.15195074677467346,
    "p95_speed_err_over_speed_max": 0.018692921847105026,
    "p95_p_err_over_p_range": 0.13075420260429382
  },
  "训练工况指标": [
    {
      "case_id": "C-base",
      "num_points": 2113,
      "rel_l2_u": 0.015995068475604057,
      "rel_l2_v": 0.04890360310673714,
      "rel_l2_p": 0.0566207617521286,
      "rel_l2_speed": 0.015992067754268646,
      "mae_u": 0.014994042925536633,
      "mae_v": 0.00023445863917004317,
      "mae_p": 13.823616981506348,
      "wall_max_abs_u_pred": 1.555600465508178e-05,
      "wall_max_abs_v_pred": 7.44592853152426e-07,
      "pressure_drop_truth": 415.0580139160156,
      "pressure_drop_pred": 441.46905517578125,
      "pressure_drop_rel_error": 0.06363216797232993,
      "inlet_flux_truth": 0.9993344694501207,
      "inlet_flux_pred": 1.0024186640695754,
      "outlet_flux_truth": 0.9986057934544448,
      "outlet_flux_pred": 0.9944636949641177
    },
    {
      "case_id": "C-train-1",
      "num_points": 2339,
      "rel_l2_u": 0.015967320650815964,
      "rel_l2_v": 0.1025453731417656,
      "rel_l2_p": 0.08078617602586746,
      "rel_l2_speed": 0.015967559069395065,
      "mae_u": 0.01470367144793272,
      "mae_v": 0.00024325055710505694,
      "mae_p": 10.56151294708252,
      "wall_max_abs_u_pred": 8.067710950854234e-06,
      "wall_max_abs_v_pred": 1.656966475138688e-07,
      "pressure_drop_truth": 266.37799072265625,
      "pressure_drop_pred": 248.24684143066406,
      "pressure_drop_rel_error": 0.06806549310926238,
      "inlet_flux_truth": 0.9993344694501207,
      "inlet_flux_pred": 0.9992917660128346,
      "outlet_flux_truth": 0.9987080622554707,
      "outlet_flux_pred": 0.9883441116357927
    },
    {
      "case_id": "C-train-2",
      "num_points": 2113,
      "rel_l2_u": 0.015995068475604057,
      "rel_l2_v": 0.04890360310673714,
      "rel_l2_p": 0.0566207617521286,
      "rel_l2_speed": 0.015992067754268646,
      "mae_u": 0.014994042925536633,
      "mae_v": 0.00023445863917004317,
      "mae_p": 13.823616981506348,
      "wall_max_abs_u_pred": 1.555600465508178e-05,
      "wall_max_abs_v_pred": 7.44592853152426e-07,
      "pressure_drop_truth": 415.0580139160156,
      "pressure_drop_pred": 441.46905517578125,
      "pressure_drop_rel_error": 0.06363216797232993,
      "inlet_flux_truth": 0.9993344694501207,
      "inlet_flux_pred": 1.0024186640695754,
      "outlet_flux_truth": 0.9986057934544448,
      "outlet_flux_pred": 0.9944636949641177
    },
    {
      "case_id": "C-train-3",
      "num_points": 1843,
      "rel_l2_u": 0.02008454129099846,
      "rel_l2_v": 0.06813418120145798,
      "rel_l2_p": 0.0538729764521122,
      "rel_l2_speed": 0.0200762078166008,
      "mae_u": 0.017664650455117226,
      "mae_v": 0.0004703908343799412,
      "mae_p": 33.65810775756836,
      "wall_max_abs_u_pred": 7.720967550994828e-05,
      "wall_max_abs_v_pred": 2.873527137126075e-06,
      "pressure_drop_truth": 985.2530517578125,
      "pressure_drop_pred": 984.2074584960938,
      "pressure_drop_rel_error": 0.0010612433626602648,
      "inlet_flux_truth": 0.9993344694501207,
      "inlet_flux_pred": 0.9990640420896493,
      "outlet_flux_truth": 0.9985955240666415,
      "outlet_flux_pred": 0.994569990143086
    },
    {
      "case_id": "C-train-4",
      "num_points": 2176,
      "rel_l2_u": 0.013875887729227543,
      "rel_l2_v": 0.13240353763103485,
      "rel_l2_p": 0.05203280225396156,
      "rel_l2_speed": 0.013875787146389484,
      "mae_u": 0.011890898458659649,
      "mae_v": 0.00026355168665759265,
      "mae_p": 8.278639793395996,
      "wall_max_abs_u_pred": 4.88633895656676e-06,
      "wall_max_abs_v_pred": 1.2882426858595863e-07,
      "pressure_drop_truth": 297.37701416015625,
      "pressure_drop_pred": 282.7551574707031,
      "pressure_drop_rel_error": 0.04916942464685009,
      "inlet_flux_truth": 0.9993339531855148,
      "inlet_flux_pred": 0.9979736889425849,
      "outlet_flux_truth": 0.998607746543279,
      "outlet_flux_pred": 0.9979300355485824
    },
    {
      "case_id": "C-train-5",
      "num_points": 1914,
      "rel_l2_u": 0.013238910585641861,
      "rel_l2_v": 0.059445496648550034,
      "rel_l2_p": 0.03486007824540138,
      "rel_l2_speed": 0.013237666338682175,
      "mae_u": 0.01166539452970028,
      "mae_v": 0.0002570774231571704,
      "mae_p": 8.298184394836426,
      "wall_max_abs_u_pred": 6.836374723206973e-06,
      "wall_max_abs_v_pred": 4.3873583877029887e-07,
      "pressure_drop_truth": 458.4859924316406,
      "pressure_drop_pred": 472.53265380859375,
      "pressure_drop_rel_error": 0.030637056766892226,
      "inlet_flux_truth": 0.9993339531855148,
      "inlet_flux_pred": 0.9968309401941583,
      "outlet_flux_truth": 0.9986025291565177,
      "outlet_flux_pred": 1.00067965094988
    }
  ],
  "验证工况指标": [
    {
      "case_id": "C-val",
      "num_points": 1689,
      "rel_l2_u": 0.02264496497809887,
      "rel_l2_v": 0.07761423289775848,
      "rel_l2_p": 0.10970044136047363,
      "rel_l2_speed": 0.022646740078926086,
      "mae_u": 0.023423749953508377,
      "mae_v": 0.0005782414227724075,
      "mae_p": 84.65960693359375,
      "wall_max_abs_u_pred": 4.016196544398554e-05,
      "wall_max_abs_v_pred": 1.3030951322434703e-06,
      "pressure_drop_truth": 1069.1700439453125,
      "pressure_drop_pred": 967.588134765625,
      "pressure_drop_rel_error": 0.09501005920895711,
      "inlet_flux_truth": 0.9993339531855148,
      "inlet_flux_pred": 0.9902999223718754,
      "outlet_flux_truth": 0.9985914423065942,
      "outlet_flux_pred": 1.0018179441312147
    }
  ]
}