{
  "速度阶段验证指标": {
    "rel_l2_u": 0.06007345765829086,
    "rel_l2_v": 0.03493933752179146,
    "rel_l2_p": 0.4981328248977661,
    "rel_l2_speed": 0.03606748953461647,
    "max_speed_err_over_speed_max": 0.14806939661502838,
    "max_p_err_over_p_range": 0.5403895974159241,
    "p95_speed_err_over_speed_max": 0.0467781238257885,
    "p95_p_err_over_p_range": 0.49027740955352783
  },
  "压力阶段验证指标": {
    "rel_l2_u": 0.06007345765829086,
    "rel_l2_v": 0.03493933752179146,
    "rel_l2_p": 0.02020128257572651,
    "rel_l2_speed": 0.03606748953461647,
    "max_speed_err_over_speed_max": 0.14806939661502838,
    "max_p_err_over_p_range": 0.04457656294107437,
    "p95_speed_err_over_speed_max": 0.0467781238257885,
    "p95_p_err_over_p_range": 0.022243227809667587
  },
  "最终训练指标": {
    "rel_l2_u": 0.03605874627828598,
    "rel_l2_v": 0.021692289039492607,
    "rel_l2_p": 0.010405265726149082,
    "rel_l2_speed": 0.023625081405043602,
    "max_speed_err_over_speed_max": 0.14433737099170685,
    "max_p_err_over_p_range": 0.034334439784288406,
    "p95_speed_err_over_speed_max": 0.026492958888411522,
    "p95_p_err_over_p_range": 0.011794183403253555
  },
  "最终验证指标": {
    "rel_l2_u": 0.04376997426152229,
    "rel_l2_v": 0.02547909878194332,
    "rel_l2_p": 0.022687075659632683,
    "rel_l2_speed": 0.02751106582581997,
    "max_speed_err_over_speed_max": 0.12919752299785614,
    "max_p_err_over_p_range": 0.03934071585536003,
    "p95_speed_err_over_speed_max": 0.03309158608317375,
    "p95_p_err_over_p_range": 0.024504607543349266
  },
  "训练工况指标": [
    {
      "case_id": "B-base__ip_blunted",
      "num_points": 10493,
      "rel_l2_u": 0.034344855695962906,
      "rel_l2_v": 0.02150292694568634,
      "rel_l2_p": 0.008768381550908089,
      "rel_l2_speed": 0.02288316935300827,
      "mae_u": 0.016568616032600403,
      "mae_v": 0.012672286480665207,
      "mae_p": 0.8307367563247681,
      "wall_max_abs_u_pred": 0.07930302619934082,
      "wall_max_abs_v_pred": 0.055961549282073975,
      "pressure_drop_truth": 234.82809448242188,
      "pressure_drop_pred": 233.08670043945312,
      "pressure_drop_rel_error": 0.007415612032311982,
      "inlet_flux_truth": 0.9986742110685451,
      "inlet_flux_pred": 0.9977006919433484,
      "outlet_flux_truth": 0.9992386690341846,
      "outlet_flux_pred": 0.9966039783489009
    },
    {
      "case_id": "B-train-1__ip_blunted",
      "num_points": 10493,
      "rel_l2_u": 0.034344855695962906,
      "rel_l2_v": 0.02150292694568634,
      "rel_l2_p": 0.008768381550908089,
      "rel_l2_speed": 0.02288316935300827,
      "mae_u": 0.016568616032600403,
      "mae_v": 0.012672286480665207,
      "mae_p": 0.8307367563247681,
      "wall_max_abs_u_pred": 0.07930302619934082,
      "wall_max_abs_v_pred": 0.055961549282073975,
      "pressure_drop_truth": 234.82809448242188,
      "pressure_drop_pred": 233.08670043945312,
      "pressure_drop_rel_error": 0.007415612032311982,
      "inlet_flux_truth": 0.9986742110685451,
      "inlet_flux_pred": 0.9977006919433484,
      "outlet_flux_truth": 0.9992386690341846,
      "outlet_flux_pred": 0.9966039783489009
    },
    {
      "case_id": "B-train-2__ip_blunted",
      "num_points": 9672,
      "rel_l2_u": 0.036747660487890244,
      "rel_l2_v": 0.021193189546465874,
      "rel_l2_p": 0.009935990907251835,
      "rel_l2_speed": 0.023851696401834488,
      "mae_u": 0.017433129251003265,
      "mae_v": 0.012398517690598965,
      "mae_p": 0.9014874696731567,
      "wall_max_abs_u_pred": 0.08722710609436035,
      "wall_max_abs_v_pred": 0.05398184061050415,
      "pressure_drop_truth": 215.9958038330078,
      "pressure_drop_pred": 213.87353515625,
      "pressure_drop_rel_error": 0.009825508825155631,
      "inlet_flux_truth": 0.9986742110685451,
      "inlet_flux_pred": 1.0021392665091224,
      "outlet_flux_truth": 0.9992260705256228,
      "outlet_flux_pred": 0.9998048172804914
    },
    {
      "case_id": "B-train-3__ip_blunted",
      "num_points": 9126,
      "rel_l2_u": 0.039096299558877945,
      "rel_l2_v": 0.022607343271374702,
      "rel_l2_p": 0.01494237408041954,
      "rel_l2_speed": 0.02501140907406807,
      "mae_u": 0.019233090803027153,
      "mae_v": 0.013405982404947281,
      "mae_p": 1.341827630996704,
      "wall_max_abs_u_pred": 0.1040884256362915,
      "wall_max_abs_v_pred": 0.07424777746200562,
      "pressure_drop_truth": 197.17335510253906,
      "pressure_drop_pred": 196.6691131591797,
      "pressure_drop_rel_error": 0.0025573533660120753,
      "inlet_flux_truth": 0.9986742110685451,
      "inlet_flux_pred": 0.993948664996986,
      "outlet_flux_truth": 0.9992261097282835,
      "outlet_flux_pred": 0.9991774135851372
    }
  ],
  "验证工况指标": [
    {
      "case_id": "B-val__ip_blunted",
      "num_points": 8385,
      "rel_l2_u": 0.04376997426152229,
      "rel_l2_v": 0.02547909878194332,
      "rel_l2_p": 0.022687075659632683,
      "rel_l2_speed": 0.02751106582581997,
      "mae_u": 0.022317741066217422,
      "mae_v": 0.015592975541949272,
      "mae_p": 2.053966522216797,
      "wall_max_abs_u_pred": 0.11728638410568237,
      "wall_max_abs_v_pred": 0.08960855007171631,
      "pressure_drop_truth": 187.7733917236328,
      "pressure_drop_pred": 188.93878173828125,
      "pressure_drop_rel_error": 0.006206363979214194,
      "inlet_flux_truth": 0.9986742110685451,
      "inlet_flux_pred": 0.9856026349558595,
      "outlet_flux_truth": 0.9992261489309442,
      "outlet_flux_pred": 0.9968896395088223
    }
  ]
}