{
  "family": "contraction_2d",
  "run_name": "contraction_strict_geometry_uniform10_stagepde_20260503",
  "split_name": "test_dense",
  "eval_cases": [
    "C-test-1",
    "C-test-2"
  ],
  "eval_source": "dense",
  "feature_mode": "geometry",
  "feature_cols": [
    "x_star",
    "y_star",
    "beta",
    "lc_over_w",
    "wall_distance_frac",
    "region_id_norm",
    "eta_norm_star",
    "axial_frac_star",
    "segment_id_norm",
    "center_proximity_star",
    "wall_proximity_star",
    "half_width_ratio_star",
    "inv_half_width_ratio_star",
    "contraction_rate_star"
  ],
  "summary": {
    "num_cases": 2,
    "mean_rel_l2_u": 0.035278781317174435,
    "max_rel_l2_u": 0.05413362383842468,
    "mean_rel_l2_v": 0.07593953609466553,
    "max_rel_l2_v": 0.0930035263299942,
    "mean_rel_l2_p": 0.15638513211160898,
    "max_rel_l2_p": 0.2817823588848114,
    "mean_rel_l2_speed": 0.03527714125812054,
    "max_rel_l2_speed": 0.05413270369172096,
    "mean_mae_u": 0.03406428778544068,
    "max_mae_u": 0.053065408021211624,
    "mean_mae_v": 0.0005916395748499781,
    "max_mae_v": 0.0007984156836755574,
    "mean_mae_p": 220.16041660308838,
    "max_mae_p": 427.4122314453125,
    "mean_pressure_drop_rel_error": 0.20556084829183924,
    "max_pressure_drop_rel_error": 0.3811487342936252,
    "mean_wall_max_abs_u_pred": 6.104530621087179e-05,
    "max_wall_max_abs_u_pred": 7.426210504490882e-05,
    "mean_wall_max_abs_v_pred": 1.3286269791024097e-06,
    "max_wall_max_abs_v_pred": 1.5457579820576939e-06
  },
  "global_metrics": {
    "rel_l2_u": 0.04188443720340729,
    "rel_l2_v": 0.08305710554122925,
    "rel_l2_p": 0.26760104298591614,
    "rel_l2_speed": 0.0418836884200573,
    "max_speed_err_over_speed_max": 0.1141728088259697,
    "max_p_err_over_p_range": 0.3218267560005188,
    "p95_speed_err_over_speed_max": 0.048836253583431244,
    "p95_p_err_over_p_range": 0.29323863983154297
  },
  "case_metrics": [
    {
      "case_id": "C-test-1",
      "num_points": 1900,
      "rel_l2_u": 0.016423938795924187,
      "rel_l2_v": 0.05887554585933685,
      "rel_l2_p": 0.030987905338406563,
      "rel_l2_speed": 0.01642157882452011,
      "mae_u": 0.015063167549669743,
      "mae_v": 0.0003848634660243988,
      "mae_p": 12.908601760864258,
      "wall_max_abs_u_pred": 4.782850737683475e-05,
      "wall_max_abs_v_pred": 1.1114959761471255e-06,
      "pressure_drop_truth": 638.3499755859375,
      "pressure_drop_pred": 657.4832153320312,
      "pressure_drop_rel_error": 0.029972962290053255,
      "inlet_flux_truth": 0.9993342202681574,
      "inlet_flux_pred": 1.0014839186178133,
      "outlet_flux_truth": 0.9985988031622166,
      "outlet_flux_pred": 1.00013171121666
    },
    {
      "case_id": "C-test-2",
      "num_points": 1545,
      "rel_l2_u": 0.05413362383842468,
      "rel_l2_v": 0.0930035263299942,
      "rel_l2_p": 0.2817823588848114,
      "rel_l2_speed": 0.05413270369172096,
      "mae_u": 0.053065408021211624,
      "mae_v": 0.0007984156836755574,
      "mae_p": 427.4122314453125,
      "wall_max_abs_u_pred": 7.426210504490882e-05,
      "wall_max_abs_v_pred": 1.5457579820576939e-06,
      "pressure_drop_truth": 1957.869873046875,
      "pressure_drop_pred": 1211.6302490234375,
      "pressure_drop_rel_error": 0.3811487342936252,
      "inlet_flux_truth": 0.9993339531855148,
      "inlet_flux_pred": 1.003797527001797,
      "outlet_flux_truth": 0.9985859180816705,
      "outlet_flux_pred": 0.9688211166633787
    }
  ],
  "source_run_config": "/root/dev/pinn-platform-v4/model/results/pinn/contraction_strict_geometry_uniform10_stagepde_20260503/config.json"
}