{
  "family": "contraction_2d",
  "run_name": "contraction_strict_geometry_uniform10_stagepde_20260503",
  "split_name": "val_dense",
  "eval_cases": [
    "C-val"
  ],
  "eval_source": "dense",
  "feature_mode": "geometry",
  "feature_cols": [
    "x_star",
    "y_star",
    "beta",
    "lc_over_w",
    "wall_distance_frac",
    "region_id_norm",
    "eta_norm_star",
    "axial_frac_star",
    "segment_id_norm",
    "center_proximity_star",
    "wall_proximity_star",
    "half_width_ratio_star",
    "inv_half_width_ratio_star",
    "contraction_rate_star"
  ],
  "summary": {
    "num_cases": 1,
    "mean_rel_l2_u": 0.028050949797034264,
    "max_rel_l2_u": 0.028050949797034264,
    "mean_rel_l2_v": 0.0664750337600708,
    "max_rel_l2_v": 0.0664750337600708,
    "mean_rel_l2_p": 0.08216091245412827,
    "max_rel_l2_p": 0.08216091245412827,
    "mean_rel_l2_speed": 0.028050512075424194,
    "max_rel_l2_speed": 0.028050512075424194,
    "mean_mae_u": 0.027026662603020668,
    "max_mae_u": 0.027026662603020668,
    "mean_mae_v": 0.0005242164479568601,
    "max_mae_v": 0.0005242164479568601,
    "mean_mae_p": 63.8094367980957,
    "max_mae_p": 63.8094367980957,
    "mean_pressure_drop_rel_error": 0.12374242762090593,
    "max_pressure_drop_rel_error": 0.12374242762090593,
    "mean_wall_max_abs_u_pred": 4.0654071199242026e-05,
    "max_wall_max_abs_u_pred": 4.0654071199242026e-05,
    "mean_wall_max_abs_v_pred": 1.3054078635832411e-06,
    "max_wall_max_abs_v_pred": 1.3054078635832411e-06
  },
  "global_metrics": {
    "rel_l2_u": 0.028050949797034264,
    "rel_l2_v": 0.0664750337600708,
    "rel_l2_p": 0.08216091245412827,
    "rel_l2_speed": 0.028050512075424194,
    "max_speed_err_over_speed_max": 0.0736796036362648,
    "max_p_err_over_p_range": 0.11156810820102692,
    "p95_speed_err_over_speed_max": 0.029009945690631866,
    "p95_p_err_over_p_range": 0.09435195475816727
  },
  "case_metrics": [
    {
      "case_id": "C-val",
      "num_points": 1689,
      "rel_l2_u": 0.028050949797034264,
      "rel_l2_v": 0.0664750337600708,
      "rel_l2_p": 0.08216091245412827,
      "rel_l2_speed": 0.028050512075424194,
      "mae_u": 0.027026662603020668,
      "mae_v": 0.0005242164479568601,
      "mae_p": 63.8094367980957,
      "wall_max_abs_u_pred": 4.0654071199242026e-05,
      "wall_max_abs_v_pred": 1.3054078635832411e-06,
      "pressure_drop_truth": 1069.1700439453125,
      "pressure_drop_pred": 936.8683471679688,
      "pressure_drop_rel_error": 0.12374242762090593,
      "inlet_flux_truth": 0.9993339531855148,
      "inlet_flux_pred": 1.005405207061671,
      "outlet_flux_truth": 0.9985914423065942,
      "outlet_flux_pred": 0.9971547747156893
    }
  ],
  "source_run_config": "/root/dev/pinn-platform-v4/model/results/pinn/contraction_strict_geometry_uniform10_stagepde_20260503/config.json"
}