{
  "速度阶段验证指标": {
    "rel_l2_u": 0.22117376327514648,
    "rel_l2_v": 0.8001552224159241,
    "rel_l2_p": 0.7003747224807739,
    "rel_l2_speed": 0.2211843729019165,
    "max_speed_err_over_speed_max": 0.3197229206562042,
    "max_p_err_over_p_range": 0.7248623371124268,
    "p95_speed_err_over_speed_max": 0.2679431438446045,
    "p95_p_err_over_p_range": 0.7171414494514465
  },
  "压力阶段验证指标": {
    "rel_l2_u": 0.22117376327514648,
    "rel_l2_v": 0.8001552224159241,
    "rel_l2_p": 0.197778582572937,
    "rel_l2_speed": 0.2211843729019165,
    "max_speed_err_over_speed_max": 0.3197229206562042,
    "max_p_err_over_p_range": 0.2915986478328705,
    "p95_speed_err_over_speed_max": 0.2679431438446045,
    "p95_p_err_over_p_range": 0.2841755449771881
  },
  "最终训练指标": {
    "rel_l2_u": 0.519244372844696,
    "rel_l2_v": 0.8962140083312988,
    "rel_l2_p": 0.2089284211397171,
    "rel_l2_speed": 0.5192214250564575,
    "max_speed_err_over_speed_max": 0.6362504363059998,
    "max_p_err_over_p_range": 0.3353680968284607,
    "p95_speed_err_over_speed_max": 0.4941987693309784,
    "p95_p_err_over_p_range": 0.16510166227817535
  },
  "最终验证指标": {
    "rel_l2_u": 0.5571035146713257,
    "rel_l2_v": 0.8558415174484253,
    "rel_l2_p": 0.1674836277961731,
    "rel_l2_speed": 0.5570721626281738,
    "max_speed_err_over_speed_max": 0.5833031535148621,
    "max_p_err_over_p_range": 0.22705040872097015,
    "p95_speed_err_over_speed_max": 0.528303325176239,
    "p95_p_err_over_p_range": 0.2098989188671112
  },
  "训练工况指标": [
    {
      "case_id": "C-base",
      "num_points": 2113,
      "rel_l2_u": 0.4937513768672943,
      "rel_l2_v": 0.8783096075057983,
      "rel_l2_p": 0.2662770450115204,
      "rel_l2_speed": 0.49372801184654236,
      "mae_u": 0.4806824326515198,
      "mae_v": 0.006234683096408844,
      "mae_p": 55.41222381591797,
      "wall_max_abs_u_pred": 1.7239739894866943,
      "wall_max_abs_v_pred": 0.01457881648093462,
      "pressure_drop_truth": 415.0580139160156,
      "pressure_drop_pred": 596.28857421875,
      "pressure_drop_rel_error": 0.4366391064055079,
      "inlet_flux_truth": 0.9993344694501207,
      "inlet_flux_pred": 1.3865391209351312,
      "outlet_flux_truth": 0.9986057934544448,
      "outlet_flux_pred": 0.9953098074030459
    },
    {
      "case_id": "C-train-1",
      "num_points": 2339,
      "rel_l2_u": 0.5250385999679565,
      "rel_l2_v": 1.1380797624588013,
      "rel_l2_p": 0.09955961257219315,
      "rel_l2_speed": 0.525037944316864,
      "mae_u": 0.4221997559070587,
      "mae_v": 0.004218368791043758,
      "mae_p": 16.183612823486328,
      "wall_max_abs_u_pred": 1.8779027462005615,
      "wall_max_abs_v_pred": 0.010027575306594372,
      "pressure_drop_truth": 266.37799072265625,
      "pressure_drop_pred": 284.5512390136719,
      "pressure_drop_rel_error": 0.06822353544192368,
      "inlet_flux_truth": 0.9993344694501207,
      "inlet_flux_pred": 1.3061866612047464,
      "outlet_flux_truth": 0.9987080622554707,
      "outlet_flux_pred": 1.2439447274062434
    },
    {
      "case_id": "C-train-2",
      "num_points": 2113,
      "rel_l2_u": 0.4937513768672943,
      "rel_l2_v": 0.8783096075057983,
      "rel_l2_p": 0.2662770450115204,
      "rel_l2_speed": 0.49372801184654236,
      "mae_u": 0.4806824326515198,
      "mae_v": 0.006234683096408844,
      "mae_p": 55.41222381591797,
      "wall_max_abs_u_pred": 1.7239739894866943,
      "wall_max_abs_v_pred": 0.01457881648093462,
      "pressure_drop_truth": 415.0580139160156,
      "pressure_drop_pred": 596.28857421875,
      "pressure_drop_rel_error": 0.4366391064055079,
      "inlet_flux_truth": 0.9993344694501207,
      "inlet_flux_pred": 1.3865391209351312,
      "outlet_flux_truth": 0.9986057934544448,
      "outlet_flux_pred": 0.9953098074030459
    },
    {
      "case_id": "C-train-3",
      "num_points": 1843,
      "rel_l2_u": 0.5606629252433777,
      "rel_l2_v": 0.8651156425476074,
      "rel_l2_p": 0.19955329596996307,
      "rel_l2_speed": 0.5605960488319397,
      "mae_u": 0.7142224311828613,
      "mae_v": 0.010079012252390385,
      "mae_p": 121.6694107055664,
      "wall_max_abs_u_pred": 1.8179789781570435,
      "wall_max_abs_v_pred": 0.019948774948716164,
      "pressure_drop_truth": 985.2530517578125,
      "pressure_drop_pred": 1305.4931640625,
      "pressure_drop_rel_error": 0.3250333624781364,
      "inlet_flux_truth": 0.9993344694501207,
      "inlet_flux_pred": 1.5942444407241538,
      "outlet_flux_truth": 0.9985955240666415,
      "outlet_flux_pred": 0.6860492360756285
    },
    {
      "case_id": "C-train-4",
      "num_points": 2176,
      "rel_l2_u": 0.5169402956962585,
      "rel_l2_v": 1.3115731477737427,
      "rel_l2_p": 0.07618992030620575,
      "rel_l2_speed": 0.516943633556366,
      "mae_u": 0.4219528138637543,
      "mae_v": 0.0036006243899464607,
      "mae_p": 13.546793937683105,
      "wall_max_abs_u_pred": 1.905171275138855,
      "wall_max_abs_v_pred": 0.010292811319231987,
      "pressure_drop_truth": 297.37701416015625,
      "pressure_drop_pred": 311.8333435058594,
      "pressure_drop_rel_error": 0.04861280010672725,
      "inlet_flux_truth": 0.9993339531855148,
      "inlet_flux_pred": 1.3051288513016035,
      "outlet_flux_truth": 0.998607746543279,
      "outlet_flux_pred": 1.2841490884508802
    },
    {
      "case_id": "C-train-5",
      "num_points": 1914,
      "rel_l2_u": 0.5106300711631775,
      "rel_l2_v": 0.9087507128715515,
      "rel_l2_p": 0.20414705574512482,
      "rel_l2_speed": 0.5106222629547119,
      "mae_u": 0.49022987484931946,
      "mae_v": 0.005470134783536196,
      "mae_p": 45.851104736328125,
      "wall_max_abs_u_pred": 1.8260228633880615,
      "wall_max_abs_v_pred": 0.015127720311284065,
      "pressure_drop_truth": 458.4859924316406,
      "pressure_drop_pred": 615.7678833007812,
      "pressure_drop_rel_error": 0.34304622925331946,
      "inlet_flux_truth": 0.9993339531855148,
      "inlet_flux_pred": 1.383614069134713,
      "outlet_flux_truth": 0.9986025291565177,
      "outlet_flux_pred": 1.062768510679065
    }
  ],
  "验证工况指标": [
    {
      "case_id": "C-val",
      "num_points": 1689,
      "rel_l2_u": 0.5571035146713257,
      "rel_l2_v": 0.8558415174484253,
      "rel_l2_p": 0.1674836277961731,
      "rel_l2_speed": 0.5570721626281738,
      "mae_u": 0.7171432375907898,
      "mae_v": 0.008930793032050133,
      "mae_p": 123.84870910644531,
      "wall_max_abs_u_pred": 1.7493791580200195,
      "wall_max_abs_v_pred": 0.021701663732528687,
      "pressure_drop_truth": 1069.1700439453125,
      "pressure_drop_pred": 1304.04052734375,
      "pressure_drop_rel_error": 0.21967551815401481,
      "inlet_flux_truth": 0.9993339531855148,
      "inlet_flux_pred": 1.5789638425434949,
      "outlet_flux_truth": 0.9985914423065942,
      "outlet_flux_pred": 0.7517056799991269
    }
  ]
}