{
  "速度阶段验证指标": {
    "rel_l2_u": 0.04439670592546463,
    "rel_l2_v": 0.46119776368141174,
    "rel_l2_p": 0.7103986144065857,
    "rel_l2_speed": 0.04438145086169243,
    "max_speed_err_over_speed_max": 0.12545116245746613,
    "max_p_err_over_p_range": 0.7714226841926575,
    "p95_speed_err_over_speed_max": 0.05949321761727333,
    "p95_p_err_over_p_range": 0.7363949418067932
  },
  "压力阶段验证指标": {
    "rel_l2_u": 0.04439670592546463,
    "rel_l2_v": 0.46119776368141174,
    "rel_l2_p": 0.28192734718322754,
    "rel_l2_speed": 0.04438145086169243,
    "max_speed_err_over_speed_max": 0.12545116245746613,
    "max_p_err_over_p_range": 0.4537970721721649,
    "p95_speed_err_over_speed_max": 0.05949321761727333,
    "p95_p_err_over_p_range": 0.4008498787879944
  },
  "最终训练指标": {
    "rel_l2_u": 0.026378093287348747,
    "rel_l2_v": 0.27600765228271484,
    "rel_l2_p": 0.1359110027551651,
    "rel_l2_speed": 0.026369815692305565,
    "max_speed_err_over_speed_max": 0.10543695837259293,
    "max_p_err_over_p_range": 0.32001635432243347,
    "p95_speed_err_over_speed_max": 0.021783193573355675,
    "p95_p_err_over_p_range": 0.11764280498027802
  },
  "最终验证指标": {
    "rel_l2_u": 0.040210481733083725,
    "rel_l2_v": 0.4514124095439911,
    "rel_l2_p": 0.2018929272890091,
    "rel_l2_speed": 0.0401955172419548,
    "max_speed_err_over_speed_max": 0.11679458618164062,
    "max_p_err_over_p_range": 0.31072771549224854,
    "p95_speed_err_over_speed_max": 0.055111113935709,
    "p95_p_err_over_p_range": 0.25597459077835083
  },
  "训练工况指标": [
    {
      "case_id": "C-base",
      "num_points": 2113,
      "rel_l2_u": 0.02451084554195404,
      "rel_l2_v": 0.20454837381839752,
      "rel_l2_p": 0.1042979285120964,
      "rel_l2_speed": 0.02449965476989746,
      "mae_u": 0.02276504412293434,
      "mae_v": 0.0012135491706430912,
      "mae_p": 21.280969619750977,
      "wall_max_abs_u_pred": 1.6975005564745516e-05,
      "wall_max_abs_v_pred": 1.0394148830528138e-06,
      "pressure_drop_truth": 415.0580139160156,
      "pressure_drop_pred": 446.1517333984375,
      "pressure_drop_rel_error": 0.07491415281699251,
      "inlet_flux_truth": 0.9993344694501207,
      "inlet_flux_pred": 1.001639991422022,
      "outlet_flux_truth": 0.9986057934544448,
      "outlet_flux_pred": 0.9950366927594672
    },
    {
      "case_id": "C-train-1",
      "num_points": 2339,
      "rel_l2_u": 0.026600150391459465,
      "rel_l2_v": 0.38450223207473755,
      "rel_l2_p": 0.0961962565779686,
      "rel_l2_speed": 0.02660084329545498,
      "mae_u": 0.02179616130888462,
      "mae_v": 0.0012479445431381464,
      "mae_p": 13.303133964538574,
      "wall_max_abs_u_pred": 8.368393537239172e-06,
      "wall_max_abs_v_pred": 2.0225087382641505e-07,
      "pressure_drop_truth": 266.37799072265625,
      "pressure_drop_pred": 251.00592041015625,
      "pressure_drop_rel_error": 0.05770773430191093,
      "inlet_flux_truth": 0.9993344694501207,
      "inlet_flux_pred": 1.0019773931263392,
      "outlet_flux_truth": 0.9987080622554707,
      "outlet_flux_pred": 0.9870424407692702
    },
    {
      "case_id": "C-train-2",
      "num_points": 2113,
      "rel_l2_u": 0.02451084554195404,
      "rel_l2_v": 0.20454837381839752,
      "rel_l2_p": 0.1042979285120964,
      "rel_l2_speed": 0.02449965476989746,
      "mae_u": 0.02276504412293434,
      "mae_v": 0.0012135491706430912,
      "mae_p": 21.280969619750977,
      "wall_max_abs_u_pred": 1.6975005564745516e-05,
      "wall_max_abs_v_pred": 1.0394148830528138e-06,
      "pressure_drop_truth": 415.0580139160156,
      "pressure_drop_pred": 446.1517333984375,
      "pressure_drop_rel_error": 0.07491415281699251,
      "inlet_flux_truth": 0.9993344694501207,
      "inlet_flux_pred": 1.001639991422022,
      "outlet_flux_truth": 0.9986057934544448,
      "outlet_flux_pred": 0.9950366927594672
    },
    {
      "case_id": "C-train-3",
      "num_points": 1843,
      "rel_l2_u": 0.03292481228709221,
      "rel_l2_v": 0.29690101742744446,
      "rel_l2_p": 0.15816953778266907,
      "rel_l2_speed": 0.03290889039635658,
      "mae_u": 0.027573026716709137,
      "mae_v": 0.0020688646472990513,
      "mae_p": 96.4302749633789,
      "wall_max_abs_u_pred": 7.107762939995155e-05,
      "wall_max_abs_v_pred": 4.508672191150254e-06,
      "pressure_drop_truth": 985.2530517578125,
      "pressure_drop_pred": 935.0869750976562,
      "pressure_drop_rel_error": 0.05091694623087313,
      "inlet_flux_truth": 0.9993344694501207,
      "inlet_flux_pred": 0.9930394465056389,
      "outlet_flux_truth": 0.9985955240666415,
      "outlet_flux_pred": 0.9920583742708593
    },
    {
      "case_id": "C-train-4",
      "num_points": 2176,
      "rel_l2_u": 0.022313863039016724,
      "rel_l2_v": 0.4945024847984314,
      "rel_l2_p": 0.07301439344882965,
      "rel_l2_speed": 0.022314876317977905,
      "mae_u": 0.018976831808686256,
      "mae_v": 0.0011677349684759974,
      "mae_p": 10.543065071105957,
      "wall_max_abs_u_pred": 5.319007414072985e-06,
      "wall_max_abs_v_pred": 1.40346500643318e-07,
      "pressure_drop_truth": 297.37701416015625,
      "pressure_drop_pred": 282.85760498046875,
      "pressure_drop_rel_error": 0.04882492085238247,
      "inlet_flux_truth": 0.9993339531855148,
      "inlet_flux_pred": 0.9927560435485286,
      "outlet_flux_truth": 0.998607746543279,
      "outlet_flux_pred": 0.9952962132355543
    },
    {
      "case_id": "C-train-5",
      "num_points": 1914,
      "rel_l2_u": 0.023207152262330055,
      "rel_l2_v": 0.25072476267814636,
      "rel_l2_p": 0.06803105771541595,
      "rel_l2_speed": 0.023200374096632004,
      "mae_u": 0.02107180655002594,
      "mae_v": 0.0011487340088933706,
      "mae_p": 16.12352752685547,
      "wall_max_abs_u_pred": 7.41708345231018e-06,
      "wall_max_abs_v_pred": 5.822917614750622e-07,
      "pressure_drop_truth": 458.4859924316406,
      "pressure_drop_pred": 467.9418029785156,
      "pressure_drop_rel_error": 0.02062399005196396,
      "inlet_flux_truth": 0.9993339531855148,
      "inlet_flux_pred": 0.9926376168046751,
      "outlet_flux_truth": 0.9986025291565177,
      "outlet_flux_pred": 1.0061429353663112
    }
  ],
  "验证工况指标": [
    {
      "case_id": "C-val",
      "num_points": 1689,
      "rel_l2_u": 0.040210481733083725,
      "rel_l2_v": 0.4514124095439911,
      "rel_l2_p": 0.2018929272890091,
      "rel_l2_speed": 0.0401955172419548,
      "mae_u": 0.03489767387509346,
      "mae_v": 0.002844199538230896,
      "mae_p": 156.75711059570312,
      "wall_max_abs_u_pred": 3.8915106415515766e-05,
      "wall_max_abs_v_pred": 2.0908546503051184e-06,
      "pressure_drop_truth": 1069.1700439453125,
      "pressure_drop_pred": 906.06591796875,
      "pressure_drop_rel_error": 0.15255209112920587,
      "inlet_flux_truth": 0.9993339531855148,
      "inlet_flux_pred": 0.9861927692996656,
      "outlet_flux_truth": 0.9985914423065942,
      "outlet_flux_pred": 1.0135429384447014
    }
  ]
}